order_item_id,order_id,product_id,quantity,discount
LI000001,O001842,P0019,4.0,0.055
LI000002,O002649,P0054,4.0,0.044
LI000003,O001691,P0001,3.0,0.042
LI000004,O003486,P0119,5.0,0.064
LI000005,O005560,P0107,2.0,0.132
LI000006,O001257,P0119,1.0,0.177
LI000007,O004289,P0013,4.0,0.095
LI000008,O005219,P0050,,0.112
LI000009,O006071,P0053,4.0,0.198
LI000010,O003185,P0116,2.0,0.131
LI000011,O001643,P0042,5.0,0.147
LI000012,O003353,P0109,3.0,0.129
LI000013,O005096,P0025,2.0,0.197
LI000014,O005836,P0044,4.0,0.046
LI000015,O000523,P0109,5.0,0.245
LI000016,O004446,P0098,5.0,0.22
LI000017,O006460,P0099,1.0,0.1
LI000018,O005837,P0061,1.0,0.104
LI000019,O001945,P0081,1.0,0.212
LI000020,O003572,P0090,3.0,0.111
LI000021,O001561,P0021,5.0,0.127
LI000022,O004748,P0051,5.0,0.186
LI000023,O004731,P0076,4.0,0.097
LI000024,O003595,P0080,3.0,0.114
LI000025,O005898,P0052,1.0,0.009
LI000026,O000593,P0063,5.0,0.033
LI000027,O003894,P0084,1.0,0.115
LI000028,O002669,P0054,2.0,0.011
LI000029,O005328,P0010,3.0,0.077
LI000030,O003903,P0087,1.0,0.109
LI000031,O000756,P0119,3.0,0.025
LI000032,O001300,P0111,5.0,0.016
LI000033,O000497,P0094,2.0,0.004
LI000034,O004869,P0059,4.0,0.121
LI000035,O002422,P0008,2.0,0.037
LI000036,O001599,P0051,3.0,0.172
LI000037,O004280,P0005,2.0,0.123
LI000038,O004128,P0076,5.0,0.005
LI000039,O004379,P0042,3.0,0.015
LI000040,O004932,P0118,3.0,0.229
LI000041,O005552,P0078,5.0,0.031
LI000042,O003591,P0118,1.0,0.189
LI000043,O004782,P0012,4.0,0.062
LI000044,O000462,P0024,2.0,0.08
LI000045,O004967,P0045,4.0,0.006
LI000046,O000368,P0053,4.0,0.139
LI000047,O002706,P0053,5.0,0.117
LI000048,O003324,P0017,1.0,0.186
LI000049,O000166,P0065,4.0,0.226
LI000050,O003687,P0118,3.0,0.137
LI000051,O004083,P0106,1.0,0.238
LI000052,O003048,P0058,5.0,0.037
LI000053,O001729,P0037,4.0,0.086
LI000054,O004698,P0075,5.0,0.207
LI000055,O003670,P0042,2.0,0.138
LI000056,O003175,P0070,5.0,0.137
LI000057,O002174,P0079,3.0,0.115
LI000058,O000038,P0105,5.0,0.005
LI000059,O004444,P0040,1.0,0.02
LI000060,O005333,P0023,2.0,0.022
LI000061,O002022,P0023,3.0,0.047
LI000062,O000734,P0102,2.0,0.024
LI000063,O004522,P0102,3.0,0.027
LI000064,O005367,P0049,2.0,0.159
LI000065,O000648,P0076,4.0,0.03
LI000066,O006430,P0007,5.0,0.116
LI000067,O003303,P0037,1.0,0.016
LI000068,O000320,P0016,1.0,0.067
LI000069,O004608,P0119,4.0,0.231
LI000070,O006369,P0038,2.0,0.008
LI000071,O002554,P0104,5.0,0.219
LI000072,O003179,P0099,4.0,0.19
LI000073,O001723,P0040,2.0,0.23
LI000074,O001757,P0029,5.0,0.197
LI000075,O003679,P0103,2.0,0.207
LI000076,O003779,P0017,1.0,0.027
LI000077,O005874,P0115,5.0,0.209
LI000078,O002516,P0090,1.0,0.119
LI000079,O005636,P0020,1.0,0.088
LI000080,O003848,P0110,5.0,0.038
LI000081,O000938,P0025,4.0,0.0
LI000082,O000765,P0060,2.0,0.161
LI000083,O006307,P0038,5.0,0.182
LI000084,O000653,P0063,1.0,0.097
LI000085,O004081,P0039,2.0,0.041
LI000086,O003603,P0064,5.0,0.036
LI000087,O002130,P0101,4.0,0.042
LI000088,O004577,P0083,5.0,0.014
LI000089,O003965,P0021,-2.0,0.09
LI000090,O004612,P0032,3.0,0.154
LI000091,O005760,P0028,2.0,0.112
LI000092,O000187,P0103,5.0,0.031
LI000093,O000146,P0105,1.0,0.204
LI000094,O005102,P0012,1.0,0.072
LI000095,O004248,P0111,3.0,0.151
LI000096,O001387,P0079,1.0,0.061
LI000097,O004189,P0092,5.0,0.149
LI000098,O005946,P0120,2.0,0.032
LI000099,O002588,P0085,3.0,0.164
LI000100,O002697,P0080,3.0,0.143
LI000101,O004013,P0023,4.0,0.13
LI000102,O004698,P0116,4.0,0.054
LI000103,O000049,P0090,2.0,0.132
LI000104,O005999,P0015,2.0,0.224
LI000105,O003330,P0101,3.0,0.031
LI000106,O003590,P0012,5.0,0.176
LI000107,O002589,P0004,5.0,0.028
LI000108,O003482,P0035,4.0,0.085
LI000109,O006300,P0095,2.0,0.171
LI000110,O000775,P0061,2.0,0.14
LI000111,O004642,P0027,5.0,0.17
LI000112,O005560,P0096,4.0,0.241
LI000113,O001261,P0033,5.0,0.242
LI000114,O000650,P0013,5.0,0.229
LI000115,O003440,P0037,3.0,0.124
LI000116,O003049,P0044,2.0,0.085
LI000117,O002024,P0002,3.0,0.07
LI000118,O001081,P0038,3.0,0.144
LI000119,O004271,P0037,5.0,0.113
LI000120,O005334,P0059,4.0,0.249
LI000121,O002075,P0114,5.0,0.134
LI000122,O006038,P0120,4.0,0.082
LI000123,O005239,P0069,2.0,0.159
LI000124,O004243,P0018,1.0,0.011
LI000125,O004964,P0048,2.0,0.028
LI000126,O002313,P0081,5.0,0.166
LI000127,O003475,P0066,4.0,0.031
LI000128,O002306,P0049,1.0,0.189
LI000129,O005980,P0106,4.0,0.015
LI000130,O003261,P0058,4.0,0.148
LI000131,O002875,P0035,1.0,0.17
LI000132,O004839,P0078,1.0,0.195
LI000133,O005619,P0115,2.0,0.221
LI000134,O004806,P0076,3.0,0.078
LI000135,O003311,P0058,1.0,0.18
LI000136,O001351,P0097,3.0,0.02
LI000137,O001094,P0007,3.0,0.207
LI000138,O006049,P0103,3.0,0.223
LI000139,O003777,P0109,3.0,0.187
LI000140,O003097,P0009,1.0,0.07
LI000141,O005702,P0069,4.0,0.016
LI000142,O005778,P0004,1.0,0.105
LI000143,O001855,P0032,1.0,0.068
LI000144,O002267,P0005,5.0,0.133
LI000145,O000561,P0056,5.0,0.098
LI000146,O004988,P0056,2.0,0.034
LI000147,O004693,P0116,3.0,0.209
LI000148,O006487,P0044,3.0,0.216
LI000149,O004546,P0072,5.0,0.203
LI000150,O002384,P0013,4.0,0.053
LI000151,O006148,P0004,2.0,0.107
LI000152,O001826,P0052,4.0,0.043
LI000153,O005346,P0075,5.0,0.166
LI000154,O005270,P0015,4.0,0.201
LI000155,O006382,P0120,3.0,0.145
LI000156,O001684,P0110,5.0,0.137
LI000157,O006247,P0082,4.0,0.179
LI000158,O001199,P0084,2.0,0.028
LI000159,O001010,P0001,2.0,0.062
LI000160,O001772,P0065,1.0,0.078
LI000161,O001708,P0011,5.0,0.133
LI000162,O004536,P0093,5.0,0.244
LI000163,O005405,P0061,5.0,0.216
LI000164,O002273,P0093,3.0,0.062
LI000165,O002613,P0088,3.0,0.058
LI000166,O006127,P0084,5.0,0.109
LI000167,O006064,P0094,4.0,0.244
LI000168,O004342,P0063,3.0,0.038
LI000169,O001543,P0038,5.0,0.239
LI000170,O001238,P0069,3.0,0.048
LI000171,O002976,P0045,1.0,0.222
LI000172,O005710,P0074,2.0,0.208
LI000173,O001725,P0070,1.0,0.221
LI000174,O005049,P0068,5.0,0.223
LI000175,O002264,P0004,2.0,0.055
LI000176,O000283,P0071,4.0,0.195
LI000177,O002621,P0048,5.0,0.171
LI000178,O003287,P0097,4.0,0.22
LI000179,O006037,P0009,4.0,0.123
LI000180,O000172,P0090,3.0,0.103
LI000181,O005341,P0115,3.0,0.182
LI000182,O003457,P0116,2.0,0.067
LI000183,O005215,P0047,2.0,0.205
LI000184,O001883,P0105,3.0,0.071
LI000185,O006188,P0085,2.0,0.011
LI000186,O002276,P0060,1.0,0.138
LI000187,O002622,P0052,5.0,0.209
LI000188,O006461,P0086,1.0,0.173
LI000189,O000601,P0033,5.0,0.247
LI000190,O003791,P0058,3.0,0.035
LI000191,O002024,P0097,1.0,0.086
LI000192,O000467,P0048,4.0,0.095
LI000193,O003951,P0005,1.0,0.015
LI000194,O003890,P0085,2.0,0.011
LI000195,O005835,P0027,1.0,0.007
LI000196,O004393,P0041,3.0,0.102
LI000197,O002593,P0001,3.0,0.211
LI000198,O001020,P0051,2.0,0.177
LI000199,O006359,P0016,5.0,0.112
LI000200,O001548,P0099,2.0,0.066
LI000201,O005995,P0100,5.0,0.004
LI000202,O004757,P0108,3.0,0.044
LI000203,O004750,P0032,3.0,0.097
LI000204,O004898,P0093,5.0,0.093
LI000205,O004437,P0103,1.0,0.065
LI000206,O000704,P0047,1.0,0.249
LI000207,O000853,P0023,2.0,0.112
LI000208,O000306,P0015,3.0,0.067
LI000209,O003579,P0026,1.0,0.102
LI000210,O001934,P0037,3.0,0.07
LI000211,O001788,P0089,2.0,0.088
LI000212,O003788,P0055,4.0,0.031
LI000213,O000874,P0002,3.0,0.0
LI000214,O001582,P0076,4.0,0.123
LI000215,O003958,P0019,3.0,0.122
LI000216,O004591,P0032,5.0,0.039
LI000217,O003333,P0087,4.0,0.208
LI000218,O001686,P0069,5.0,0.048
LI000219,O001606,P0055,5.0,0.193
LI000220,O005634,P0089,2.0,0.048
LI000221,O005732,P0099,2.0,0.07
LI000222,O000896,P0056,1.0,0.067
LI000223,O005264,P0029,4.0,0.057
LI000224,O003264,P0102,1.0,0.238
LI000225,O003425,P0109,4.0,0.066
LI000226,O003854,P0084,2.0,0.121
LI000227,O002347,P0111,2.0,0.184
LI000228,O003532,P0036,2.0,0.08
LI000229,O002475,P0116,4.0,0.003
LI000230,O001862,P0071,2.0,0.19
LI000231,O002764,P0086,1.0,0.071
LI000232,O004853,P0082,5.0,0.218
LI000233,O000031,P0053,4.0,0.123
LI000234,O006476,P0085,5.0,0.156
LI000235,O006090,P0086,1.0,0.238
LI000236,O004008,P0039,3.0,0.217
LI000237,O006196,P0076,2.0,0.198
LI000238,O003456,P0011,1.0,0.133
LI000239,O000243,P0120,3.0,0.042
LI000240,O004782,P0076,4.0,0.21
LI000241,O005732,P0090,1.0,0.023
LI000242,O005537,P0030,4.0,0.222
LI000243,O001499,P0079,5.0,0.192
LI000244,O005512,P0072,5.0,0.201
LI000245,O005509,P0107,4.0,0.094
LI000246,O004669,P0053,5.0,0.021
LI000247,O006088,P0082,5.0,0.182
LI000248,O005528,P0074,2.0,0.245
LI000249,O005309,P0008,4.0,0.215
LI000250,O003423,P0102,4.0,0.21
LI000251,O004004,P0099,3.0,0.158
LI000252,O006427,P0020,2.0,0.029
LI000253,O001660,P0012,1.0,0.216
LI000254,O003229,P0113,2.0,0.056
LI000255,O000599,P0067,1.0,0.066
LI000256,O002196,P0084,4.0,0.189
LI000257,O000070,P0050,2.0,0.179
LI000258,O001394,P0012,3.0,0.018
LI000259,O003660,P0054,5.0,0.063
LI000260,O001650,P0088,1.0,0.204
LI000261,O005635,P0080,5.0,0.237
LI000262,O002282,P0054,4.0,0.067
LI000263,O003683,P0074,4.0,0.19
LI000264,O002684,P0019,4.0,0.126
LI000265,O004563,P0105,5.0,0.095
LI000266,O004653,P0014,4.0,0.225
LI000267,O004990,P0052,4.0,0.137
LI000268,O004932,P0078,5.0,0.173
LI000269,O001311,P0022,4.0,0.148
LI000270,O004714,P0004,1.0,0.161
LI000271,O005414,P0111,2.0,0.129
LI000272,O005601,P0116,1.0,0.133
LI000273,O004230,P0059,4.0,0.213
LI000274,O004104,P0034,4.0,0.076
LI000275,O002076,P0064,4.0,0.184
LI000276,O000783,P0018,4.0,0.067
LI000277,O003807,P0098,5.0,0.018
LI000278,O001334,P0082,2.0,0.226
LI000279,O003718,P0104,5.0,0.103
LI000280,O004637,P0031,5.0,0.171
LI000281,O001058,P0106,4.0,0.189
LI000282,O002055,P0084,1.0,0.199
LI000283,O006184,P0100,1.0,0.057
LI000284,O003402,P0042,3.0,0.164
LI000285,O005005,P0074,2.0,0.19
LI000286,O002110,P0003,3.0,0.03
LI000287,O003158,P0085,5.0,0.035
LI000288,O003797,P0100,3.0,0.091
LI000289,O003649,P0055,3.0,0.075
LI000290,O001321,P0010,3.0,0.199
LI000291,O004418,P0071,2.0,0.161
LI000292,O003700,P0022,1.0,0.124
LI000293,O000733,P0023,1.0,0.027
LI000294,O005515,P0076,3.0,0.028
LI000295,O005477,P0103,2.0,0.129
LI000296,O003634,P0013,1.0,0.221
LI000297,O003550,P0040,4.0,0.194
LI000298,O005456,P0013,1.0,0.22
LI000299,O003663,P0097,1.0,0.141
LI000300,O006164,P0095,2.0,0.055
LI000301,O006011,P0112,2.0,0.008
LI000302,O004645,P0051,1.0,0.235
LI000303,O005379,P0064,4.0,0.119
LI000304,O000605,P0092,4.0,0.215
LI000305,O001723,P0083,3.0,0.183
LI000306,O002405,P0085,3.0,0.208
LI000307,O006345,P0096,1.0,0.053
LI000308,O003483,P0090,1.0,0.17
LI000309,O002813,P0013,1.0,0.181
LI000310,O001582,P0029,4.0,0.138
LI000311,O002279,P0071,5.0,0.209
LI000312,O002351,P0047,3.0,0.247
LI000313,O003624,P0026,3.0,0.003
LI000314,O000715,P0070,5.0,0.114
LI000315,O000925,P0096,1.0,0.188
LI000316,O003163,P0100,3.0,0.181
LI000317,O004154,P0118,4.0,0.117
LI000318,O004530,P0023,5.0,0.211
LI000319,O004079,P0116,4.0,0.169
LI000320,O002570,P0075,1.0,0.137
LI000321,O002816,P0056,3.0,0.068
LI000322,O005881,P0085,4.0,0.092
LI000323,O004579,P0019,5.0,0.247
LI000324,O004463,P0098,1.0,0.227
LI000325,O000889,P0113,3.0,0.174
LI000326,O005949,P0111,3.0,0.215
LI000327,O003479,P0116,1.0,0.034
LI000328,O003590,P0050,1.0,0.067
LI000329,O005451,P0108,1.0,0.221
LI000330,O001724,P0035,4.0,0.118
LI000331,O001259,P0049,2.0,0.148
LI000332,O000411,P0095,3.0,0.221
LI000333,O002231,P0046,4.0,0.101
LI000334,O003195,P0093,5.0,0.12
LI000335,O002206,P0070,3.0,0.028
LI000336,O002061,P0100,2.0,0.248
LI000337,O003899,P0053,5.0,0.243
LI000338,O002614,P0031,3.0,0.074
LI000339,O001813,P0096,2.0,0.213
LI000340,O001803,P0104,1.0,0.184
LI000341,O003907,P0084,2.0,0.037
LI000342,O000678,P0022,3.0,0.006
LI000343,O002911,P0067,2.0,0.004
LI000344,O004714,P0008,3.0,0.016
LI000345,O002252,P0109,3.0,0.157
LI000346,O003005,P0019,2.0,0.123
LI000347,O006446,P0031,2.0,0.249
LI000348,O000795,P0032,5.0,0.072
LI000349,O000729,P0079,5.0,0.181
LI000350,O001694,P0055,4.0,0.097
LI000351,O005982,P0103,3.0,0.025
LI000352,O004735,P0031,5.0,0.219
LI000353,O000191,P0067,4.0,0.1
LI000354,O005898,P0051,3.0,0.229
LI000355,O004995,P0096,4.0,0.234
LI000356,O001997,P0074,5.0,0.205
LI000357,O002108,P0092,4.0,0.007
LI000358,O003867,P0027,2.0,0.242
LI000359,O001490,P0048,4.0,0.031
LI000360,O005499,P0110,1.0,0.233
LI000361,O005549,P0104,1.0,0.152
LI000362,O002110,P0043,4.0,0.094
LI000363,O006040,P0095,1.0,0.18
LI000364,O006446,P0051,4.0,0.127
LI000365,O000638,P0098,4.0,0.199
LI000366,O004046,P0069,4.0,0.128
LI000367,O005095,P0075,1.0,0.092
LI000368,O006316,P0071,3.0,0.09
LI000369,O005625,P0072,4.0,0.089
LI000370,O004159,P0081,4.0,0.118
LI000371,O002820,P0108,2.0,0.028
LI000372,O004112,P0050,2.0,0.165
LI000373,O000842,P0061,5.0,0.085
LI000374,O003952,P0103,1.0,0.14
LI000375,O005221,P0041,3.0,0.132
LI000376,O004059,P0051,4.0,0.214
LI000377,O003248,P0078,4.0,0.215
LI000378,O001217,P0024,1.0,0.247
LI000379,O006093,P0030,5.0,0.06
LI000380,O000899,P0115,5.0,0.009
LI000381,O005587,P0052,2.0,0.106
LI000382,O002223,P0050,1.0,0.224
LI000383,O001258,P0057,5.0,0.15
LI000384,O001515,P0062,5.0,0.093
LI000385,O000417,P0079,3.0,0.193
LI000386,O005653,P0117,2.0,0.178
LI000387,O004547,P0053,2.0,0.178
LI000388,O002884,P0068,2.0,0.129
LI000389,O003827,P0077,5.0,0.133
LI000390,O005920,P0069,4.0,0.139
LI000391,O004376,P0031,5.0,0.138
LI000392,O004340,P0076,5.0,0.052
LI000393,O000675,P0030,1.0,0.061
LI000394,O006290,P0113,2.0,0.094
LI000395,O000103,P0010,2.0,0.214
LI000396,O002358,P0094,3.0,0.116
LI000397,O003994,P0090,2.0,0.232
LI000398,O004028,P0044,5.0,0.198
LI000399,O003709,P0006,1.0,0.215
LI000400,O004213,P0027,3.0,0.034
LI000401,O001496,P0020,5.0,0.037
LI000402,O004859,P0092,5.0,0.059
LI000403,O003393,P0020,3.0,0.166
LI000404,O003507,P0012,5.0,0.119
LI000405,O002786,P0109,5.0,0.042
LI000406,O005820,P0085,1.0,0.186
LI000407,O002235,P0094,1.0,0.129
LI000408,O003660,P0049,1.0,0.183
LI000409,O004881,P0052,2.0,0.227
LI000410,O005589,P0010,3.0,0.229
LI000411,O003733,P0115,1.0,0.075
LI000412,O004803,P0005,5.0,0.04
LI000413,O004892,P0064,2.0,0.108
LI000414,O004569,P0058,3.0,0.021
LI000415,O003526,P0101,1.0,0.011
LI000416,O003518,P0008,1.0,0.245
LI000417,O004778,P0030,3.0,0.243
LI000418,O004190,P0017,1.0,0.088
LI000419,O004832,P0067,3.0,0.205
LI000420,O006138,P0021,3.0,0.056
LI000421,O006182,P0016,5.0,0.104
LI000422,O002530,P0096,3.0,0.182
LI000423,O006255,P0027,4.0,0.138
LI000424,O001914,P0115,1.0,0.205
LI000425,O002458,P0006,5.0,0.245
LI000426,O005686,P0042,2.0,0.002
LI000427,O001151,P0016,4.0,0.231
LI000428,O006110,P0045,3.0,0.103
LI000429,O003859,P0003,2.0,0.102
LI000430,O004138,P0118,2.0,0.0
LI000431,O004137,P0040,2.0,0.209
LI000432,O001511,P0020,2.0,0.19
LI000433,O003971,P0104,5.0,0.224
LI000434,O005791,P0007,5.0,0.042
LI000435,O003916,P0059,2.0,0.054
LI000436,O006326,P0011,4.0,0.076
LI000437,O003253,P0093,1.0,0.133
LI000438,O003750,P0052,1.0,0.086
LI000439,O000744,P0003,5.0,0.075
LI000440,O002766,P0021,4.0,0.046
LI000441,O003939,P0053,4.0,0.04
LI000442,O002512,P0096,3.0,0.118
LI000443,O001074,P0030,5.0,0.111
LI000444,O005528,P0103,4.0,0.196
LI000445,O003218,P0011,4.0,0.206
LI000446,O004394,P0081,1.0,0.175
LI000447,O002193,P0025,4.0,0.208
LI000448,O000016,P0050,4.0,0.027
LI000449,O003554,P0089,2.0,0.114
LI000450,O005172,P0009,1.0,0.072
LI000451,O000107,P0045,1.0,0.063
LI000452,O004315,P0029,2.0,0.178
LI000453,O006481,P0062,1.0,0.208
LI000454,O002969,P0015,3.0,0.029
LI000455,O004467,P0019,3.0,0.031
LI000456,O003046,P0015,5.0,0.16
LI000457,O002858,P0039,1.0,0.036
LI000458,O004350,P0035,1.0,0.192
LI000459,O001429,P0120,3.0,0.207
LI000460,O002009,P0104,5.0,0.131
LI000461,O005819,P0013,5.0,0.227
LI000462,O003102,P0016,3.0,0.005
LI000463,O006329,P0067,3.0,0.057
LI000464,O005409,P0117,2.0,0.193
LI000465,O005081,P0095,5.0,0.239
LI000466,O003637,P0055,5.0,0.24
LI000467,O003472,P0065,2.0,0.0
LI000468,O003032,P0035,3.0,0.158
LI000469,O002922,P0016,2.0,0.007
LI000470,O004446,P0001,2.0,0.175
LI000471,O006204,P0050,4.0,0.192
LI000472,O005575,P0014,5.0,0.214
LI000473,O000879,P0062,3.0,0.132
LI000474,O002513,P0007,4.0,0.213
LI000475,O000311,P0023,4.0,0.231
LI000476,O001115,P0099,4.0,0.133
LI000477,O001322,P0063,3.0,0.131
LI000478,O003397,P0029,2.0,0.126
LI000479,O004376,P0022,3.0,0.126
LI000480,O000967,P0080,5.0,0.194
LI000481,O003190,P0093,5.0,0.017
LI000482,O000695,P0006,2.0,0.113
LI000483,O005006,P0082,3.0,0.131
LI000484,O002615,P0029,2.0,0.054
LI000485,O000271,P0089,2.0,0.135
LI000486,O005637,P0109,3.0,0.114
LI000487,O005221,P0120,5.0,0.184
LI000488,O001412,P0002,3.0,0.088
LI000489,O005406,P0108,5.0,0.237
LI000490,O003028,P0064,1.0,0.103
LI000491,O003125,P0096,1.0,0.158
LI000492,O001754,P0036,1.0,0.055
LI000493,O004937,P0096,4.0,0.172
LI000494,O001822,P0105,5.0,0.128
LI000495,O005100,P0020,5.0,0.086
LI000496,O004336,P0055,3.0,0.087
LI000497,O003286,P0037,5.0,0.094
LI000498,O005736,P0106,3.0,0.109
LI000499,O000361,P0102,4.0,0.062
LI000500,O003436,P0097,3.0,0.069
LI000501,O000734,P0052,1.0,0.24
LI000502,O000852,P0069,3.0,0.075
LI000503,O000860,P0070,3.0,0.157
LI000504,O004797,P0022,3.0,0.086
LI000505,O001351,P0085,5.0,0.203
LI000506,O004085,P0083,2.0,0.174
LI000507,O002884,P0107,2.0,0.082
LI000508,O003548,P0015,2.0,0.179
LI000509,O004919,P0098,5.0,0.189
LI000510,O005731,P0047,1.0,0.035
LI000511,O004193,P0071,2.0,0.145
LI000512,O000327,P0081,2.0,0.202
LI000513,O002121,P0108,4.0,0.013
LI000514,O000994,P0108,4.0,0.127
LI000515,O005376,P0069,1.0,0.21
LI000516,O001767,P0052,3.0,0.238
LI000517,O005090,P0039,3.0,0.164
LI000518,O004429,P0002,4.0,0.082
LI000519,O001181,P0091,4.0,0.151
LI000520,O001965,P0045,1.0,0.007
LI000521,O002782,P0024,1.0,0.114
LI000522,O002906,P0105,5.0,0.182
LI000523,O000099,P0061,3.0,0.009
LI000524,O002780,P0111,5.0,0.151
LI000525,O000244,P0092,2.0,0.147
LI000526,O004038,P0111,1.0,0.047
LI000527,O001501,P0065,3.0,0.142
LI000528,O005561,P0053,3.0,0.102
LI000529,O005495,P0116,5.0,0.12
LI000530,O002710,P0021,4.0,0.081
LI000531,O003054,P0092,4.0,0.203
LI000532,O004463,P0067,1.0,0.091
LI000533,O003227,P0094,4.0,0.198
LI000534,O005578,P0001,2.0,0.019
LI000535,O006257,P0059,3.0,0.07
LI000536,O001048,P0115,4.0,0.101
LI000537,O004379,P0116,1.0,0.101
LI000538,O001316,P0109,2.0,0.11
LI000539,O001387,P0047,5.0,0.163
LI000540,O003921,P0109,5.0,0.144
LI000541,O001738,P0018,2.0,0.13
LI000542,O000422,P0113,1.0,0.209
LI000543,O003802,P0033,5.0,0.049
LI000544,O005363,P0015,3.0,0.215
LI000545,O005474,P0024,3.0,0.203
LI000546,O001412,P0036,1.0,0.049
LI000547,O003250,P0060,1.0,0.156
LI000548,O004571,P0034,3.0,0.056
LI000549,O002453,P0090,1.0,0.236
LI000550,O002084,P0051,2.0,0.123
LI000551,O004454,P0040,1.0,0.051
LI000552,O004654,P0022,3.0,0.159
LI000553,O003679,P0016,4.0,0.177
LI000554,O001351,P0104,1.0,0.151
LI000555,O005164,P0042,5.0,0.06
LI000556,O002368,P0016,2.0,0.184
LI000557,O004834,P0005,2.0,0.232
LI000558,O003341,P0115,2.0,0.238
LI000559,O002573,P0006,5.0,0.17
LI000560,O004121,P0042,5.0,0.21
LI000561,O003845,P0088,2.0,0.245
LI000562,O000640,P0030,2.0,0.011
LI000563,O001575,P0101,2.0,0.119
LI000564,O003229,P0032,1.0,0.073
LI000565,O005305,P0053,5.0,0.119
LI000566,O004270,P0019,3.0,0.229
LI000567,O005514,P0051,1.0,0.246
LI000568,O000186,P0109,3.0,0.226
LI000569,O005401,P0028,1.0,0.049
LI000570,O005097,P0047,1.0,0.201
LI000571,O001319,P0072,3.0,0.204
LI000572,O000528,P0107,2.0,0.145
LI000573,O003260,P0001,3.0,0.179
LI000574,O003484,P0068,4.0,0.226
LI000575,O003020,P0057,5.0,0.249
LI000576,O004780,P0022,4.0,0.01
LI000577,O002234,P0086,1.0,0.064
LI000578,O001568,P0094,3.0,0.234
LI000579,O000575,P0058,2.0,0.082
LI000580,O002035,P0091,2.0,0.027
LI000581,O005981,P0091,4.0,0.078
LI000582,O001325,P0013,4.0,0.13
LI000583,O004405,P0039,1.0,0.097
LI000584,O001213,P0027,5.0,0.197
LI000585,O005938,P0039,1.0,0.153
LI000586,O001435,P0102,2.0,0.109
LI000587,O000538,P0072,3.0,0.249
LI000588,O004954,P0012,4.0,0.221
LI000589,O001575,P0024,2.0,0.216
LI000590,O000193,P0018,1.0,0.142
LI000591,O001187,P0119,5.0,0.195
LI000592,O004149,P0015,3.0,0.084
LI000593,O000475,P0060,5.0,0.082
LI000594,O004270,P0016,1.0,0.223
LI000595,O005316,P0097,1.0,0.149
LI000596,O001814,P0074,2.0,0.086
LI000597,O004796,P0047,3.0,0.211
LI000598,O002438,P0024,1.0,0.111
LI000599,O003380,P0045,2.0,0.1
LI000600,O004553,P0019,1.0,0.007
LI000601,O001355,P0091,2.0,0.17
LI000602,O005615,P0109,5.0,0.133
LI000603,O003401,P0041,2.0,0.078
LI000604,O003755,P0031,5.0,0.035
LI000605,O006266,P0085,4.0,0.046
LI000606,O003530,P0016,1.0,0.056
LI000607,O000159,P0023,4.0,0.216
LI000608,O001838,P0078,3.0,0.12
LI000609,O004612,P0023,4.0,0.174
LI000610,O001026,P0041,2.0,0.115
LI000611,O000659,P0018,2.0,0.118
LI000612,O000678,P0036,3.0,0.206
LI000613,O004411,P0012,3.0,0.193
LI000614,O004047,P0120,1.0,0.058
LI000615,O003822,P0101,2.0,0.156
LI000616,O002376,P0075,3.0,0.17
LI000617,O000276,P0069,4.0,0.101
LI000618,O004548,P0051,2.0,0.017
LI000619,O001589,P0085,3.0,0.093
LI000620,O004582,P0032,1.0,0.09
LI000621,O005227,P0093,5.0,0.173
LI000622,O004663,P0071,2.0,0.202
LI000623,O000246,P0036,2.0,0.099
LI000624,O000889,P0040,2.0,0.161
LI000625,O002212,P0091,2.0,0.161
LI000626,O004026,P0070,5.0,0.162
LI000627,O000001,P0038,5.0,0.139
LI000628,O002911,P0054,1.0,0.157
LI000629,O002185,P0004,2.0,0.217
LI000630,O004247,P0046,3.0,0.23
LI000631,O003252,P0063,4.0,0.023
LI000632,O005864,P0099,2.0,0.003
LI000633,O003052,P0074,5.0,0.13
LI000634,O001511,P0118,1.0,0.103
LI000635,O003772,P0102,2.0,0.113
LI000636,O005345,P0050,1.0,0.115
LI000637,O001129,P0030,3.0,0.224
LI000638,O005095,P0106,3.0,0.159
LI000639,O000698,P0073,3.0,0.111
LI000640,O001089,P0016,3.0,0.114
LI000641,O006477,P0052,4.0,0.211
LI000642,O002420,P0004,1.0,0.054
LI000643,O005327,P0026,2.0,0.004
LI000644,O002629,P0029,4.0,0.12
LI000645,O003790,P0092,2.0,0.24
LI000646,O000686,P0011,5.0,0.204
LI000647,O002757,P0092,4.0,0.102
LI000648,O005024,P0108,4.0,0.044
LI000649,O001843,P0096,5.0,0.143
LI000650,O001733,P0024,4.0,0.22
LI000651,O004836,P0051,1.0,0.179
LI000652,O004367,P0042,3.0,0.135
LI000653,O001973,P0039,2.0,0.184
LI000654,O000711,P0007,5.0,0.241
LI000655,O000325,P0018,3.0,0.138
LI000656,O005086,P0003,4.0,0.139
LI000657,O005647,P0063,1.0,0.12
LI000658,O004894,P0108,4.0,0.142
LI000659,O005966,P0110,5.0,0.159
LI000660,O002968,P0020,4.0,0.051
LI000661,O003800,P0098,1.0,0.142
LI000662,O002595,P0094,4.0,0.003
LI000663,O001093,P0073,4.0,0.234
LI000664,O002956,P0074,4.0,0.009
LI000665,O000212,P0070,4.0,0.24
LI000666,O001582,P0017,1.0,0.242
LI000667,O003832,P0079,2.0,0.132
LI000668,O001444,P0097,3.0,0.083
LI000669,O004144,P0120,5.0,0.046
LI000670,O004327,P0059,2.0,0.041
LI000671,O000579,P0054,1.0,0.059
LI000672,O002998,P0013,5.0,0.119
LI000673,O005209,P0042,5.0,0.186
LI000674,O001755,P0044,4.0,0.1
LI000675,O002980,P0119,3.0,0.195
LI000676,O006196,P0086,3.0,0.141
LI000677,O003606,P0080,1.0,0.005
LI000678,O000422,P0098,2.0,0.033
LI000679,O000611,P0067,4.0,0.143
LI000680,O000446,P0072,3.0,0.04
LI000681,O000961,P0020,4.0,0.152
LI000682,O000131,P0047,2.0,0.111
LI000683,O002648,P0024,5.0,0.173
LI000684,O005768,P0051,2.0,0.073
LI000685,O004080,P0018,5.0,0.205
LI000686,O002435,P0023,2.0,0.097
LI000687,O003730,P0001,4.0,0.199
LI000688,O004432,P0115,2.0,0.005
LI000689,O005237,P0066,3.0,0.098
LI000690,O001025,P0005,3.0,0.055
LI000691,O001653,P0018,1.0,0.111
LI000692,O000538,P0080,3.0,0.237
LI000693,O004592,P0074,3.0,0.04
LI000694,O003084,P0117,5.0,0.022
LI000695,O000508,P0093,4.0,0.015
LI000696,O003925,P0035,4.0,0.031
LI000697,O000681,P0025,5.0,0.015
LI000698,O002613,P0106,3.0,0.171
LI000699,O004877,P0024,2.0,0.029
LI000700,O000760,P0013,5.0,0.049
LI000701,O004224,P0021,4.0,0.161
LI000702,O003148,P0106,1.0,0.112
LI000703,O005389,P0107,4.0,0.014
LI000704,O002194,P0039,2.0,0.243
LI000705,O002547,P0034,4.0,0.15
LI000706,O005062,P0019,5.0,0.153
LI000707,O004656,P0028,1.0,0.213
LI000708,O001223,P0091,4.0,0.227
LI000709,O005020,P0114,5.0,0.014
LI000710,O003575,P0090,5.0,0.017
LI000711,O005724,P0011,5.0,0.194
LI000712,O003024,P0049,1.0,0.174
LI000713,O003281,P0035,5.0,0.054
LI000714,O006486,P0084,1.0,0.08
LI000715,O001072,P0076,2.0,0.153
LI000716,O000541,P0057,2.0,0.197
LI000717,O005296,P0028,2.0,0.151
LI000718,O000511,P0066,5.0,0.198
LI000719,O006163,P0065,1.0,0.057
LI000720,O004451,P0073,2.0,0.083
LI000721,O000345,P0022,3.0,0.025
LI000722,O005180,P0120,2.0,0.246
LI000723,O005887,P0051,5.0,0.202
LI000724,O006373,P0104,3.0,0.179
LI000725,O004243,P0091,4.0,0.049
LI000726,O003370,P0009,3.0,0.175
LI000727,O003823,P0071,4.0,0.216
LI000728,O002380,P0036,3.0,0.203
LI000729,O002481,P0054,1.0,0.189
LI000730,O000399,P0112,3.0,0.097
LI000731,O005820,P0038,2.0,0.192
LI000732,O003407,P0114,4.0,0.121
LI000733,O003281,P0066,4.0,0.101
LI000734,O005531,P0043,2.0,0.241
LI000735,O004683,P0005,1.0,0.037
LI000736,O003767,P0081,3.0,0.216
LI000737,O001295,P0037,1.0,0.081
LI000738,O003252,P0058,2.0,0.129
LI000739,O006490,P0063,3.0,0.091
LI000740,O005639,P0099,2.0,0.126
LI000741,O005901,P0051,4.0,0.205
LI000742,O003510,P0072,4.0,0.046
LI000743,O002036,P0043,4.0,0.189
LI000744,O005524,P0067,5.0,0.111
LI000745,O004834,P0067,5.0,0.234
LI000746,O003850,P0065,4.0,0.137
LI000747,O001778,P0062,5.0,0.01
LI000748,O000380,P0088,5.0,0.228
LI000749,O003764,P0109,2.0,0.231
LI000750,O005300,P0063,3.0,0.045
LI000751,O001662,P0030,4.0,0.243
LI000752,O003059,P0106,5.0,0.111
LI000753,O001307,P0090,2.0,0.229
LI000754,O002466,P0038,2.0,0.091
LI000755,O004452,P0107,3.0,0.006
LI000756,O000016,P0104,2.0,0.199
LI000757,O004411,P0051,1.0,0.221
LI000758,O002581,P0107,1.0,0.041
LI000759,O005136,P0038,4.0,0.138
LI000760,O005583,P0108,3.0,0.208
LI000761,O002593,P0114,1.0,0.115
LI000762,O004790,P0067,3.0,0.197
LI000763,O000069,P0077,4.0,0.16
LI000764,O000411,P0100,2.0,0.18
LI000765,O003124,P0105,2.0,0.23
LI000766,O002860,P0048,2.0,0.104
LI000767,O000919,P0012,1.0,0.193
LI000768,O004836,P0020,3.0,0.178
LI000769,O001491,P0103,1.0,0.11
LI000770,O003806,P0108,5.0,0.095
LI000771,O003344,P0072,3.0,0.22
LI000772,O002487,P0117,4.0,0.051
LI000773,O002578,P0111,1.0,0.08
LI000774,O000273,P0002,2.0,0.244
LI000775,O004555,P0075,2.0,0.069
LI000776,O000820,P0120,2.0,0.218
LI000777,O005293,P0085,1.0,0.093
LI000778,O002616,P0101,1.0,0.138
LI000779,O004957,P0055,2.0,0.1
LI000780,O006070,P0006,2.0,0.055
LI000781,O005641,P0083,2.0,0.173
LI000782,O002545,P0094,5.0,0.242
LI000783,O003985,P0110,1.0,0.223
LI000784,O004891,P0103,2.0,0.246
LI000785,O004901,P0108,4.0,0.173
LI000786,O005192,P0062,2.0,0.009
LI000787,O002982,P0049,1.0,0.139
LI000788,O001891,P0100,4.0,0.156
LI000789,O003040,P0084,1.0,0.03
LI000790,O004936,P0054,1.0,0.207
LI000791,O002683,P0118,1.0,0.183
LI000792,O000603,P0010,3.0,0.112
LI000793,O003938,P0024,4.0,0.073
LI000794,O001433,P0097,5.0,0.055
LI000795,O005930,P0029,5.0,0.241
LI000796,O004463,P0119,3.0,0.201
LI000797,O000256,P0094,1.0,0.173
LI000798,O002488,P0100,5.0,0.237
LI000799,O001359,P0109,4.0,0.051
LI000800,O003702,P0006,2.0,0.214
LI000801,O002483,P0058,4.0,0.146
LI000802,O000690,P0111,1.0,0.233
LI000803,O003533,P0078,4.0,0.165
LI000804,O000308,P0057,1.0,0.185
LI000805,O006132,P0003,4.0,0.056
LI000806,O001697,P0024,3.0,0.086
LI000807,O003167,P0019,4.0,0.076
LI000808,O000409,P0102,5.0,0.174
LI000809,O003952,P0098,2.0,0.103
LI000810,O000826,P0009,3.0,0.215
LI000811,O001192,P0030,4.0,0.053
LI000812,O002135,P0096,1.0,0.199
LI000813,O006147,P0077,3.0,0.203
LI000814,O005648,P0082,5.0,0.157
LI000815,O003095,P0044,2.0,0.037
LI000816,O004194,P0053,2.0,0.082
LI000817,O001775,P0086,4.0,0.099
LI000818,O005642,P0068,5.0,0.116
LI000819,O004417,P0060,5.0,0.184
LI000820,O000534,P0023,2.0,0.085
LI000821,O002868,P0061,2.0,0.005
LI000822,O001208,P0007,5.0,0.217
LI000823,O000417,P0044,2.0,0.108
LI000824,O002777,P0055,1.0,0.071
LI000825,O001238,P0075,2.0,0.205
LI000826,O004944,P0039,1.0,0.22
LI000827,O004766,P0059,2.0,0.183
LI000828,O001944,P0106,3.0,0.089
LI000829,O002181,P0105,3.0,0.058
LI000830,O002101,P0098,3.0,0.178
LI000831,O004837,P0005,1.0,0.014
LI000832,O004119,P0042,1.0,0.098
LI000833,O003675,P0089,4.0,0.19
LI000834,O005751,P0092,4.0,0.146
LI000835,O000460,P0014,2.0,0.183
LI000836,O000650,P0027,1.0,0.143
LI000837,O004578,P0016,3.0,0.06
LI000838,O000120,P0091,3.0,0.121
LI000839,O004769,P0002,3.0,0.193
LI000840,O002256,P0019,2.0,0.058
LI000841,O005981,P0023,1.0,0.241
LI000842,O000318,P0041,2.0,0.051
LI000843,O006482,P0014,5.0,0.004
LI000844,O006299,P0047,5.0,0.195
LI000845,O000868,P0115,4.0,0.232
LI000846,O003227,P0063,1.0,0.062
LI000847,O000394,P0090,3.0,0.039
LI000848,O002553,P0008,1.0,0.056
LI000849,O005067,P0027,4.0,0.157
LI000850,O004409,P0111,3.0,0.145
LI000851,O005379,P0040,2.0,0.155
LI000852,O003229,P0028,3.0,0.002
LI000853,O002062,P0068,5.0,0.039
LI000854,O000077,P0061,2.0,0.061
LI000855,O003411,P0038,3.0,0.174
LI000856,O000409,P0075,2.0,0.152
LI000857,O004093,P0108,5.0,0.156
LI000858,O002268,P0024,5.0,0.143
LI000859,O000744,P0028,1.0,0.186
LI000860,O004529,P0041,5.0,0.235
LI000861,O002854,P0018,5.0,0.168
LI000862,O005575,P0049,5.0,0.186
LI000863,O005774,P0085,4.0,0.152
LI000864,O003835,P0026,5.0,0.199
LI000865,O003998,P0003,1.0,0.236
LI000866,O001832,P0077,2.0,0.151
LI000867,O000988,P0038,4.0,0.045
LI000868,O005618,P0092,2.0,0.193
LI000869,O002702,P0014,2.0,0.163
LI000870,O003713,P0001,1.0,0.233
LI000871,O003908,P0092,4.0,0.068
LI000872,O002865,P0100,3.0,0.243
LI000873,O005650,P0118,5.0,0.138
LI000874,O000755,P0114,2.0,0.241
LI000875,O000676,P0011,2.0,0.196
LI000876,O004928,P0107,1.0,0.216
LI000877,O005216,P0040,1.0,0.081
LI000878,O004124,P0004,1.0,0.055
LI000879,O005350,P0034,4.0,0.156
LI000880,O004512,P0065,5.0,0.094
LI000881,O006169,P0056,4.0,0.246
LI000882,O001711,P0010,1.0,0.124
LI000883,O003476,P0081,1.0,0.028
LI000884,O000542,P0071,2.0,0.125
LI000885,O000165,P0103,4.0,0.134
LI000886,O002256,P0064,4.0,0.001
LI000887,O000985,P0013,5.0,0.061
LI000888,O002662,P0022,4.0,0.0
LI000889,O004469,P0056,5.0,0.14
LI000890,O000618,P0065,3.0,0.073
LI000891,O003914,P0092,5.0,0.043
LI000892,O000069,P0097,1.0,0.21
LI000893,O005640,P0013,3.0,0.008
LI000894,O005755,P0001,2.0,0.173
LI000895,O003425,P0038,2.0,0.143
LI000896,O004197,P0119,2.0,0.193
LI000897,O000001,P0058,1.0,0.033
LI000898,O002399,P0025,2.0,0.218
LI000899,O002055,P0042,5.0,0.08
LI000900,O004414,P0085,1.0,0.002
LI000901,O005975,P0033,0.0,0.164
LI000902,O000186,P0057,1.0,0.215
LI000903,O004824,P0037,1.0,0.088
LI000904,O002510,P0118,4.0,0.132
LI000905,O004439,P0057,5.0,0.103
LI000906,O004809,P0098,3.0,0.011
LI000907,O003080,P0062,4.0,0.188
LI000908,O000136,P0003,1.0,0.235
LI000909,O006019,P0030,2.0,0.105
LI000910,O000383,P0119,4.0,0.036
LI000911,O004282,P0067,4.0,0.126
LI000912,O002687,P0063,3.0,0.226
LI000913,O000928,P0082,1.0,0.151
LI000914,O003444,P0023,2.0,0.053
LI000915,O005060,P0072,2.0,0.138
LI000916,O000561,P0073,3.0,0.082
LI000917,O001190,P0066,2.0,0.006
LI000918,O000898,P0061,5.0,0.228
LI000919,O006025,P0002,4.0,0.199
LI000920,O005934,P0027,4.0,0.231
LI000921,O002369,P0048,2.0,0.171
LI000922,O005809,P0103,2.0,0.112
LI000923,O001739,P0063,2.0,0.123
LI000924,O005277,P0100,4.0,0.051
LI000925,O004954,P0005,2.0,0.097
LI000926,O003046,P0001,5.0,0.041
LI000927,O004381,P0022,5.0,0.118
LI000928,O003873,P0074,4.0,0.161
LI000929,O002399,P0109,1.0,0.064
LI000930,O006227,P0024,1.0,0.236
LI000931,O005744,P0059,1.0,0.162
LI000932,O004762,P0079,5.0,0.055
LI000933,O001394,P0097,3.0,0.042
LI000934,O002589,P0050,1.0,0.042
LI000935,O003467,P0023,3.0,0.243
LI000936,O002025,P0078,4.0,0.059
LI000937,O006357,P0018,5.0,0.042
LI000938,O003686,P0089,1.0,0.041
LI000939,O000930,P0022,5.0,0.086
LI000940,O004310,P0044,4.0,0.154
LI000941,O004400,P0044,5.0,0.02
LI000942,O003227,P0037,2.0,0.04
LI000943,O001404,P0007,1.0,0.244
LI000944,O000200,P0090,5.0,0.154
LI000945,O003752,P0024,5.0,0.035
LI000946,O002286,P0077,5.0,0.138
LI000947,O000671,P0041,4.0,0.06
LI000948,O001729,P0070,1.0,0.243
LI000949,O003239,P0085,1.0,0.097
LI000950,O001250,P0071,2.0,0.036
LI000951,O000879,P0018,2.0,0.153
LI000952,O004347,P0079,5.0,0.034
LI000953,O003352,P0072,1.0,0.13
LI000954,O002524,P0060,1.0,0.213
LI000955,O000498,P0052,5.0,0.086
LI000956,O001988,P0080,3.0,0.119
LI000957,O000978,P0049,1.0,0.027
LI000958,O003045,P0067,5.0,0.162
LI000959,O002749,P0045,5.0,0.028
LI000960,O004880,P0009,3.0,0.082
LI000961,O002477,P0116,2.0,0.21
LI000962,O000539,P0111,5.0,0.037
LI000963,O004041,P0026,1.0,0.21
LI000964,O000901,P0026,2.0,0.158
LI000965,O001467,P0030,2.0,0.035
LI000966,O003016,P0027,2.0,0.042
LI000967,O004306,P0080,5.0,0.166
LI000968,O001734,P0112,1.0,0.182
LI000969,O000491,P0115,3.0,0.164
LI000970,O001710,P0004,4.0,0.179
LI000971,O001754,P0051,4.0,0.09
LI000972,O001919,P0083,2.0,0.0
LI000973,O002035,P0098,4.0,0.132
LI000974,O002712,P0070,4.0,0.149
LI000975,O006026,P0109,5.0,0.172
LI000976,O001487,P0079,3.0,0.058
LI000977,O006100,P0010,4.0,0.043
LI000978,O001501,P0118,3.0,0.208
LI000979,O000198,P0106,4.0,0.21
LI000980,O001968,P0036,2.0,0.247
LI000981,O004617,P0046,2.0,0.085
LI000982,O005619,P0104,3.0,0.015
LI000983,O001535,P0006,3.0,0.119
LI000984,O001714,P0108,3.0,0.12
LI000985,O001349,P0104,3.0,0.009
LI000986,O004784,P0070,1.0,0.144
LI000987,O004563,P0079,2.0,0.065
LI000988,O003845,P0093,4.0,0.03
LI000989,O000596,P0089,1.0,0.151
LI000990,O000139,P0083,3.0,0.071
LI000991,O001015,P0078,4.0,0.14
LI000992,O000242,P0003,2.0,0.004
LI000993,O002364,P0050,3.0,0.092
LI000994,O000733,P0042,5.0,0.216
LI000995,O000135,P0110,3.0,0.163
LI000996,O003260,P0078,4.0,0.217
LI000997,O003762,P0054,2.0,0.185
LI000998,O002627,P0103,3.0,0.18
LI000999,O003141,P0039,2.0,0.218
LI001000,O002487,P0085,1.0,0.005
LI001001,O002125,P0118,5.0,0.105
LI001002,O001511,P0055,1.0,0.24
LI001003,O001819,P0011,5.0,0.044
LI001004,O004854,P0114,1.0,0.163
LI001005,O002797,P0074,2.0,0.198
LI001006,O004513,P0079,2.0,0.233
LI001007,O004303,P0030,1.0,0.218
LI001008,O006485,P0108,4.0,0.169
LI001009,O001644,P0119,1.0,0.178
LI001010,O002769,P0081,3.0,0.086
LI001011,O004407,P0118,4.0,0.056
LI001012,O005428,P0056,2.0,0.24
LI001013,O003365,P0029,1.0,0.244
LI001014,O001400,P0017,4.0,0.106
LI001015,O001551,P0033,3.0,0.103
LI001016,O003412,P0102,5.0,0.113
LI001017,O000083,P0021,2.0,0.115
LI001018,O005697,P0111,4.0,0.211
LI001019,O005572,P0115,4.0,0.108
LI001020,O005123,P0078,4.0,0.221
LI001021,O001480,P0010,1.0,0.174
LI001022,O002921,P0106,2.0,0.241
LI001023,O002284,P0087,2.0,0.169
LI001024,O002441,P0103,1.0,0.103
LI001025,O005761,P0039,1.0,0.229
LI001026,O001783,P0078,1.0,0.057
LI001027,O006174,P0047,3.0,0.241
LI001028,O005703,P0086,4.0,0.011
LI001029,O005078,P0052,3.0,0.16
LI001030,O000605,P0041,2.0,0.005
LI001031,O006427,P0092,1.0,0.051
LI001032,O004334,P0047,4.0,0.116
LI001033,O000731,P0073,5.0,0.04
LI001034,O005439,P0087,4.0,0.247
LI001035,O006091,P0071,5.0,0.193
LI001036,O001361,P0088,4.0,0.213
LI001037,O002079,P0043,1.0,0.245
LI001038,O000978,P0037,5.0,0.169
LI001039,O005011,P0073,5.0,0.067
LI001040,O001638,P0064,2.0,0.189
LI001041,O005725,P0102,4.0,0.146
LI001042,O006351,P0071,3.0,0.067
LI001043,O001982,P0060,3.0,0.092
LI001044,O002951,P0087,2.0,0.152
LI001045,O003301,P0025,2.0,0.099
LI001046,O004005,P0119,2.0,0.059
LI001047,O000583,P0110,1.0,0.107
LI001048,O000460,P0115,1.0,0.058
LI001049,O000136,P0022,1.0,0.219
LI001050,O001977,P0118,1.0,0.174
LI001051,O000978,P0043,2.0,0.094
LI001052,O000284,P0071,2.0,0.236
LI001053,O002898,P0070,1.0,0.097
LI001054,O002399,P0036,1.0,0.144
LI001055,O004113,P0046,5.0,0.128
LI001056,O001239,P0022,4.0,0.03
LI001057,O003467,P0035,5.0,0.106
LI001058,O005519,P0113,4.0,0.019
LI001059,O002462,P0047,1.0,0.043
LI001060,O005364,P0033,1.0,0.197
LI001061,O003167,P0085,1.0,0.076
LI001062,O003705,P0075,5.0,0.022
LI001063,O002054,P0013,2.0,0.18
LI001064,O000780,P0056,4.0,0.201
LI001065,O002135,P0067,5.0,0.145
LI001066,O002237,P0013,1.0,0.229
LI001067,O001640,P0050,2.0,0.212
LI001068,O000420,P0120,5.0,0.138
LI001069,O001827,P0105,4.0,0.184
LI001070,O003139,P0057,1.0,0.082
LI001071,O003690,P0098,4.0,0.159
LI001072,O006392,P0028,1.0,0.244
LI001073,O004956,P0104,1.0,0.2
LI001074,O000207,P0098,3.0,0.094
LI001075,O003391,P0096,4.0,0.233
LI001076,O003871,P0087,2.0,0.206
LI001077,O003797,P0088,1.0,0.009
LI001078,O002535,P0065,2.0,0.187
LI001079,O002181,P0024,5.0,0.244
LI001080,O006137,P0067,1.0,0.079
LI001081,O004211,P0081,1.0,0.069
LI001082,O004307,P0007,1.0,0.16
LI001083,O004228,P0074,2.0,0.028
LI001084,O001398,P0083,3.0,0.169
LI001085,O004250,P0024,4.0,0.057
LI001086,O005016,P0009,1.0,0.113
LI001087,O001447,P0114,4.0,0.223
LI001088,O000952,P0015,4.0,0.199
LI001089,O004022,P0113,4.0,0.027
LI001090,O005486,P0056,2.0,0.19
LI001091,O001718,P0086,4.0,0.103
LI001092,O004243,P0017,5.0,0.249
LI001093,O003806,P0019,2.0,0.075
LI001094,O005914,P0009,2.0,0.118
LI001095,O003199,P0064,5.0,0.085
LI001096,O004811,P0057,3.0,0.147
LI001097,O001597,P0038,3.0,0.066
LI001098,O006375,P0083,1.0,0.228
LI001099,O005620,P0008,3.0,0.154
LI001100,O003734,P0006,1.0,0.236
LI001101,O003217,P0049,4.0,0.17
LI001102,O000907,P0102,1.0,0.046
LI001103,O005743,P0045,3.0,0.004
LI001104,O003751,P0021,1.0,0.102
LI001105,O005821,P0120,2.0,0.248
LI001106,O006127,P0093,3.0,0.219
LI001107,O004059,P0034,1.0,0.212
LI001108,O002155,P0012,3.0,0.142
LI001109,O006237,P0039,5.0,0.024
LI001110,O005756,P0096,3.0,0.004
LI001111,O004925,P0006,5.0,0.21
LI001112,O006284,P0081,1.0,0.044
LI001113,O001338,P0032,5.0,0.019
LI001114,O004107,P0060,3.0,0.177
LI001115,O002496,P0008,2.0,0.0
LI001116,O002975,P0038,5.0,0.185
LI001117,O002443,P0093,3.0,0.048
LI001118,O005625,P0095,2.0,0.08
LI001119,O004474,P0019,4.0,0.043
LI001120,O000361,P0117,5.0,0.194
LI001121,O003065,P0055,5.0,0.121
LI001122,O005668,P0009,1.0,0.041
LI001123,O004738,P0052,4.0,0.01
LI001124,O000573,P0028,1.0,0.247
LI001125,O001956,P0062,1.0,0.179
LI001126,O003045,P0048,3.0,0.17
LI001127,O001585,P0114,1.0,0.126
LI001128,O005019,P0115,5.0,0.109
LI001129,O002234,P0039,1.0,0.199
LI001130,O003293,P0104,2.0,0.207
LI001131,O005638,P0053,5.0,0.015
LI001132,O003247,P0095,3.0,0.215
LI001133,O001815,P0063,1.0,0.19
LI001134,O004042,P0019,2.0,0.122
LI001135,O001890,P0033,2.0,0.119
LI001136,O001900,P0064,5.0,0.209
LI001137,O005324,P0026,1.0,0.198
LI001138,O002656,P0045,2.0,0.035
LI001139,O002330,P0001,1.0,0.137
LI001140,O003719,P0075,5.0,0.242
LI001141,O005536,P0066,4.0,0.184
LI001142,O001057,P0117,2.0,0.243
LI001143,O002130,P0035,3.0,0.194
LI001144,O001507,P0077,1.0,0.131
LI001145,O006292,P0103,5.0,0.151
LI001146,O001631,P0098,5.0,0.177
LI001147,O005061,P0098,3.0,0.182
LI001148,O000992,P0099,4.0,0.187
LI001149,O004591,P0096,1.0,0.233
LI001150,O001194,P0045,4.0,0.077
LI001151,O003969,P0076,5.0,0.207
LI001152,O000703,P0033,2.0,0.142
LI001153,O001031,P0082,4.0,0.221
LI001154,O005500,P0069,2.0,0.158
LI001155,O004922,P0083,3.0,0.234
LI001156,O002482,P0031,5.0,0.106
LI001157,O005154,P0091,2.0,0.025
LI001158,O000563,P0064,1.0,0.161
LI001159,O006282,P0106,5.0,0.194
LI001160,O000367,P0102,3.0,0.173
LI001161,O006250,P0114,1.0,0.181
LI001162,O000794,P0015,5.0,0.007
LI001163,O003104,P0046,4.0,0.241
LI001164,O004732,P0120,5.0,0.066
LI001165,O005802,P0048,1.0,0.103
LI001166,O000987,P0068,2.0,0.105
LI001167,O000958,P0083,2.0,0.227
LI001168,O003596,P0085,5.0,0.186
LI001169,O000855,P0040,5.0,0.155
LI001170,O006222,P0001,3.0,0.03
LI001171,O001570,P0020,4.0,0.081
LI001172,O002257,P0022,3.0,0.123
LI001173,O003910,P0054,3.0,0.029
LI001174,O005531,P0077,2.0,0.143
LI001175,O004104,P0105,2.0,0.054
LI001176,O004833,P0065,1.0,0.206
LI001177,O006371,P0015,3.0,0.207
LI001178,O002223,P0061,1.0,0.15
LI001179,O004177,P0079,5.0,0.09
LI001180,O005255,P0014,1.0,0.011
LI001181,O000238,P0069,2.0,0.157
LI001182,O005592,P0049,3.0,0.196
LI001183,O003289,P0006,2.0,0.198
LI001184,O005146,P0041,5.0,0.121
LI001185,O004283,P0031,4.0,0.035
LI001186,O006002,P0116,3.0,0.016
LI001187,O004726,P0090,2.0,0.014
LI001188,O001733,P0064,4.0,0.062
LI001189,O003062,P0089,5.0,0.035
LI001190,O000815,P0051,4.0,0.042
LI001191,O004710,P0059,2.0,0.175
LI001192,O001187,P0055,2.0,0.045
LI001193,O002226,P0117,5.0,0.173
LI001194,O000985,P0049,5.0,0.088
LI001195,O006424,P0103,4.0,0.194
LI001196,O000798,P0040,4.0,0.04
LI001197,O005174,P0015,2.0,0.006
LI001198,O004163,P0070,5.0,0.022
LI001199,O000544,P0065,1.0,0.242
LI001200,O005883,P0105,5.0,0.134
LI001201,O000520,P0007,3.0,0.152
LI001202,O002547,P0062,3.0,0.242
LI001203,O005042,P0054,5.0,0.194
LI001204,O001455,P0052,4.0,0.028
LI001205,O001059,P0051,3.0,0.105
LI001206,O002237,P0004,2.0,0.205
LI001207,O001113,P0001,2.0,0.166
LI001208,O003407,P0105,2.0,0.054
LI001209,O000947,P0066,5.0,0.201
LI001210,O004031,P0112,3.0,0.14
LI001211,O000136,P0098,4.0,0.197
LI001212,O002594,P0035,2.0,0.157
LI001213,O000793,P0110,4.0,0.116
LI001214,O001137,P0077,2.0,0.182
LI001215,O001363,P0081,5.0,0.216
LI001216,O000555,P0010,2.0,0.116
LI001217,O005042,P0067,5.0,0.007
LI001218,O002573,P0068,3.0,0.148
LI001219,O006318,P0089,3.0,0.023
LI001220,O003404,P0101,4.0,0.081
LI001221,O002255,P0107,2.0,0.137
LI001222,O001367,P0102,3.0,0.086
LI001223,O000949,P0093,1.0,0.07
LI001224,O000104,P0065,1.0,0.005
LI001225,O001047,P0051,4.0,0.067
LI001226,O004027,P0030,3.0,0.096
LI001227,O005957,P0039,5.0,0.073
LI001228,O006434,P0119,1.0,0.157
LI001229,O002615,P0010,3.0,0.166
LI001230,O003332,P0093,5.0,0.195
LI001231,O000964,P0044,2.0,0.046
LI001232,O003272,P0032,3.0,0.155
LI001233,O000838,P0044,2.0,0.108
LI001234,O002459,P0063,1.0,0.081
LI001235,O005679,P0061,2.0,0.121
LI001236,O000882,P0065,1.0,0.12
LI001237,O003189,P0041,4.0,0.16
LI001238,O004520,P0081,4.0,0.14
LI001239,O002203,P0119,1.0,0.158
LI001240,O003335,P0012,5.0,0.245
LI001241,O002199,P0002,4.0,0.203
LI001242,O000212,P0073,5.0,0.073
LI001243,O001216,P0076,5.0,0.133
LI001244,O000881,P0060,5.0,0.057
LI001245,O000755,P0025,3.0,0.13
LI001246,O005218,P0100,3.0,0.178
LI001247,O000701,P0118,5.0,0.016
LI001248,O002220,P0061,1.0,0.034
LI001249,O000371,P0108,4.0,0.002
LI001250,O001733,P0114,2.0,0.095
LI001251,O005260,P0099,3.0,0.192
LI001252,O005009,P0022,3.0,0.112
LI001253,O005925,P0097,2.0,0.143
LI001254,O000802,P0119,5.0,0.147
LI001255,O006400,P0114,2.0,0.022
LI001256,O000990,P0056,5.0,0.044
LI001257,O004772,P0021,3.0,0.229
LI001258,O000416,P0055,2.0,0.115
LI001259,O006473,P0040,1.0,0.105
LI001260,O002966,P0051,4.0,0.188
LI001261,O003338,P0022,4.0,0.011
LI001262,O003613,P0028,4.0,0.21
LI001263,O005259,P0004,2.0,0.168
LI001264,O005058,P0026,5.0,0.036
LI001265,O001621,P0087,3.0,0.016
LI001266,O001536,P0112,4.0,0.001
LI001267,O004345,P0113,2.0,0.074
LI001268,O005983,P0060,4.0,0.081
LI001269,O002793,P0023,5.0,0.044
LI001270,O006452,P0041,1.0,0.072
LI001271,O000573,P0058,1.0,0.141
LI001272,O005905,P0008,3.0,0.028
LI001273,O004894,P0116,1.0,0.05
LI001274,O005097,P0096,1.0,0.14
LI001275,O004857,P0051,2.0,0.176
LI001276,O003656,P0103,2.0,0.233
LI001277,O000293,P0061,3.0,0.128
LI001278,O004294,P0108,3.0,0.028
LI001279,O000080,P0001,2.0,0.148
LI001280,O005505,P0120,1.0,0.249
LI001281,O004233,P0030,5.0,0.221
LI001282,O004309,P0092,1.0,0.195
LI001283,O001863,P0017,1.0,0.184
LI001284,O000619,P0023,5.0,0.189
LI001285,O000960,P0102,3.0,0.023
LI001286,O003279,P0024,2.0,0.13
LI001287,O003736,P0086,3.0,0.172
LI001288,O002214,P0069,3.0,0.018
LI001289,O003575,P0089,3.0,0.229
LI001290,O003997,P0052,2.0,0.032
LI001291,O002478,P0071,3.0,0.022
LI001292,O003252,P0118,3.0,0.031
LI001293,O002169,P0058,4.0,0.106
LI001294,O003246,P0022,1.0,0.136
LI001295,O002379,P0059,4.0,0.024
LI001296,O001723,P0044,2.0,0.196
LI001297,O001162,P0037,5.0,0.05
LI001298,O001890,P0034,5.0,0.14
LI001299,O002041,P0100,4.0,0.123
LI001300,O003972,P0113,4.0,0.226
LI001301,O003402,P0057,4.0,0.223
LI001302,O003310,P0057,1.0,0.06
LI001303,O005650,P0040,2.0,0.135
LI001304,O001100,P0020,3.0,0.246
LI001305,O004019,P0101,4.0,0.083
LI001306,O001689,P0017,1.0,0.018
LI001307,O004133,P0052,5.0,0.18
LI001308,O000845,P0004,5.0,0.126
LI001309,O005778,P0063,5.0,0.235
LI001310,O001644,P0117,4.0,0.144
LI001311,O002334,P0050,5.0,0.128
LI001312,O001264,P0082,5.0,0.229
LI001313,O002935,P0092,5.0,0.095
LI001314,O003686,P0050,3.0,0.149
LI001315,O006364,P0016,5.0,0.211
LI001316,O006140,P0107,1.0,0.149
LI001317,O000216,P0072,4.0,0.074
LI001318,O004777,P0061,3.0,0.14
LI001319,O003658,P0044,3.0,0.108
LI001320,O002341,P0018,4.0,0.246
LI001321,O005909,P0118,5.0,0.013
LI001322,O001508,P0050,5.0,0.192
LI001323,O002091,P0093,2.0,0.006
LI001324,O003379,P0104,5.0,0.151
LI001325,O001117,P0080,1.0,0.108
LI001326,O005389,P0030,5.0,0.228
LI001327,O005741,P0049,4.0,0.135
LI001328,O002741,P0098,5.0,0.207
LI001329,O005335,P0094,4.0,0.168
LI001330,O005055,P0021,3.0,0.112
LI001331,O002162,P0022,2.0,0.084
LI001332,O003257,P0047,3.0,0.029
LI001333,O002969,P0025,4.0,0.003
LI001334,O001149,P0086,2.0,0.0
LI001335,O003177,P0056,3.0,0.056
LI001336,O006381,P0064,5.0,0.14
LI001337,O005925,P0028,5.0,0.244
LI001338,O004254,P0103,2.0,0.176
LI001339,O005004,P0033,3.0,0.018
LI001340,O005625,P0066,1.0,0.161
LI001341,O003346,P0004,1.0,0.121
LI001342,O003962,P0080,1.0,0.159
LI001343,O001141,P0012,3.0,0.156
LI001344,O002934,P0017,3.0,0.036
LI001345,O005656,P0120,3.0,0.23
LI001346,O002108,P0036,4.0,0.139
LI001347,O002449,P0016,1.0,0.175
LI001348,O005994,P0103,1.0,0.097
LI001349,O000828,P0023,1.0,0.031
LI001350,O005897,P0072,4.0,0.173
LI001351,O001204,P0009,4.0,0.236
LI001352,O003304,P0078,3.0,0.145
LI001353,O000845,P0055,1.0,0.05
LI001354,O002972,P0073,1.0,0.156
LI001355,O001269,P0064,5.0,0.107
LI001356,O004734,P0047,5.0,0.1
LI001357,O004745,P0117,5.0,0.228
LI001358,O006357,P0090,4.0,0.184
LI001359,O001630,P0100,3.0,0.127
LI001360,O003531,P0067,2.0,0.104
LI001361,O005086,P0118,1.0,0.061
LI001362,O000804,P0010,5.0,0.086
LI001363,O000128,P0089,1.0,0.135
LI001364,O000952,P0004,1.0,0.012
LI001365,O002265,P0030,1.0,0.089
LI001366,O000020,P0114,3.0,0.124
LI001367,O003639,P0011,1.0,0.152
LI001368,O001782,P0051,3.0,0.186
LI001369,O003835,P0019,2.0,0.003
LI001370,O003132,P0114,2.0,0.074
LI001371,O004771,P0013,4.0,0.065
LI001372,O004835,P0057,1.0,0.13
LI001373,O000557,P0100,5.0,0.117
LI001374,O002245,P0003,4.0,0.02
LI001375,O002984,P0112,4.0,0.19
LI001376,O003564,P0078,2.0,0.172
LI001377,O002726,P0074,5.0,0.205
LI001378,O004600,P0038,1.0,0.028
LI001379,O005367,P0104,1.0,0.127
LI001380,O004834,P0027,2.0,0.151
LI001381,O004888,P0088,3.0,0.012
LI001382,O003332,P0080,2.0,0.24
LI001383,O005467,P0010,5.0,0.199
LI001384,O000197,P0118,3.0,0.061
LI001385,O005227,P0053,5.0,0.157
LI001386,O002829,P0027,1.0,0.036
LI001387,O004840,P0007,3.0,0.218
LI001388,O003989,P0115,5.0,0.025
LI001389,O005733,P0092,1.0,0.226
LI001390,O005280,P0090,5.0,0.207
LI001391,O002470,P0082,3.0,0.12
LI001392,O001631,P0013,1.0,0.163
LI001393,O006048,P0072,5.0,0.061
LI001394,O003279,P0091,4.0,0.096
LI001395,O002039,P0060,3.0,0.054
LI001396,O005433,P0014,3.0,0.132
LI001397,O002480,P0105,3.0,0.08
LI001398,O005022,P0044,1.0,0.088
LI001399,O004331,P0070,3.0,0.111
LI001400,O006471,P0084,5.0,0.218
LI001401,O004575,P0118,4.0,0.137
LI001402,O002476,P0028,5.0,0.202
LI001403,O004762,P0023,5.0,0.212
LI001404,O005220,P0012,3.0,0.061
LI001405,O003310,P0024,4.0,0.194
LI001406,O003179,P0051,4.0,0.162
LI001407,O001388,P0108,4.0,0.127
LI001408,O000642,P0022,4.0,0.022
LI001409,O005613,P0062,2.0,0.143
LI001410,O000575,P0026,4.0,0.039
LI001411,O003145,P0086,3.0,0.204
LI001412,O001722,P0058,4.0,0.234
LI001413,O001019,P0071,5.0,0.12
LI001414,O005424,P0015,2.0,0.11
LI001415,O004059,P0112,5.0,0.122
LI001416,O003421,P0094,3.0,0.017
LI001417,O000400,P0068,3.0,0.059
LI001418,O004691,P0006,4.0,0.235
LI001419,O001457,P0112,3.0,0.086
LI001420,O001596,P0111,2.0,0.148
LI001421,O000117,P0002,5.0,0.162
LI001422,O000383,P0031,3.0,0.219
LI001423,O004955,P0024,3.0,0.06
LI001424,O002130,P0035,2.0,0.223
LI001425,O001851,P0047,1.0,0.098
LI001426,O000832,P0031,1.0,0.23
LI001427,O004969,P0089,2.0,0.103
LI001428,O002701,P0072,3.0,0.026
LI001429,O002782,P0076,2.0,0.013
LI001430,O003482,P0118,2.0,0.242
LI001431,O002118,P0002,1.0,0.03
LI001432,O004483,P0079,4.0,0.135
LI001433,O002007,P0104,3.0,0.132
LI001434,O002572,P0059,5.0,0.1
LI001435,O000297,P0096,2.0,0.105
LI001436,O000719,P0063,1.0,0.119
LI001437,O003137,P0118,4.0,0.025
LI001438,O005695,P0075,3.0,0.198
LI001439,O006322,P0017,2.0,0.094
LI001440,O006063,P0054,1.0,0.061
LI001441,O003080,P0021,2.0,0.08
LI001442,O005279,P0022,5.0,0.153
LI001443,O000011,P0097,3.0,0.194
LI001444,O004881,P0116,3.0,0.038
LI001445,O000411,P0055,3.0,0.148
LI001446,O002940,P0029,3.0,0.106
LI001447,O002655,P0079,1.0,0.215
LI001448,O006299,P0021,5.0,0.237
LI001449,O005326,P0118,2.0,0.17
LI001450,O003187,P0002,1.0,0.147
LI001451,O003451,P0120,4.0,0.195
LI001452,O000599,P0042,3.0,0.124
LI001453,O000824,P0052,3.0,0.014
LI001454,O002398,P0038,2.0,0.175
LI001455,O005218,P0003,3.0,0.145
LI001456,O004115,P0025,3.0,0.038
LI001457,O000313,P0077,2.0,0.053
LI001458,O002975,P0088,5.0,0.058
LI001459,O003739,P0062,1.0,0.183
LI001460,O002493,P0095,5.0,0.13
LI001461,O001946,P0015,2.0,0.012
LI001462,O000231,P0070,3.0,0.209
LI001463,O003741,P0105,3.0,0.161
LI001464,O002673,P0010,5.0,0.183
LI001465,O003455,P0073,4.0,0.234
LI001466,O003584,P0114,1.0,0.065
LI001467,O000044,P0105,3.0,0.147
LI001468,O002925,P0120,2.0,0.19
LI001469,O003694,P0114,5.0,0.128
LI001470,O002271,P0105,1.0,0.122
LI001471,O003458,P0069,4.0,0.232
LI001472,O002950,P0109,3.0,0.061
LI001473,O005385,P0044,5.0,0.163
LI001474,O002319,P0041,3.0,0.243
LI001475,O006356,P0083,5.0,0.055
LI001476,O005616,P0020,4.0,0.116
LI001477,O003386,P0097,2.0,0.244
LI001478,O005507,P0107,2.0,0.009
LI001479,O002295,P0037,1.0,0.157
LI001480,O002996,P0095,3.0,0.101
LI001481,O003639,P0039,3.0,0.193
LI001482,O004917,P0077,3.0,0.081
LI001483,O006216,P0119,2.0,0.093
LI001484,O003368,P0102,1.0,0.129
LI001485,O003285,P0109,2.0,0.086
LI001486,O002343,P0070,5.0,0.065
LI001487,O000171,P0111,3.0,0.089
LI001488,O004342,P0008,5.0,0.227
LI001489,O005261,P0043,4.0,0.086
LI001490,O001640,P0010,5.0,0.225
LI001491,O000617,P0041,5.0,0.051
LI001492,O000240,P0004,5.0,0.168
LI001493,O006053,P0078,2.0,0.186
LI001494,O006455,P0004,5.0,0.028
LI001495,O005536,P0024,3.0,0.136
LI001496,O004494,P0111,1.0,0.003
LI001497,O001857,P0021,4.0,0.232
LI001498,O000923,P0010,3.0,0.131
LI001499,O004888,P0046,1.0,0.009
LI001500,O006003,P0089,3.0,0.171
LI001501,O001905,P0070,5.0,0.221
LI001502,O006166,P0080,4.0,0.184
LI001503,O003150,P0044,3.0,0.033
LI001504,O000813,P0092,4.0,0.135
LI001505,O005000,P0100,2.0,0.183
LI001506,O001731,P0033,2.0,0.2
LI001507,O000832,P0094,5.0,0.004
LI001508,O003425,P0036,5.0,0.071
LI001509,O005491,P0025,2.0,0.221
LI001510,O006063,P0013,3.0,0.065
LI001511,O005141,P0039,1.0,0.118
LI001512,O002208,P0079,1.0,0.174
LI001513,O004840,P0038,2.0,0.246
LI001514,O003433,P0030,1.0,0.106
LI001515,O004909,P0014,3.0,0.126
LI001516,O005676,P0050,1.0,0.14
LI001517,O003369,P0068,1.0,0.059
LI001518,O005472,P0001,2.0,0.092
LI001519,O002228,P0061,4.0,0.109
LI001520,O005747,P0003,4.0,0.005
LI001521,O002261,P0109,3.0,0.002
LI001522,O004626,P0050,4.0,0.056
LI001523,O005515,P0061,5.0,0.128
LI001524,O006171,P0036,2.0,0.239
LI001525,O005035,P0004,4.0,0.243
LI001526,O002918,P0043,1.0,0.162
LI001527,O003521,P0014,4.0,0.207
LI001528,O004381,P0089,2.0,0.225
LI001529,O002709,P0103,1.0,0.21
LI001530,O001821,P0067,1.0,0.136
LI001531,O000649,P0007,2.0,0.176
LI001532,O000189,P0008,3.0,0.001
LI001533,O005822,P0044,3.0,0.162
LI001534,O001223,P0064,2.0,0.106
LI001535,O005222,P0007,2.0,0.161
LI001536,O000479,P0120,2.0,0.174
LI001537,O006140,P0048,1.0,0.024
LI001538,O003063,P0062,1.0,0.219
LI001539,O002026,P0025,2.0,0.044
LI001540,O004613,P0081,1.0,0.003
LI001541,O001889,P0090,5.0,0.107
LI001542,O001551,P0118,2.0,0.022
LI001543,O005637,P0068,1.0,0.239
LI001544,O006374,P0064,3.0,0.071
LI001545,O002917,P0113,2.0,0.056
LI001546,O005234,P0018,2.0,0.065
LI001547,O005636,P0004,2.0,0.071
LI001548,O003256,P0017,4.0,0.016
LI001549,O005845,P0047,2.0,0.135
LI001550,O002807,P0118,3.0,0.005
LI001551,O000034,P0081,1.0,0.187
LI001552,O000296,P0045,2.0,0.192
LI001553,O002501,P0089,5.0,0.1
LI001554,O003780,P0058,1.0,0.243
LI001555,O003577,P0003,3.0,0.195
LI001556,O001430,P0012,4.0,0.031
LI001557,O005247,P0091,3.0,0.245
LI001558,O002190,P0017,4.0,0.211
LI001559,O001988,P0118,1.0,0.176
LI001560,O004744,P0022,4.0,0.163
LI001561,O006272,P0039,1.0,0.151
LI001562,O002883,P0039,3.0,0.248
LI001563,O001710,P0107,3.0,0.12
LI001564,O002778,P0112,4.0,0.041
LI001565,O003698,P0100,5.0,0.074
LI001566,O001548,P0016,3.0,0.094
LI001567,O000463,P0101,4.0,0.079
LI001568,O003316,P0051,2.0,0.008
LI001569,O005306,P0118,1.0,0.018
LI001570,O003305,P0029,2.0,0.001
LI001571,O000514,P0078,2.0,0.17
LI001572,O004097,P0071,2.0,0.166
LI001573,O005359,P0041,4.0,0.017
LI001574,O005175,P0057,3.0,0.079
LI001575,O003567,P0028,2.0,0.071
LI001576,O003804,P0077,4.0,0.113
LI001577,O003688,P0080,3.0,0.09
LI001578,O003939,P0021,1.0,0.205
LI001579,O003490,P0004,3.0,0.221
LI001580,O001472,P0103,3.0,0.052
LI001581,O000338,P0099,2.0,0.03
LI001582,O003082,P0116,4.0,0.21
LI001583,O003413,P0015,5.0,0.125
LI001584,O005224,P0053,1.0,0.081
LI001585,O002393,P0090,4.0,0.013
LI001586,O000977,P0046,2.0,0.152
LI001587,O004979,P0007,4.0,0.052
LI001588,O002246,P0018,5.0,0.009
LI001589,O005134,P0089,1.0,0.111
LI001590,O004069,P0101,3.0,0.149
LI001591,O001704,P0021,1.0,0.043
LI001592,O000872,P0116,5.0,0.163
LI001593,O003410,P0008,1.0,0.047
LI001594,O002590,P0059,1.0,0.005
LI001595,O004553,P0020,2.0,0.037
LI001596,O001550,P0082,3.0,0.147
LI001597,O003508,P0117,5.0,0.159
LI001598,O004462,P0083,2.0,0.216
LI001599,O002622,P0116,1.0,0.016
LI001600,O002530,P0067,1.0,0.238
LI001601,O002158,P0055,4.0,0.13
LI001602,O002357,P0062,2.0,0.061
LI001603,O000160,P0102,5.0,0.091
LI001604,O004940,P0018,5.0,0.014
LI001605,O002103,P0091,5.0,0.028
LI001606,O002809,P0079,5.0,0.221
LI001607,O002000,P0110,1.0,0.026
LI001608,O006400,P0056,1.0,0.014
LI001609,O002582,P0085,2.0,0.15
LI001610,O002994,P0022,3.0,0.096
LI001611,O005735,P0008,5.0,0.101
LI001612,O002935,P0011,1.0,0.03
LI001613,O002312,P0107,2.0,0.011
LI001614,O002796,P0012,5.0,0.216
LI001615,O004329,P0048,3.0,0.097
LI001616,O004329,P0103,5.0,0.028
LI001617,O003589,P0063,4.0,0.05
LI001618,O003117,P0027,5.0,0.026
LI001619,O004654,P0035,4.0,0.12
LI001620,O003748,P0002,3.0,0.201
LI001621,O001950,P0099,4.0,0.098
LI001622,O001460,P0095,3.0,0.155
LI001623,O004431,P0008,2.0,0.169
LI001624,O002452,P0020,4.0,0.178
LI001625,O004352,P0008,5.0,0.151
LI001626,O005186,P0063,5.0,0.139
LI001627,O003068,P0068,2.0,0.12
LI001628,O004091,P0031,1.0,0.118
LI001629,O002989,P0119,3.0,0.083
LI001630,O000772,P0032,1.0,0.126
LI001631,O005042,P0013,1.0,0.12
LI001632,O001112,P0086,2.0,0.08
LI001633,O003312,P0026,2.0,0.075
LI001634,O004407,P0081,4.0,0.112
LI001635,O001595,P0029,4.0,0.201
LI001636,O002730,P0091,4.0,0.062
LI001637,O001282,P0120,4.0,0.211
LI001638,O005678,P0086,4.0,0.181
LI001639,O003586,P0018,5.0,0.065
LI001640,O006273,P0069,2.0,0.003
LI001641,O002829,P0012,3.0,0.019
LI001642,O002374,P0002,3.0,0.221
LI001643,O004886,P0042,3.0,0.202
LI001644,O006161,P0007,3.0,0.095
LI001645,O000342,P0047,3.0,0.015
LI001646,O005099,P0090,5.0,0.203
LI001647,O004934,P0054,2.0,0.064
LI001648,O004724,P0103,4.0,0.238
LI001649,O002819,P0015,4.0,0.131
LI001650,O002926,P0112,4.0,0.179
LI001651,O001273,P0118,2.0,0.115
LI001652,O000710,P0058,2.0,0.007
LI001653,O000739,P0033,5.0,0.016
LI001654,O006321,P0111,5.0,0.244
LI001655,O001779,P0067,4.0,0.103
LI001656,O005042,P0063,2.0,0.046
LI001657,O004591,P0106,4.0,0.18
LI001658,O004131,P0048,5.0,0.221
LI001659,O005527,P0066,4.0,0.067
LI001660,O006088,P0081,5.0,0.143
LI001661,O003719,P0065,1.0,0.061
LI001662,O004914,P0036,3.0,0.206
LI001663,O000010,P0107,1.0,0.022
LI001664,O005082,P0017,4.0,0.093
LI001665,O001738,P0002,4.0,0.095
LI001666,O002579,P0033,2.0,0.159
LI001667,O001559,P0093,3.0,0.045
LI001668,O002143,P0006,5.0,0.119
LI001669,O002624,P0043,4.0,0.138
LI001670,O004001,P0100,5.0,0.223
LI001671,O004546,P0088,5.0,0.132
LI001672,O005340,P0011,5.0,0.033
LI001673,O002144,P0005,1.0,0.025
LI001674,O000865,P0030,5.0,0.231
LI001675,O001801,P0010,2.0,0.245
LI001676,O003453,P0101,1.0,0.042
LI001677,O002717,P0091,1.0,0.188
LI001678,O004303,P0091,4.0,0.063
LI001679,O001810,P0024,3.0,0.208
LI001680,O004946,P0059,3.0,0.024
LI001681,O004342,P0118,4.0,0.109
LI001682,O005831,P0118,3.0,0.149
LI001683,O001998,P0067,5.0,0.213
LI001684,O002932,P0061,2.0,0.214
LI001685,O002131,P0102,5.0,0.046
LI001686,O004413,P0026,3.0,0.242
LI001687,O002693,P0109,3.0,0.16
LI001688,O003177,P0112,2.0,0.165
LI001689,O002797,P0039,1.0,0.222
LI001690,O005816,P0082,1.0,0.08
LI001691,O006324,P0003,2.0,0.104
LI001692,O005903,P0038,1.0,0.246
LI001693,O004696,P0042,3.0,0.004
LI001694,O005203,P0048,1.0,0.217
LI001695,O001556,P0089,3.0,0.211
LI001696,O003691,P0013,4.0,0.066
LI001697,O004937,P0089,5.0,0.205
LI001698,O003573,P0088,1.0,0.083
LI001699,O004444,P0056,4.0,0.157
LI001700,O005392,P0105,1.0,0.112
LI001701,O000331,P0059,4.0,0.025
LI001702,O004706,P0063,2.0,0.224
LI001703,O001945,P0080,4.0,0.136
LI001704,O004840,P0043,3.0,0.12
LI001705,O003959,P0105,2.0,0.22
LI001706,O004665,P0106,2.0,0.082
LI001707,O001685,P0075,3.0,0.143
LI001708,O002437,P0057,1.0,0.221
LI001709,O000971,P0021,2.0,0.086
LI001710,O000747,P0095,1.0,0.198
LI001711,O002185,P0054,5.0,0.129
LI001712,O005861,P0079,4.0,0.039
LI001713,O001385,P0053,4.0,0.01
LI001714,O004031,P0045,3.0,0.182
LI001715,O006426,P0113,3.0,0.065
LI001716,O005322,P0036,4.0,0.204
LI001717,O001019,P0063,5.0,0.047
LI001718,O002579,P0107,3.0,0.142
LI001719,O004112,P0001,5.0,0.023
LI001720,O004664,P0092,3.0,0.184
LI001721,O003941,P0097,2.0,0.191
LI001722,O002025,P0067,1.0,0.229
LI001723,O005710,P0119,4.0,0.14
LI001724,O006174,P0079,1.0,0.027
LI001725,O001543,P0033,4.0,0.207
LI001726,O006028,P0032,3.0,0.078
LI001727,O002712,P0087,1.0,0.225
LI001728,O003047,P0058,5.0,0.244
LI001729,O006166,P0026,3.0,0.033
LI001730,O001455,P0061,2.0,0.021
LI001731,O003004,P0112,1.0,0.224
LI001732,O001703,P0017,1.0,0.225
LI001733,O005530,P0073,2.0,0.146
LI001734,O004421,P0069,4.0,0.222
LI001735,O005418,P0029,3.0,0.233
LI001736,O006325,P0063,2.0,0.139
LI001737,O003874,P0006,5.0,0.172
LI001738,O000122,P0111,3.0,0.153
LI001739,O006268,P0105,2.0,0.044
LI001740,O001477,P0059,2.0,0.109
LI001741,O000266,P0099,1.0,0.17
LI001742,O000028,P0115,1.0,0.153
LI001743,O005379,P0021,1.0,0.054
LI001744,O002125,P0045,3.0,0.227
LI001745,O000432,P0045,4.0,0.196
LI001746,O004975,P0087,3.0,0.017
LI001747,O003778,P0035,1.0,0.086
LI001748,O005155,P0052,1.0,0.249
LI001749,O004532,P0046,3.0,0.097
LI001750,O001086,P0066,2.0,0.166
LI001751,O006196,P0057,2.0,0.025
LI001752,O006260,P0042,1.0,0.078
LI001753,O002095,P0073,1.0,0.221
LI001754,O002486,P0077,4.0,0.128
LI001755,O000101,P0107,2.0,0.206
LI001756,O005399,P0098,4.0,0.002
LI001757,O002155,P0016,1.0,0.167
LI001758,O005079,P0005,1.0,0.075
LI001759,O003049,P0001,4.0,0.215
LI001760,O004983,P0104,4.0,0.236
LI001761,O000800,P0022,1.0,0.172
LI001762,O005122,P0048,5.0,0.037
LI001763,O003823,P0110,1.0,0.117
LI001764,O005612,P0026,2.0,0.116
LI001765,O006000,P0034,1.0,0.208
LI001766,O006010,P0114,3.0,0.115
LI001767,O001296,P0058,1.0,0.083
LI001768,O005264,P0085,5.0,0.153
LI001769,O000435,P0007,2.0,0.162
LI001770,O005571,P0025,1.0,0.202
LI001771,O003805,P0057,4.0,0.225
LI001772,O002614,P0012,2.0,0.222
LI001773,O000916,P0031,2.0,0.157
LI001774,O002276,P0111,5.0,0.131
LI001775,O004641,P0027,4.0,0.2
LI001776,O005334,P0086,3.0,0.077
LI001777,O000648,P0034,1.0,0.189
LI001778,O002296,P0118,3.0,0.127
LI001779,O004079,P0081,4.0,0.031
LI001780,O001432,P0075,2.0,0.188
LI001781,O005173,P0093,5.0,0.162
LI001782,O005696,P0034,5.0,0.021
LI001783,O002362,P0115,2.0,0.113
LI001784,O004133,P0037,5.0,0.122
LI001785,O000724,P0058,3.0,0.163
LI001786,O001548,P0113,2.0,0.17
LI001787,O000980,P0112,1.0,0.048
LI001788,O000084,P0060,1.0,0.008
LI001789,O005214,P0026,4.0,0.199
LI001790,O003487,P0109,2.0,0.245
LI001791,O001366,P0045,3.0,0.235
LI001792,O004815,P0045,2.0,0.125
LI001793,O000550,P0032,2.0,0.132
LI001794,O003493,P0101,3.0,0.233
LI001795,O005468,P0069,5.0,0.136
LI001796,O002763,P0084,3.0,0.069
LI001797,O003854,P0115,2.0,0.169
LI001798,O004683,P0071,2.0,0.119
LI001799,O003200,P0107,2.0,0.196
LI001800,O005961,P0023,2.0,0.196
LI001801,O000152,P0065,4.0,0.234
LI001802,O005158,P0039,5.0,0.034
LI001803,O003499,P0067,2.0,0.13
LI001804,O002213,P0045,4.0,0.196
LI001805,O002986,P0067,2.0,0.109
LI001806,O004095,P0063,5.0,0.157
LI001807,O001568,P0070,5.0,0.204
LI001808,O000212,P0095,3.0,0.118
LI001809,O004838,P0054,4.0,0.102
LI001810,O002180,P0027,5.0,0.045
LI001811,O003224,P0093,1.0,0.206
LI001812,O004192,P0079,2.0,0.199
LI001813,O001527,P0036,5.0,0.186
LI001814,O000522,P0005,4.0,0.098
LI001815,O003947,P0067,4.0,0.146
LI001816,O005136,P0051,4.0,0.031
LI001817,O001703,P0089,3.0,0.08
LI001818,O000018,P0032,2.0,0.109
LI001819,O003481,P0021,1.0,0.011
LI001820,O001720,P0112,4.0,0.026
LI001821,O003317,P0017,2.0,0.207
LI001822,O004015,P0073,4.0,0.243
LI001823,O005074,P0026,4.0,0.08
LI001824,O000879,P0022,1.0,0.027
LI001825,O000594,P0041,2.0,0.234
LI001826,O004739,P0110,4.0,0.229
LI001827,O006273,P0059,3.0,0.164
LI001828,O004897,P0087,4.0,0.085
LI001829,O004551,P0075,2.0,0.028
LI001830,O001610,P0010,5.0,0.235
LI001831,O000876,P0087,4.0,0.23
LI001832,O005192,P0005,3.0,0.186
LI001833,O005110,P0055,3.0,0.233
LI001834,O003232,P0026,4.0,0.035
LI001835,O005207,P0004,2.0,0.027
LI001836,O002449,P0107,4.0,0.048
LI001837,O004558,P0027,3.0,0.054
LI001838,O002137,P0102,4.0,0.207
LI001839,O002054,P0098,3.0,0.23
LI001840,O005041,P0058,5.0,0.054
LI001841,O000084,P0003,4.0,0.116
LI001842,O001440,P0050,1.0,0.114
LI001843,O002669,P0096,4.0,0.044
LI001844,O005232,P0026,3.0,0.213
LI001845,O002220,P0018,2.0,0.131
LI001846,O000699,P0007,3.0,0.142
LI001847,O001821,P0117,5.0,0.065
LI001848,O006417,P0045,2.0,0.14
LI001849,O004626,P0013,1.0,0.198
LI001850,O004415,P0006,1.0,0.076
LI001851,O001099,P0035,5.0,0.028
LI001852,O002895,P0095,5.0,0.146
LI001853,O003418,P0106,5.0,0.159
LI001854,O000249,P0053,5.0,0.051
LI001855,O004483,P0101,4.0,0.062
LI001856,O001958,P0107,3.0,0.038
LI001857,O001891,P0068,4.0,0.23
LI001858,O004459,P0042,2.0,0.053
LI001859,O003368,P0004,1.0,0.003
LI001860,O002116,P0060,1.0,0.21
LI001861,O003064,P0045,2.0,0.201
LI001862,O005652,P0072,1.0,0.114
LI001863,O001807,P0102,5.0,0.199
LI001864,O000296,P0075,5.0,0.112
LI001865,O002695,P0066,5.0,0.056
LI001866,O001992,P0082,2.0,0.107
LI001867,O003940,P0082,3.0,0.122
LI001868,O006177,P0022,2.0,0.002
LI001869,O005494,P0012,3.0,0.028
LI001870,O000032,P0081,1.0,0.219
LI001871,O004651,P0051,1.0,0.098
LI001872,O003876,P0017,1.0,0.083
LI001873,O004401,P0036,3.0,0.222
LI001874,O000793,P0093,1.0,0.039
LI001875,O005228,P0049,2.0,0.054
LI001876,O004192,P0016,3.0,0.207
LI001877,O001090,P0105,5.0,0.07
LI001878,O000230,P0075,3.0,0.158
LI001879,O002781,P0044,2.0,0.185
LI001880,O004454,P0107,2.0,0.056
LI001881,O004498,P0109,2.0,0.063
LI001882,O000790,P0022,1.0,0.129
LI001883,O004195,P0094,5.0,0.198
LI001884,O004367,P0008,5.0,0.139
LI001885,O001799,P0110,4.0,0.017
LI001886,O003981,P0018,2.0,0.088
LI001887,O004458,P0110,1.0,0.083
LI001888,O005284,P0080,3.0,0.202
LI001889,O003241,P0111,1.0,0.072
LI001890,O004636,P0118,2.0,0.225
LI001891,O005962,P0084,1.0,0.084
LI001892,O003857,P0103,2.0,0.049
LI001893,O004929,P0072,3.0,0.135
LI001894,O005156,P0094,3.0,0.097
LI001895,O000314,P0038,5.0,0.162
LI001896,O005396,P0029,4.0,0.229
LI001897,O000233,P0077,1.0,0.235
LI001898,O005736,P0081,4.0,0.057
LI001899,O003508,P0104,1.0,0.041
LI001900,O001030,P0107,5.0,0.235
LI001901,O003607,P0081,5.0,0.203
LI001902,O002712,P0073,3.0,0.065
LI001903,O004340,P0002,3.0,0.201
LI001904,O002289,P0059,3.0,0.185
LI001905,O004000,P0042,1.0,0.063
LI001906,O002606,P0118,4.0,0.226
LI001907,O003345,P0088,4.0,0.08
LI001908,O002123,P0021,3.0,0.12
LI001909,O002331,P0110,5.0,0.152
LI001910,O003780,P0002,4.0,0.048
LI001911,O005655,P0005,5.0,0.153
LI001912,O004183,P0017,3.0,0.177
LI001913,O000881,P0024,1.0,0.025
LI001914,O002978,P0008,2.0,0.095
LI001915,O001173,P0030,4.0,0.153
LI001916,O000160,P0050,3.0,0.232
LI001917,O002494,P0022,3.0,0.223
LI001918,O002130,P0059,4.0,0.042
LI001919,O003079,P0024,2.0,0.153
LI001920,O002230,P0026,1.0,0.025
LI001921,O002918,P0061,4.0,0.073
LI001922,O003014,P0008,1.0,0.149
LI001923,O001550,P0012,3.0,0.02
LI001924,O004574,P0014,4.0,0.222
LI001925,O006327,P0030,1.0,0.207
LI001926,O003386,P0055,5.0,0.118
LI001927,O001580,P0099,5.0,0.123
LI001928,O006318,P0061,5.0,0.22
LI001929,O006158,P0062,1.0,0.013
LI001930,O003372,P0031,5.0,0.036
LI001931,O001961,P0092,3.0,0.077
LI001932,O006217,P0110,1.0,0.091
LI001933,O005842,P0027,3.0,0.247
LI001934,O003845,P0100,2.0,0.037
LI001935,O004698,P0001,1.0,0.076
LI001936,O002391,P0041,5.0,0.207
LI001937,O001420,P0014,5.0,0.196
LI001938,O003918,P0074,2.0,0.164
LI001939,O003836,P0050,4.0,0.082
LI001940,O006015,P0042,2.0,0.029
LI001941,O004429,P0071,5.0,0.246
LI001942,O004451,P0040,5.0,0.063
LI001943,O003631,P0014,4.0,0.211
LI001944,O004943,P0100,2.0,0.224
LI001945,O000163,P0091,3.0,0.11
LI001946,O000116,P0011,2.0,0.213
LI001947,O005199,P0063,3.0,0.07
LI001948,O001471,P0106,5.0,0.222
LI001949,O006003,P0049,5.0,0.159
LI001950,O003080,P0037,2.0,0.049
LI001951,O005143,P0106,5.0,0.197
LI001952,O003853,P0010,4.0,0.228
LI001953,O002839,P0054,1.0,0.143
LI001954,O000543,P0007,3.0,0.19
LI001955,O000414,P0081,5.0,0.199
LI001956,O000682,P0116,3.0,0.197
LI001957,O000642,P0012,2.0,0.114
LI001958,O003979,P0101,4.0,0.185
LI001959,O001433,P0101,3.0,0.137
LI001960,O000669,P0055,5.0,0.104
LI001961,O002070,P0036,1.0,0.041
LI001962,O000969,P0007,4.0,0.227
LI001963,O005801,P0024,2.0,0.104
LI001964,O001181,P0034,5.0,0.06
LI001965,O006474,P0065,4.0,0.061
LI001966,O005142,P0029,5.0,0.061
LI001967,O005592,P0026,2.0,0.001
LI001968,O005384,P0074,2.0,0.11
LI001969,O005895,P0065,1.0,0.223
LI001970,O004820,P0045,4.0,0.006
LI001971,O003236,P0017,1.0,0.239
LI001972,O005256,P0105,1.0,0.045
LI001973,O000252,P0036,1.0,0.18
LI001974,O004301,P0073,3.0,0.196
LI001975,O005976,P0103,2.0,0.184
LI001976,O002880,P0063,1.0,0.085
LI001977,O003999,P0023,3.0,0.176
LI001978,O000791,P0093,3.0,0.118
LI001979,O005181,P0066,3.0,0.038
LI001980,O004561,P0082,1.0,0.05
LI001981,O005938,P0092,3.0,0.007
LI001982,O005422,P0117,1.0,0.083
LI001983,O001496,P0111,4.0,0.182
LI001984,O004490,P0042,2.0,0.242
LI001985,O005727,P0113,5.0,0.033
LI001986,O006125,P0071,1.0,0.088
LI001987,O003069,P0075,2.0,0.045
LI001988,O002708,P0071,1.0,0.19
LI001989,O005008,P0043,4.0,0.23
LI001990,O005379,P0088,2.0,0.029
LI001991,O002578,P0055,2.0,0.226
LI001992,O005307,P0056,3.0,0.068
LI001993,O001236,P0079,1.0,0.056
LI001994,O001059,P0031,1.0,0.014
LI001995,O001171,P0115,5.0,0.02
LI001996,O003619,P0083,3.0,0.017
LI001997,O003660,P0056,3.0,0.112
LI001998,O003656,P0074,5.0,0.165
LI001999,O005369,P0048,3.0,0.046
LI002000,O000057,P0052,3.0,0.054
LI002001,O001893,P0072,4.0,0.043
LI002002,O002570,P0001,2.0,0.202
LI002003,O005845,P0002,5.0,0.034
LI002004,O004081,P0093,4.0,0.018
LI002005,O004457,P0042,4.0,0.009
LI002006,O006378,P0074,4.0,0.01
LI002007,O001949,P0106,3.0,0.137
LI002008,O000223,P0009,5.0,0.023
LI002009,O001640,P0114,3.0,0.056
LI002010,O004423,P0031,3.0,0.208
LI002011,O005218,P0096,4.0,0.242
LI002012,O005346,P0002,1.0,0.215
LI002013,O001758,P0024,5.0,0.24
LI002014,O000836,P0101,5.0,0.168
LI002015,O002537,P0117,4.0,0.247
LI002016,O002526,P0043,4.0,0.124
LI002017,O000985,P0070,2.0,0.199
LI002018,O001358,P0072,4.0,0.243
LI002019,O004888,P0104,3.0,0.177
LI002020,O005983,P0089,4.0,0.239
LI002021,O003061,P0106,5.0,0.063
LI002022,O004478,P0043,1.0,0.075
LI002023,O001447,P0051,1.0,0.099
LI002024,O001372,P0089,3.0,0.116
LI002025,O003225,P0046,1.0,0.224
LI002026,O001875,P0075,4.0,0.222
LI002027,O002500,P0099,1.0,0.164
LI002028,O003362,P0001,4.0,0.058
LI002029,O006105,P0117,2.0,0.06
LI002030,O001143,P0087,5.0,0.158
LI002031,O004310,P0067,3.0,0.126
LI002032,O000565,P0105,2.0,0.065
LI002033,O004828,P0001,1.0,0.042
LI002034,O004535,P0118,3.0,0.181
LI002035,O001589,P0063,4.0,0.203
LI002036,O003986,P0108,2.0,0.065
LI002037,O004725,P0076,5.0,0.106
LI002038,O004999,P0102,5.0,0.178
LI002039,O001471,P0062,2.0,0.117
LI002040,O003915,P0061,2.0,0.24
LI002041,O003114,P0040,2.0,0.032
LI002042,O004491,P0095,1.0,0.214
LI002043,O004343,P0029,5.0,0.077
LI002044,O003363,P0035,5.0,0.172
LI002045,O006392,P0092,1.0,0.063
LI002046,O001637,P0085,3.0,0.242
LI002047,O002913,P0011,5.0,0.013
LI002048,O001473,P0090,3.0,0.128
LI002049,O006228,P0011,3.0,0.228
LI002050,O001245,P0063,3.0,0.117
LI002051,O003738,P0069,5.0,0.21
LI002052,O002099,P0056,4.0,0.237
LI002053,O002598,P0007,3.0,0.017
LI002054,O005077,P0051,4.0,0.122
LI002055,O005307,P0095,1.0,0.172
LI002056,O005645,P0039,4.0,0.208
LI002057,O002513,P0042,4.0,0.041
LI002058,O004515,P0072,2.0,0.142
LI002059,O006231,P0053,3.0,0.041
LI002060,O000259,P0091,5.0,0.189
LI002061,O002359,P0021,2.0,0.071
LI002062,O006317,P0030,4.0,0.067
LI002063,O003394,P0078,1.0,0.192
LI002064,O003779,P0001,5.0,0.211
LI002065,O003412,P0109,1.0,0.086
LI002066,O005616,P0024,4.0,0.125
LI002067,O001269,P0006,1.0,0.173
LI002068,O000940,P0006,2.0,0.186
LI002069,O002377,P0117,1.0,0.193
LI002070,O003952,P0069,2.0,0.098
LI002071,O000196,P0062,3.0,0.134
LI002072,O004158,P0035,5.0,0.027
LI002073,O003097,P0108,1.0,0.237
LI002074,O003636,P0079,2.0,0.175
LI002075,O000562,P0035,4.0,0.094
LI002076,O003450,P0048,4.0,0.097
LI002077,O003367,P0114,2.0,0.023
LI002078,O003124,P0105,5.0,0.114
LI002079,O002892,P0072,3.0,0.168
LI002080,O000040,P0043,3.0,0.238
LI002081,O001768,P0035,5.0,0.162
LI002082,O006134,P0005,1.0,0.163
LI002083,O002505,P0031,2.0,0.197
LI002084,O005972,P0106,3.0,0.127
LI002085,O000788,P0031,5.0,0.008
LI002086,O001877,P0101,3.0,0.222
LI002087,O004098,P0008,3.0,0.101
LI002088,O001493,P0006,1.0,0.246
LI002089,O001130,P0087,3.0,0.102
LI002090,O002264,P0053,2.0,0.167
LI002091,O004873,P0080,5.0,0.115
LI002092,O005879,P0044,1.0,0.058
LI002093,O004510,P0049,1.0,0.233
LI002094,O004022,P0008,5.0,0.157
LI002095,O004306,P0064,2.0,0.113
LI002096,O006060,P0004,3.0,0.036
LI002097,O006187,P0032,3.0,0.25
LI002098,O002186,P0053,2.0,0.224
LI002099,O001645,P0113,4.0,0.106
LI002100,O003561,P0067,5.0,0.043
LI002101,O005680,P0063,2.0,0.007
LI002102,O002686,P0114,3.0,0.038
LI002103,O004822,P0080,5.0,0.134
LI002104,O001413,P0060,5.0,0.204
LI002105,O001222,P0098,3.0,0.091
LI002106,O002250,P0077,2.0,0.108
LI002107,O002240,P0033,4.0,0.118
LI002108,O004203,P0022,5.0,0.004
LI002109,O004423,P0031,5.0,0.044
LI002110,O000644,P0024,5.0,0.125
LI002111,O004453,P0003,2.0,0.07
LI002112,O002549,P0033,5.0,0.131
LI002113,O005404,P0094,3.0,0.027
LI002114,O004604,P0026,3.0,0.201
LI002115,O003806,P0098,1.0,0.196
LI002116,O006250,P0051,5.0,0.167
LI002117,O005186,P0086,4.0,0.133
LI002118,O004291,P0030,1.0,0.097
LI002119,O005308,P0035,5.0,0.171
LI002120,O004143,P0025,5.0,0.195
LI002121,O001386,P0028,2.0,0.202
LI002122,O002585,P0097,2.0,0.087
LI002123,O001602,P0087,3.0,0.048
LI002124,O005607,P0026,1.0,0.085
LI002125,O004943,P0120,1.0,0.002
LI002126,O005699,P0073,1.0,0.106
LI002127,O004805,P0008,3.0,0.068
LI002128,O003318,P0101,4.0,0.198
LI002129,O000808,P0097,4.0,0.169
LI002130,O002660,P0015,4.0,0.006
LI002131,O000115,P0049,1.0,0.036
LI002132,O002728,P0111,5.0,0.136
LI002133,O004727,P0008,1.0,0.155
LI002134,O002267,P0055,5.0,0.192
LI002135,O004293,P0085,2.0,0.242
LI002136,O004497,P0058,3.0,0.175
LI002137,O003902,P0003,4.0,0.136
LI002138,O002729,P0009,1.0,0.104
LI002139,O006136,P0116,1.0,0.185
LI002140,O004172,P0014,2.0,0.234
LI002141,O001450,P0102,5.0,0.106
LI002142,O004383,P0091,4.0,0.146
LI002143,O001569,P0020,3.0,0.052
LI002144,O001323,P0004,5.0,0.214
LI002145,O000861,P0024,5.0,0.178
LI002146,O000742,P0091,4.0,0.089
LI002147,O001731,P0076,3.0,0.219
LI002148,O006438,P0028,4.0,0.243
LI002149,O004905,P0099,4.0,0.072
LI002150,O002934,P0088,1.0,0.047
LI002151,O003519,P0031,3.0,0.208
LI002152,O006056,P0067,5.0,0.146
LI002153,O004510,P0094,4.0,0.221
LI002154,O004527,P0064,2.0,0.087
LI002155,O005910,P0091,3.0,0.145
LI002156,O005350,P0117,2.0,0.144
LI002157,O003168,P0017,5.0,0.047
LI002158,O001919,P0006,3.0,0.248
LI002159,O002219,P0111,1.0,0.166
LI002160,O001341,P0107,3.0,0.166
LI002161,O004640,P0082,5.0,0.074
LI002162,O001515,P0060,1.0,0.163
LI002163,O001412,P0099,5.0,0.208
LI002164,O003037,P0091,3.0,0.203
LI002165,O004168,P0081,5.0,0.23
LI002166,O001023,P0011,3.0,0.037
LI002167,O004628,P0038,1.0,0.046
LI002168,O002287,P0101,3.0,0.178
LI002169,O002759,P0106,5.0,0.202
LI002170,O004673,P0034,5.0,0.169
LI002171,O003772,P0047,5.0,0.036
LI002172,O001113,P0032,2.0,0.149
LI002173,O001946,P0107,2.0,0.187
LI002174,O004809,P0120,2.0,0.034
LI002175,O001559,P0057,4.0,0.014
LI002176,O003880,P0046,3.0,0.064
LI002177,O000642,P0110,2.0,0.023
LI002178,O002238,P0035,5.0,0.037
LI002179,O004908,P0092,5.0,0.051
LI002180,O003487,P0118,2.0,0.133
LI002181,O003226,P0022,2.0,0.039
LI002182,O001015,P0016,5.0,0.151
LI002183,O005459,P0110,2.0,0.073
LI002184,O002022,P0106,4.0,0.078
LI002185,O002677,P0118,4.0,0.242
LI002186,O001541,P0104,4.0,0.201
LI002187,O002937,P0076,1.0,0.106
LI002188,O005958,P0005,4.0,0.112
LI002189,O003107,P0090,5.0,0.029
LI002190,O000784,P0026,1.0,0.211
LI002191,O000671,P0077,5.0,0.001
LI002192,O002770,P0024,5.0,0.036
LI002193,O002574,P0108,2.0,0.134
LI002194,O002585,P0067,3.0,0.047
LI002195,O004943,P0032,4.0,0.158
LI002196,O005338,P0023,3.0,0.001
LI002197,O001278,P0049,3.0,0.025
LI002198,O003044,P0116,2.0,0.191
LI002199,O003173,P0101,3.0,0.144
LI002200,O005481,P0119,4.0,0.005
LI002201,O005861,P0062,1.0,0.051
LI002202,O003783,P0102,5.0,0.06
LI002203,O000178,P0109,4.0,0.212
LI002204,O000276,P0102,2.0,0.146
LI002205,O002360,P0077,1.0,0.135
LI002206,O005762,P0079,2.0,0.022
LI002207,O003482,P0066,4.0,0.164
LI002208,O004887,P0011,5.0,0.039
LI002209,O003360,P0080,3.0,0.13
LI002210,O005773,P0018,3.0,0.148
LI002211,O001425,P0098,2.0,0.21
LI002212,O005337,P0010,1.0,0.202
LI002213,O004123,P0077,5.0,0.048
LI002214,O002961,P0096,2.0,0.229
LI002215,O002470,P0060,5.0,0.001
LI002216,O003086,P0008,2.0,0.083
LI002217,O002373,P0071,1.0,0.017
LI002218,O004069,P0048,4.0,0.18
LI002219,O005444,P0081,3.0,0.125
LI002220,O001591,P0041,5.0,0.044
LI002221,O005823,P0091,5.0,0.021
LI002222,O004381,P0008,1.0,0.057
LI002223,O001113,P0093,5.0,0.23
LI002224,O001069,P0116,4.0,0.169
LI002225,O002546,P0037,4.0,0.061
LI002226,O005008,P0091,1.0,0.223
LI002227,O003650,P0037,2.0,0.034
LI002228,O001815,P0064,2.0,0.172
LI002229,O003908,P0059,5.0,0.106
LI002230,O003732,P0088,5.0,0.067
LI002231,O002193,P0045,1.0,0.066
LI002232,O000082,P0016,4.0,0.125
LI002233,O005076,P0026,1.0,0.233
LI002234,O003707,P0118,2.0,0.186
LI002235,O005287,P0031,4.0,0.166
LI002236,O005869,P0027,5.0,0.219
LI002237,O003177,P0090,2.0,0.143
LI002238,O001826,P0043,3.0,0.048
LI002239,O005870,P0015,2.0,0.244
LI002240,O005430,P0058,4.0,0.134
LI002241,O006104,P0049,4.0,0.079
LI002242,O000082,P0079,1.0,0.195
LI002243,O000094,P0087,4.0,0.116
LI002244,O005441,P0025,3.0,0.003
LI002245,O000343,P0108,3.0,0.08
LI002246,O002409,P0068,4.0,0.114
LI002247,O001855,P0036,5.0,0.093
LI002248,O004000,P0117,4.0,0.138
LI002249,O001090,P0080,5.0,0.046
LI002250,O000624,P0047,4.0,0.143
LI002251,O000868,P0104,2.0,0.247
LI002252,O002477,P0059,4.0,0.188
LI002253,O003473,P0085,2.0,0.171
LI002254,O000171,P0052,5.0,0.05
LI002255,O001783,P0040,4.0,0.145
LI002256,O000578,P0043,5.0,0.205
LI002257,O000068,P0117,3.0,0.06
LI002258,O001516,P0056,1.0,0.022
LI002259,O005154,P0081,5.0,0.165
LI002260,O000001,P0003,2.0,0.168
LI002261,O002199,P0071,1.0,0.201
LI002262,O000902,P0012,4.0,0.157
LI002263,O005904,P0065,2.0,0.212
LI002264,O006402,P0043,1.0,0.067
LI002265,O004846,P0101,1.0,0.009
LI002266,O000795,P0070,5.0,0.183
LI002267,O002067,P0046,4.0,0.096
LI002268,O001820,P0060,4.0,0.052
LI002269,O006179,P0061,4.0,0.013
LI002270,O000371,P0049,5.0,0.189
LI002271,O002539,P0087,5.0,0.207
LI002272,O003908,P0025,4.0,0.097
LI002273,O002055,P0089,1.0,0.221
LI002274,O002597,P0003,4.0,0.104
LI002275,O004467,P0068,5.0,0.238
LI002276,O001689,P0063,4.0,0.246
LI002277,O004853,P0030,5.0,0.204
LI002278,O003322,P0097,4.0,0.064
LI002279,O001139,P0093,1.0,0.092
LI002280,O005457,P0004,1.0,0.133
LI002281,O002622,P0078,5.0,0.082
LI002282,O002729,P0085,5.0,0.205
LI002283,O001166,P0071,2.0,0.232
LI002284,O001509,P0021,3.0,0.246
LI002285,O005558,P0120,2.0,0.084
LI002286,O003842,P0071,5.0,0.068
LI002287,O006232,P0001,5.0,0.04
LI002288,O004559,P0060,4.0,0.012
LI002289,O004577,P0034,2.0,0.044
LI002290,O004919,P0087,3.0,0.071
LI002291,O000524,P0003,2.0,0.098
LI002292,O002259,P0018,1.0,0.027
LI002293,O004340,P0043,1.0,0.205
LI002294,O000239,P0076,2.0,0.155
LI002295,O001221,P0078,2.0,0.141
LI002296,O000769,P0041,5.0,0.136
LI002297,O000235,P0092,4.0,0.072
LI002298,O006331,P0106,1.0,0.234
LI002299,O002761,P0109,3.0,0.058
LI002300,O004593,P0024,4.0,0.167
LI002301,O001520,P0024,2.0,0.063
LI002302,O001904,P0003,1.0,0.247
LI002303,O002235,P0059,2.0,0.228
LI002304,O005731,P0058,1.0,0.066
LI002305,O000936,P0073,3.0,0.247
LI002306,O001269,P0024,4.0,0.156
LI002307,O006457,P0066,3.0,0.182
LI002308,O000819,P0119,3.0,0.071
LI002309,O003568,P0040,4.0,0.054
LI002310,O004118,P0092,4.0,0.215
LI002311,O002116,P0071,3.0,0.069
LI002312,O002440,P0009,2.0,0.229
LI002313,O003388,P0109,4.0,0.092
LI002314,O001089,P0103,3.0,0.002
LI002315,O001828,P0060,3.0,0.148
LI002316,O006087,P0039,3.0,0.088
LI002317,O004825,P0033,2.0,0.244
LI002318,O002589,P0034,5.0,0.097
LI002319,O002616,P0062,5.0,0.079
LI002320,O001874,P0085,4.0,0.142
LI002321,O004308,P0061,5.0,0.182
LI002322,O001774,P0093,1.0,0.242
LI002323,O000200,P0027,4.0,0.017
LI002324,O005083,P0017,4.0,0.105
LI002325,O000178,P0060,3.0,0.166
LI002326,O005543,P0042,1.0,0.001
LI002327,O000931,P0047,5.0,0.122
LI002328,O003737,P0112,4.0,0.202
LI002329,O002037,P0087,1.0,0.013
LI002330,O001486,P0053,2.0,0.085
LI002331,O002092,P0109,2.0,0.1
LI002332,O005551,P0021,3.0,0.179
LI002333,O004264,P0008,1.0,0.074
LI002334,O006431,P0073,4.0,0.062
LI002335,O002385,P0097,2.0,0.029
LI002336,O004089,P0058,2.0,0.249
LI002337,O004682,P0068,5.0,0.118
LI002338,O001916,P0063,5.0,0.012
LI002339,O006327,P0059,1.0,0.019
LI002340,O000016,P0082,5.0,0.032
LI002341,O005700,P0096,1.0,0.053
LI002342,O002935,P0030,4.0,0.185
LI002343,O000837,P0025,4.0,0.14
LI002344,O002158,P0097,4.0,0.194
LI002345,O001577,P0099,5.0,0.005
LI002346,O000306,P0106,5.0,0.066
LI002347,O002054,P0056,3.0,0.101
LI002348,O002891,P0034,2.0,0.107
LI002349,O005813,P0050,4.0,0.013
LI002350,O003345,P0002,5.0,0.128
LI002351,O004457,P0077,2.0,0.072
LI002352,O001209,P0053,4.0,0.048
LI002353,O001859,P0041,4.0,0.168
LI002354,O002704,P0023,2.0,0.021
LI002355,O001972,P0061,2.0,0.217
LI002356,O005220,P0087,5.0,0.225
LI002357,O001114,P0031,2.0,0.081
LI002358,O000984,P0066,2.0,0.247
LI002359,O005366,P0002,5.0,0.1
LI002360,O003311,P0069,4.0,0.241
LI002361,O004002,P0060,2.0,0.247
LI002362,O002772,P0078,3.0,0.207
LI002363,O003153,P0023,1.0,0.031
LI002364,O002163,P0119,2.0,0.146
LI002365,O006420,P0057,2.0,0.183
LI002366,O002128,P0035,1.0,0.019
LI002367,O003640,P0110,3.0,0.223
LI002368,O004275,P0001,4.0,0.213
LI002369,O000561,P0105,3.0,0.233
LI002370,O006404,P0048,1.0,0.129
LI002371,O001810,P0049,2.0,0.081
LI002372,O004388,P0040,4.0,0.127
LI002373,O002933,P0062,3.0,0.182
LI002374,O000291,P0015,3.0,0.104
LI002375,O004638,P0030,4.0,0.088
LI002376,O001910,P0021,3.0,0.019
LI002377,O004690,P0008,1.0,0.112
LI002378,O001429,P0007,4.0,0.098
LI002379,O000948,P0105,1.0,0.166
LI002380,O002528,P0034,4.0,0.11
LI002381,O001349,P0064,1.0,0.001
LI002382,O000381,P0042,2.0,0.121
LI002383,O001705,P0101,2.0,0.193
LI002384,O000310,P0112,3.0,0.236
LI002385,O003415,P0053,4.0,0.048
LI002386,O005790,P0096,4.0,0.106
LI002387,O001499,P0097,1.0,0.212
LI002388,O002895,P0070,3.0,0.011
LI002389,O005262,P0106,3.0,0.087
LI002390,O000661,P0010,4.0,0.148
LI002391,O003448,P0090,2.0,0.086
LI002392,O002274,P0058,4.0,0.122
LI002393,O001498,P0115,4.0,0.235
LI002394,O002073,P0109,5.0,0.006
LI002395,O003437,P0090,1.0,0.019
LI002396,O002143,P0083,1.0,0.049
LI002397,O004661,P0099,5.0,0.096
LI002398,O001606,P0109,3.0,0.118
LI002399,O005296,P0004,1.0,0.009
LI002400,O004740,P0089,3.0,0.221
LI002401,O001432,P0008,2.0,0.19
LI002402,O001951,P0012,3.0,0.067
LI002403,O003923,P0118,1.0,0.064
LI002404,O000459,P0088,3.0,0.006
LI002405,O002949,P0088,2.0,0.1
LI002406,O000338,P0081,5.0,0.064
LI002407,O003944,P0025,1.0,0.155
LI002408,O005451,P0097,2.0,0.137
LI002409,O002014,P0027,4.0,0.239
LI002410,O004021,P0002,5.0,0.199
LI002411,O000345,P0073,5.0,0.02
LI002412,O004672,P0055,1.0,0.176
LI002413,O005667,P0058,2.0,0.027
LI002414,O005644,P0033,4.0,0.081
LI002415,O000943,P0083,2.0,0.139
LI002416,O000346,P0049,3.0,0.124
LI002417,O003895,P0005,1.0,0.173
LI002418,O003320,P0047,3.0,0.203
LI002419,O003696,P0084,3.0,0.207
LI002420,O000325,P0024,5.0,0.015
LI002421,O002139,P0095,5.0,0.16
LI002422,O004390,P0044,3.0,0.24
LI002423,O003613,P0068,2.0,0.189
LI002424,O000524,P0096,1.0,0.13
LI002425,O002898,P0111,1.0,0.25
LI002426,O003741,P0099,2.0,0.011
LI002427,O000259,P0014,3.0,0.022
LI002428,O001111,P0036,1.0,0.192
LI002429,O005614,P0051,5.0,0.137
LI002430,O006330,P0006,4.0,0.031
LI002431,O006488,P0017,5.0,0.094
LI002432,O000821,P0082,2.0,0.016
LI002433,O005989,P0072,4.0,0.132
LI002434,O002789,P0051,1.0,0.026
LI002435,O005636,P0052,1.0,0.002
LI002436,O004665,P0012,4.0,0.081
LI002437,O004605,P0081,1.0,0.058
LI002438,O001564,P0095,4.0,0.091
LI002439,O006160,P0115,3.0,0.088
LI002440,O004621,P0001,2.0,0.158
LI002441,O006344,P0011,5.0,0.17
LI002442,O001208,P0106,4.0,0.032
LI002443,O000309,P0016,4.0,0.122
LI002444,O001840,P0101,3.0,0.222
LI002445,O003353,P0113,5.0,0.037
LI002446,O001384,P0092,3.0,0.242
LI002447,O002307,P0009,3.0,0.005
LI002448,O006039,P0119,2.0,0.025
LI002449,O001181,P0008,1.0,0.044
LI002450,O002473,P0025,5.0,0.117
LI002451,O005141,P0074,3.0,0.075
LI002452,O002687,P0040,1.0,0.105
LI002453,O002968,P0067,1.0,0.235
LI002454,O005108,P0119,1.0,0.085
LI002455,O004446,P0023,1.0,0.212
LI002456,O000961,P0062,2.0,0.018
LI002457,O003457,P0023,2.0,0.203
LI002458,O000438,P0044,3.0,0.225
LI002459,O000456,P0056,1.0,0.071
LI002460,O003818,P0068,3.0,0.137
LI002461,O001570,P0118,4.0,0.047
LI002462,O001104,P0114,2.0,0.023
LI002463,O005572,P0023,2.0,0.193
LI002464,O001619,P0009,5.0,0.157
LI002465,O003613,P0117,4.0,0.188
LI002466,O001513,P0004,2.0,0.11
LI002467,O004739,P0034,1.0,0.062
LI002468,O000392,P0103,1.0,0.107
LI002469,O002622,P0082,1.0,0.016
LI002470,O006177,P0034,3.0,0.071
LI002471,O000921,P0098,2.0,0.074
LI002472,O005720,P0042,3.0,0.179
LI002473,O006042,P0003,2.0,0.013
LI002474,O002458,P0083,5.0,0.061
LI002475,O003601,P0034,3.0,0.069
LI002476,O005211,P0090,2.0,0.138
LI002477,O004509,P0099,5.0,0.061
LI002478,O006443,P0105,2.0,0.033
LI002479,O001789,P0107,4.0,0.064
LI002480,O006217,P0095,3.0,0.105
LI002481,O000261,P0043,1.0,0.131
LI002482,O002014,P0091,5.0,0.009
LI002483,O001336,P0067,5.0,0.077
LI002484,O005055,P0037,1.0,0.191
LI002485,O005945,P0012,5.0,0.149
LI002486,O006135,P0111,1.0,0.114
LI002487,O005285,P0087,1.0,0.113
LI002488,O000335,P0081,2.0,0.092
LI002489,O002780,P0016,3.0,0.086
LI002490,O000804,P0062,4.0,0.1
LI002491,O002438,P0017,5.0,0.217
LI002492,O002808,P0015,2.0,0.117
LI002493,O005068,P0026,4.0,0.167
LI002494,O005191,P0045,4.0,0.202
LI002495,O000941,P0002,5.0,0.108
LI002496,O003164,P0017,5.0,0.21
LI002497,O000903,P0065,2.0,0.248
LI002498,O003433,P0094,5.0,0.126
LI002499,O001269,P0096,4.0,0.101
LI002500,O000024,P0030,5.0,0.201
LI002501,O004653,P0106,2.0,0.162
LI002502,O002749,P0068,2.0,0.153
LI002503,O002451,P0106,2.0,0.222
LI002504,O001397,P0044,5.0,0.162
LI002505,O003358,P0096,3.0,0.16
LI002506,O003905,P0060,2.0,0.052
LI002507,O002489,P0099,3.0,0.172
LI002508,O005973,P0001,1.0,0.228
LI002509,O003667,P0019,2.0,0.144
LI002510,O001758,P0033,3.0,0.226
LI002511,O004978,P0083,3.0,0.085
LI002512,O001879,P0036,4.0,0.011
LI002513,O005339,P0091,3.0,0.111
LI002514,O002533,P0077,4.0,0.001
LI002515,O003515,P0091,3.0,0.039
LI002516,O005338,P0110,3.0,0.048
LI002517,O003774,P0078,1.0,0.133
LI002518,O002079,P0024,3.0,0.237
LI002519,O006466,P0099,5.0,0.005
LI002520,O005370,P0083,5.0,0.059
LI002521,O004662,P0025,5.0,0.242
LI002522,O002058,P0011,1.0,0.22
LI002523,O000678,P0009,3.0,0.209
LI002524,O004947,P0006,1.0,0.023
LI002525,O002975,P0058,3.0,0.161
LI002526,O000285,P0100,4.0,0.051
LI002527,O002201,P0101,1.0,0.163
LI002528,O005649,P0029,5.0,0.107
LI002529,O004467,P0073,5.0,0.159
LI002530,O006445,P0097,5.0,0.107
LI002531,O001841,P0087,3.0,0.227
LI002532,O001879,P0079,3.0,0.006
LI002533,O006290,P0011,1.0,0.048
LI002534,O001611,P0023,2.0,0.208
LI002535,O003963,P0026,3.0,0.184
LI002536,O004237,P0001,2.0,0.047
LI002537,O003160,P0094,2.0,0.03
LI002538,O003499,P0081,3.0,0.078
LI002539,O002132,P0047,1.0,0.12
LI002540,O003315,P0110,2.0,0.012
LI002541,O005226,P0041,1.0,0.211
LI002542,O005724,P0023,1.0,0.13
LI002543,O001379,P0100,3.0,0.23
LI002544,O006165,P0105,2.0,0.081
LI002545,O003078,P0005,1.0,0.012
LI002546,O003015,P0099,2.0,0.218
LI002547,O005341,P0050,1.0,0.037
LI002548,O003893,P0009,3.0,0.084
LI002549,O005207,P0004,1.0,0.116
LI002550,O001716,P0071,3.0,0.123
LI002551,O000453,P0065,3.0,0.006
LI002552,O000342,P0080,2.0,0.132
LI002553,O000393,P0057,2.0,0.019
LI002554,O005472,P0025,2.0,0.082
LI002555,O001270,P0058,4.0,0.244
LI002556,O005806,P0006,2.0,0.07
LI002557,O003051,P0102,2.0,0.203
LI002558,O004060,P0014,1.0,0.128
LI002559,O000971,P0063,4.0,0.051
LI002560,O005703,P0118,4.0,0.18
LI002561,O002206,P0101,1.0,0.139
LI002562,O004795,P0075,2.0,0.133
LI002563,O000166,P0065,5.0,0.007
LI002564,O006178,P0052,3.0,0.083
LI002565,O000255,P0106,4.0,0.184
LI002566,O000302,P0065,1.0,0.199
LI002567,O006364,P0117,5.0,0.204
LI002568,O003104,P0100,3.0,0.009
LI002569,O005031,P0008,5.0,0.041
LI002570,O003841,P0096,2.0,0.246
LI002571,O002557,P0097,1.0,0.039
LI002572,O001506,P0008,3.0,0.053
LI002573,O001257,P0014,3.0,0.201
LI002574,O005049,P0024,2.0,0.098
LI002575,O002263,P0064,2.0,0.029
LI002576,O004341,P0113,2.0,0.031
LI002577,O006164,P0105,1.0,0.021
LI002578,O000210,P0093,4.0,0.045
LI002579,O003794,P0025,5.0,0.124
LI002580,O004522,P0006,1.0,0.004
LI002581,O003048,P0001,1.0,0.029
LI002582,O000981,P0119,5.0,0.227
LI002583,O002120,P0087,3.0,0.219
LI002584,O003746,P0105,5.0,0.208
LI002585,O000178,P0033,2.0,0.177
LI002586,O001547,P0014,3.0,0.165
LI002587,O005995,P0063,1.0,0.069
LI002588,O002035,P0056,5.0,0.084
LI002589,O000299,P0062,1.0,0.059
LI002590,O006410,P0028,1.0,0.245
LI002591,O002568,P0029,5.0,0.159
LI002592,O003567,P0107,1.0,0.241
LI002593,O004040,P0104,4.0,0.068
LI002594,O000275,P0023,4.0,0.155
LI002595,O005825,P0044,1.0,0.19
LI002596,O005943,P0038,3.0,0.024
LI002597,O002996,P0049,3.0,0.167
LI002598,O005891,P0043,3.0,0.042
LI002599,O000053,P0010,3.0,0.082
LI002600,O005942,P0027,4.0,0.179
LI002601,O001424,P0008,3.0,0.11
LI002602,O005534,P0108,5.0,0.23
LI002603,O001628,P0117,3.0,0.06
LI002604,O006044,P0068,5.0,0.038
LI002605,O000489,P0085,4.0,0.084
LI002606,O002355,P0085,5.0,0.213
LI002607,O000417,P0030,5.0,0.212
LI002608,O002557,P0013,1.0,0.092
LI002609,O000921,P0058,5.0,0.202
LI002610,O001554,P0003,1.0,0.019
LI002611,O002686,P0084,3.0,0.002
LI002612,O000666,P0100,5.0,0.216
LI002613,O004102,P0104,5.0,0.219
LI002614,O002470,P0005,2.0,0.036
LI002615,O001475,P0022,3.0,0.074
LI002616,O006478,P0058,5.0,0.213
LI002617,O005568,P0066,5.0,0.021
LI002618,O000338,P0089,2.0,0.216
LI002619,O003160,P0040,1.0,0.144
LI002620,O000269,P0088,3.0,0.164
LI002621,O006209,P0005,2.0,0.149
LI002622,O001088,P0016,3.0,0.146
LI002623,O001294,P0117,3.0,0.046
LI002624,O000657,P0015,1.0,0.059
LI002625,O005497,P0115,1.0,0.145
LI002626,O005965,P0077,4.0,0.1
LI002627,O002829,P0075,2.0,0.135
LI002628,O006473,P0080,2.0,0.063
LI002629,O003974,P0018,3.0,0.116
LI002630,O005753,P0089,4.0,0.036
LI002631,O004958,P0047,4.0,0.01
LI002632,O001337,P0102,3.0,0.238
LI002633,O002357,P0104,1.0,0.181
LI002634,O001668,P0004,4.0,0.125
LI002635,O001826,P0053,2.0,0.138
LI002636,O004031,P0058,1.0,0.128
LI002637,O001213,P0112,5.0,0.225
LI002638,O002769,P0085,4.0,0.193
LI002639,O005162,P0075,3.0,0.081
LI002640,O004416,P0058,2.0,0.055
LI002641,O003059,P0116,4.0,0.017
LI002642,O005777,P0059,3.0,0.037
LI002643,O000445,P0034,2.0,0.123
LI002644,O001398,P0030,4.0,0.051
LI002645,O004382,P0054,2.0,0.078
LI002646,O002219,P0068,5.0,0.033
LI002647,O003677,P0078,2.0,0.231
LI002648,O002311,P0075,3.0,0.008
LI002649,O004041,P0068,4.0,0.088
LI002650,O003607,P0026,3.0,0.065
LI002651,O001828,P0003,5.0,0.002
LI002652,O006286,P0120,1.0,0.232
LI002653,O003220,P0118,2.0,0.078
LI002654,O005560,P0057,3.0,0.126
LI002655,O004689,P0037,4.0,0.146
LI002656,O004512,P0038,4.0,0.153
LI002657,O002073,P0041,1.0,0.115
LI002658,O004190,P0004,4.0,0.148
LI002659,O006449,P0026,5.0,0.188
LI002660,O006329,P0039,1.0,0.238
LI002661,O002331,P0109,5.0,0.164
LI002662,O005275,P0106,2.0,0.116
LI002663,O000686,P0108,5.0,0.111
LI002664,O004959,P0042,2.0,0.177
LI002665,O000685,P0011,5.0,0.157
LI002666,O005134,P0011,1.0,0.105
LI002667,O002938,P0054,2.0,0.084
LI002668,O003712,P0102,5.0,0.248
LI002669,O000341,P0038,5.0,0.192
LI002670,O004700,P0020,4.0,0.052
LI002671,O005903,P0026,5.0,0.073
LI002672,O000734,P0102,4.0,0.223
LI002673,O001497,P0076,5.0,0.165
LI002674,O003894,P0119,3.0,0.078
LI002675,O002955,P0093,4.0,0.091
LI002676,O001132,P0014,1.0,0.095
LI002677,O005451,P0050,1.0,0.047
LI002678,O004636,P0025,2.0,0.128
LI002679,O001733,P0055,1.0,0.191
LI002680,O003036,P0051,2.0,0.141
LI002681,O005832,P0106,1.0,0.164
LI002682,O002714,P0106,4.0,0.149
LI002683,O006304,P0103,3.0,0.015
LI002684,O002480,P0090,2.0,0.047
LI002685,O001420,P0010,3.0,0.088
LI002686,O001990,P0014,5.0,0.222
LI002687,O004711,P0005,5.0,0.087
LI002688,O000488,P0057,3.0,0.082
LI002689,O003820,P0022,4.0,0.02
LI002690,O005309,P0075,3.0,0.243
LI002691,O001442,P0029,3.0,0.195
LI002692,O002391,P0007,3.0,0.191
LI002693,O001385,P0116,2.0,0.096
LI002694,O002157,P0018,2.0,0.02
LI002695,O004945,P0031,3.0,0.066
LI002696,O004397,P0043,4.0,0.213
LI002697,O001392,P0084,5.0,0.045
LI002698,O005436,P0035,5.0,0.224
LI002699,O004801,P0071,5.0,0.134
LI002700,O003143,P0094,1.0,0.179
LI002701,O000269,P0004,4.0,0.113
LI002702,O003918,P0051,2.0,0.233
LI002703,O001525,P0094,5.0,0.06
LI002704,O000478,P0030,2.0,0.143
LI002705,O004272,P0094,2.0,0.017
LI002706,O000239,P0053,2.0,0.12
LI002707,O006065,P0082,2.0,0.243
LI002708,O000610,P0107,3.0,0.022
LI002709,O005884,P0110,2.0,0.127
LI002710,O004588,P0074,1.0,0.151
LI002711,O006243,P0014,2.0,0.233
LI002712,O004425,P0036,5.0,0.074
LI002713,O003398,P0087,2.0,0.126
LI002714,O004541,P0012,5.0,0.247
LI002715,O005786,P0076,2.0,0.192
LI002716,O005094,P0034,4.0,0.203
LI002717,O006439,P0026,3.0,0.195
LI002718,O004538,P0006,5.0,0.129
LI002719,O004891,P0101,1.0,0.109
LI002720,O001832,P0115,2.0,0.064
LI002721,O004987,P0053,5.0,0.116
LI002722,O006175,P0015,3.0,0.005
LI002723,O001155,P0106,2.0,0.024
LI002724,O001752,P0103,3.0,0.072
LI002725,O003599,P0019,1.0,0.083
LI002726,O002486,P0104,5.0,0.177
LI002727,O005446,P0047,1.0,0.043
LI002728,O003339,P0087,3.0,0.199
LI002729,O002334,P0100,4.0,0.2
LI002730,O004387,P0077,4.0,0.147
LI002731,O004464,P0095,5.0,0.123
LI002732,O004582,P0061,2.0,0.117
LI002733,O000168,P0101,1.0,0.105
LI002734,O005981,P0090,4.0,0.022
LI002735,O003543,P0107,4.0,0.164
LI002736,O004010,P0112,2.0,0.144
LI002737,O005887,P0052,1.0,0.004
LI002738,O000078,P0018,3.0,0.051
LI002739,O002899,P0060,4.0,0.109
LI002740,O001109,P0047,5.0,0.225
LI002741,O000892,P0057,5.0,0.248
LI002742,O004757,P0033,3.0,0.188
LI002743,O001225,P0104,2.0,0.187
LI002744,O004685,P0032,2.0,0.104
LI002745,O000565,P0004,4.0,0.143
LI002746,O002860,P0041,4.0,0.058
LI002747,O000302,P0019,4.0,0.185
LI002748,O006437,P0007,3.0,0.015
LI002749,O004390,P0111,3.0,0.104
LI002750,O000109,P0099,4.0,0.208
LI002751,O002413,P0026,2.0,0.245
LI002752,O002648,P0108,1.0,0.174
LI002753,O002726,P0087,4.0,0.049
LI002754,O005614,P0098,2.0,0.143
LI002755,O003339,P0051,2.0,0.14
LI002756,O002141,P0056,5.0,0.241
LI002757,O005805,P0071,1.0,0.21
LI002758,O004524,P0075,4.0,0.012
LI002759,O004734,P0051,1.0,0.055
LI002760,O003814,P0008,4.0,0.21
LI002761,O004201,P0013,1.0,0.243
LI002762,O002257,P0032,1.0,0.074
LI002763,O003646,P0105,2.0,0.173
LI002764,O003060,P0034,1.0,0.077
LI002765,O002522,P0018,1.0,0.01
LI002766,O005181,P0079,4.0,0.207
LI002767,O003418,P0055,2.0,0.185
LI002768,O000012,P0043,1.0,0.013
LI002769,O004745,P0024,2.0,0.036
LI002770,O003267,P0111,2.0,0.25
LI002771,O003146,P0021,3.0,0.163
LI002772,O000875,P0018,4.0,0.2
LI002773,O002434,P0014,3.0,0.097
LI002774,O000884,P0053,2.0,0.13
LI002775,O004651,P0019,1.0,0.155
LI002776,O003986,P0077,4.0,0.202
LI002777,O005556,P0057,5.0,0.085
LI002778,O005440,P0064,4.0,0.168
LI002779,O005991,P0080,3.0,0.194
LI002780,O005085,P0002,4.0,0.201
LI002781,O001580,P0057,1.0,0.125
LI002782,O003772,P0034,4.0,0.118
LI002783,O000353,P0049,5.0,0.026
LI002784,O001507,P0090,3.0,0.124
LI002785,O003488,P0054,3.0,0.175
LI002786,O002852,P0022,2.0,0.23
LI002787,O002030,P0084,3.0,0.031
LI002788,O001847,P0093,5.0,0.242
LI002789,O002391,P0082,5.0,0.059
LI002790,O004031,P0093,3.0,0.044
LI002791,O003439,P0106,4.0,0.029
LI002792,O002384,P0044,5.0,0.248
LI002793,O003368,P0091,3.0,0.14
LI002794,O006168,P0035,3.0,0.068
LI002795,O004981,P0029,4.0,0.079
LI002796,O001466,P0006,3.0,0.238
LI002797,O002152,P0116,1.0,0.225
LI002798,O003484,P0037,2.0,0.087
LI002799,O000574,P0089,5.0,0.016
LI002800,O005785,P0085,4.0,0.208
LI002801,O000775,P0058,4.0,0.229
LI002802,O003366,P0064,2.0,0.209
LI002803,O004339,P0031,1.0,0.228
LI002804,O006486,P0104,2.0,0.144
LI002805,O003931,P0050,3.0,0.21
LI002806,O002681,P0080,4.0,0.236
LI002807,O004961,P0060,3.0,0.222
LI002808,O002221,P0014,4.0,0.147
LI002809,O001440,P0070,4.0,0.187
LI002810,O006247,P0011,3.0,0.18
LI002811,O006304,P0027,2.0,0.201
LI002812,O000714,P0102,5.0,0.057
LI002813,O000576,P0069,5.0,0.001
LI002814,O006340,P0079,2.0,0.127
LI002815,O005085,P0038,1.0,0.191
LI002816,O005511,P0062,2.0,0.031
LI002817,O002982,P0053,2.0,0.133
LI002818,O000070,P0080,2.0,0.079
LI002819,O003765,P0018,5.0,0.21
LI002820,O004939,P0117,4.0,0.025
LI002821,O006391,P0097,1.0,0.212
LI002822,O002377,P0099,1.0,0.153
LI002823,O002206,P0119,1.0,0.23
LI002824,O000918,P0052,3.0,0.234
LI002825,O002746,P0024,2.0,0.202
LI002826,O000743,P0099,4.0,0.133
LI002827,O004151,P0007,4.0,0.036
LI002828,O002534,P0014,3.0,0.056
LI002829,O001838,P0050,5.0,0.104
LI002830,O001377,P0094,3.0,0.182
LI002831,O000410,P0024,3.0,0.136
LI002832,O003008,P0079,2.0,0.11
LI002833,O002953,P0013,5.0,0.119
LI002834,O005135,P0019,3.0,0.185
LI002835,O004243,P0029,4.0,0.009
LI002836,O005610,P0022,2.0,0.111
LI002837,O001680,P0002,5.0,0.143
LI002838,O005145,P0103,4.0,0.147
LI002839,O001715,P0077,1.0,0.155
LI002840,O006477,P0036,2.0,0.013
LI002841,O001198,P0038,4.0,0.139
LI002842,O005895,P0018,3.0,0.138
LI002843,O002338,P0051,3.0,0.214
LI002844,O003217,P0015,2.0,0.19
LI002845,O002957,P0099,5.0,0.008
LI002846,O003194,P0052,3.0,0.139
LI002847,O000027,P0017,4.0,0.173
LI002848,O003138,P0112,1.0,0.145
LI002849,O005221,P0077,5.0,0.169
LI002850,O002974,P0022,2.0,0.029
LI002851,O003166,P0054,3.0,0.042
LI002852,O001091,P0052,5.0,0.146
LI002853,O000250,P0104,1.0,0.2
LI002854,O000142,P0085,5.0,0.006
LI002855,O000267,P0090,5.0,0.109
LI002856,O004311,P0046,2.0,0.248
LI002857,O000489,P0004,1.0,0.191
LI002858,O000496,P0007,1.0,0.113
LI002859,O000480,P0010,5.0,0.025
LI002860,O002691,P0015,3.0,0.09
LI002861,O004097,P0026,5.0,0.039
LI002862,O003081,P0080,4.0,0.23
LI002863,O006000,P0040,3.0,0.171
LI002864,O004937,P0098,2.0,0.214
LI002865,O002428,P0061,1.0,0.224
LI002866,O000844,P0081,3.0,0.152
LI002867,O003216,P0102,2.0,0.002
LI002868,O005982,P0016,5.0,0.139
LI002869,O003912,P0098,2.0,0.201
LI002870,O004078,P0120,4.0,0.079
LI002871,O002350,P0093,2.0,0.232
LI002872,O000650,P0117,3.0,0.249
LI002873,O005537,P0018,1.0,0.137
LI002874,O001894,P0075,3.0,0.133
LI002875,O002857,P0076,3.0,0.164
LI002876,O003251,P0101,1.0,0.142
LI002877,O005398,P0002,4.0,0.04
LI002878,O002387,P0054,3.0,0.068
LI002879,O005579,P0120,1.0,0.05
LI002880,O001726,P0018,1.0,0.018
LI002881,O001355,P0054,3.0,0.035
LI002882,O001294,P0038,1.0,0.243
LI002883,O003047,P0097,5.0,0.139
LI002884,O003259,P0073,3.0,0.031
LI002885,O002714,P0015,4.0,0.178
LI002886,O005292,P0064,5.0,0.119
LI002887,O000404,P0092,4.0,0.056
LI002888,O005588,P0008,3.0,0.236
LI002889,O006391,P0046,2.0,0.056
LI002890,O003973,P0100,1.0,0.024
LI002891,O004033,P0039,5.0,0.051
LI002892,O001547,P0052,3.0,0.228
LI002893,O002607,P0008,1.0,0.214
LI002894,O002826,P0106,2.0,0.224
LI002895,O001853,P0050,4.0,0.229
LI002896,O004207,P0050,3.0,0.019
LI002897,O000813,P0083,3.0,0.178
LI002898,O003375,P0068,2.0,0.166
LI002899,O000930,P0027,4.0,0.248
LI002900,O004982,P0077,3.0,0.179
LI002901,O005005,P0038,1.0,0.198
LI002902,O004076,P0021,2.0,0.179
LI002903,O006436,P0090,3.0,0.155
LI002904,O006079,P0045,4.0,0.138
LI002905,O003324,P0058,5.0,0.242
LI002906,O000175,P0023,3.0,0.234
LI002907,O006253,P0054,4.0,0.109
LI002908,O001364,P0030,2.0,0.071
LI002909,O002896,P0095,4.0,0.127
LI002910,O001038,P0095,4.0,0.187
LI002911,O003012,P0016,2.0,0.1
LI002912,O002091,P0052,5.0,0.134
LI002913,O000461,P0106,1.0,0.075
LI002914,O002753,P0041,5.0,0.107
LI002915,O000149,P0071,1.0,0.239
LI002916,O004434,P0081,1.0,0.054
LI002917,O005099,P0024,1.0,0.247
LI002918,O006368,P0020,3.0,0.054
LI002919,O001134,P0103,5.0,0.08
LI002920,O000354,P0027,4.0,0.022
LI002921,O001108,P0002,3.0,0.188
LI002922,O002603,P0060,2.0,0.004
LI002923,O002114,P0051,2.0,0.197
LI002924,O004095,P0001,1.0,0.144
LI002925,O006011,P0098,3.0,0.187
LI002926,O003686,P0091,3.0,0.196
LI002927,O003207,P0101,2.0,0.031
LI002928,O001110,P0114,4.0,0.005
LI002929,O004180,P0006,5.0,0.042
LI002930,O001978,P0038,5.0,0.096
LI002931,O000227,P0054,1.0,0.018
LI002932,O002940,P0060,1.0,0.114
LI002933,O001013,P0027,1.0,0.071
LI002934,O004116,P0112,2.0,0.091
LI002935,O003107,P0080,2.0,0.235
LI002936,O003937,P0062,5.0,0.181
LI002937,O002803,P0063,1.0,0.165
LI002938,O001467,P0099,3.0,0.163
LI002939,O002989,P0091,4.0,0.139
LI002940,O000270,P0035,2.0,0.128
LI002941,O003807,P0058,1.0,0.221
LI002942,O001532,P0119,1.0,0.019
LI002943,O000304,P0061,2.0,0.072
LI002944,O005405,P0036,5.0,0.026
LI002945,O004906,P0102,5.0,0.003
LI002946,O005149,P0092,5.0,0.003
LI002947,O001933,P0056,5.0,0.006
LI002948,O002041,P0067,3.0,0.17
LI002949,O005005,P0057,1.0,0.028
LI002950,O004022,P0041,5.0,0.051
LI002951,O000142,P0031,5.0,0.105
LI002952,O005776,P0003,4.0,0.067
LI002953,O000809,P0038,4.0,0.204
LI002954,O000948,P0053,1.0,0.156
LI002955,O003952,P0052,2.0,0.083
LI002956,O003413,P0024,5.0,0.079
LI002957,O002293,P0026,3.0,0.171
LI002958,O000766,P0105,4.0,0.043
LI002959,O002924,P0111,5.0,0.07
LI002960,O005016,P0092,2.0,0.088
LI002961,O000939,P0073,3.0,0.114
LI002962,O002497,P0037,4.0,0.048
LI002963,O006410,P0117,2.0,0.039
LI002964,O003563,P0091,2.0,0.247
LI002965,O001263,P0048,3.0,0.228
LI002966,O006394,P0067,3.0,0.131
LI002967,O005051,P0041,4.0,0.191
LI002968,O005411,P0049,3.0,0.169
LI002969,O000543,P0028,5.0,0.019
LI002970,O002680,P0032,3.0,0.129
LI002971,O005199,P0099,2.0,0.046
LI002972,O002955,P0071,3.0,0.146
LI002973,O002932,P0071,4.0,0.015
LI002974,O002782,P0085,5.0,0.041
LI002975,O004240,P0032,3.0,0.195
LI002976,O002992,P0038,5.0,0.211
LI002977,O002613,P0020,3.0,0.227
LI002978,O003649,P0008,5.0,0.224
LI002979,O001200,P0068,3.0,0.227
LI002980,O002118,P0026,3.0,0.024
LI002981,O002681,P0079,1.0,0.165
LI002982,O002849,P0070,2.0,0.175
LI002983,O006324,P0048,4.0,0.067
LI002984,O004689,P0096,4.0,0.248
LI002985,O004663,P0069,1.0,0.071
LI002986,O004787,P0108,3.0,0.144
LI002987,O003682,P0046,2.0,0.218
LI002988,O005230,P0058,5.0,0.072
LI002989,O003496,P0070,1.0,0.152
LI002990,O000665,P0067,4.0,0.18
LI002991,O006079,P0029,4.0,0.157
LI002992,O004502,P0083,4.0,0.101
LI002993,O005082,P0010,3.0,0.236
LI002994,O003163,P0071,5.0,0.153
LI002995,O003366,P0109,5.0,0.056
LI002996,O001417,P0065,5.0,0.202
LI002997,O003109,P0065,3.0,0.164
LI002998,O000517,P0017,4.0,0.027
LI002999,O000850,P0022,4.0,0.07
LI003000,O001902,P0100,3.0,0.04
LI003001,O000908,P0014,2.0,0.018
LI003002,O000316,P0006,3.0,0.058
LI003003,O003244,P0030,3.0,0.07
LI003004,O005382,P0110,4.0,0.117
LI003005,O001508,P0047,5.0,0.242
LI003006,O004123,P0097,4.0,0.236
LI003007,O001519,P0020,2.0,0.188
LI003008,O004151,P0016,1.0,0.162
LI003009,O001935,P0068,1.0,0.237
LI003010,O005952,P0034,3.0,0.036
LI003011,O004345,P0001,1.0,0.083
LI003012,O006417,P0077,5.0,0.138
LI003013,O001802,P0048,4.0,0.203
LI003014,O006335,P0008,2.0,0.156
LI003015,O002623,P0022,2.0,0.202
LI003016,O000857,P0068,2.0,0.038
LI003017,O005566,P0034,4.0,0.048
LI003018,O001877,P0060,5.0,0.185
LI003019,O001526,P0045,2.0,0.087
LI003020,O001417,P0037,1.0,0.109
LI003021,O003480,P0023,5.0,0.198
LI003022,O003872,P0084,5.0,0.018
LI003023,O001795,P0117,5.0,0.042
LI003024,O003066,P0024,2.0,0.074
LI003025,O002721,P0091,5.0,0.221
LI003026,O004205,P0013,2.0,0.101
LI003027,O003677,P0069,1.0,0.063
LI003028,O005077,P0080,1.0,0.17
LI003029,O006370,P0060,1.0,0.008
LI003030,O000353,P0038,1.0,0.194
LI003031,O003232,P0048,5.0,0.174
LI003032,O001428,P0093,5.0,0.014
LI003033,O005827,P0026,2.0,0.125
LI003034,O002193,P0086,1.0,0.101
LI003035,O001778,P0088,3.0,0.04
LI003036,O003537,P0077,1.0,0.039
LI003037,O001117,P0107,4.0,0.04
LI003038,O002321,P0085,3.0,0.15
LI003039,O000534,P0001,4.0,0.043
LI003040,O001218,P0004,3.0,0.015
LI003041,O002989,P0067,2.0,0.239
LI003042,O002229,P0114,5.0,0.01
LI003043,O005352,P0087,2.0,0.166
LI003044,O001980,P0080,3.0,0.234
LI003045,O002077,P0109,1.0,0.009
LI003046,O000532,P0013,2.0,0.241
LI003047,O003077,P0039,3.0,0.126
LI003048,O001945,P0031,1.0,0.196
LI003049,O004236,P0024,5.0,0.156
LI003050,O003100,P0111,3.0,0.154
LI003051,O006242,P0079,4.0,0.197
LI003052,O004358,P0005,4.0,0.016
LI003053,O003830,P0049,4.0,0.098
LI003054,O004115,P0086,1.0,0.242
LI003055,O006156,P0086,1.0,0.014
LI003056,O002585,P0011,2.0,0.066
LI003057,O001549,P0024,1.0,0.168
LI003058,O001489,P0045,3.0,0.025
LI003059,O003660,P0074,4.0,0.134
LI003060,O006403,P0111,5.0,0.178
LI003061,O006168,P0034,4.0,0.189
LI003062,O005128,P0011,3.0,0.14
LI003063,O000228,P0057,5.0,0.125
LI003064,O004472,P0107,2.0,0.178
LI003065,O005243,P0029,1.0,0.036
LI003066,O005210,P0022,3.0,0.17
LI003067,O006368,P0033,1.0,0.23
LI003068,O004832,P0072,2.0,0.171
LI003069,O004353,P0049,5.0,0.012
LI003070,O004929,P0096,3.0,0.126
LI003071,O005903,P0104,5.0,0.182
LI003072,O004797,P0109,3.0,0.011
LI003073,O005007,P0023,2.0,0.191
LI003074,O000699,P0069,2.0,0.07
LI003075,O000438,P0095,2.0,0.147
LI003076,O005820,P0029,1.0,0.242
LI003077,O006181,P0006,4.0,0.249
LI003078,O001685,P0052,5.0,0.159
LI003079,O002154,P0089,3.0,0.123
LI003080,O004711,P0089,5.0,0.044
LI003081,O006039,P0095,4.0,0.052
LI003082,O006009,P0014,1.0,0.107
LI003083,O006376,P0017,1.0,0.176
LI003084,O002915,P0080,4.0,0.192
LI003085,O003218,P0028,3.0,0.055
LI003086,O005137,P0009,4.0,0.134
LI003087,O005279,P0115,1.0,0.148
LI003088,O000960,P0066,1.0,0.223
LI003089,O001840,P0004,5.0,0.219
LI003090,O005402,P0020,3.0,0.204
LI003091,O000278,P0041,3.0,0.129
LI003092,O004221,P0036,1.0,0.016
LI003093,O003757,P0101,4.0,0.084
LI003094,O001344,P0006,1.0,0.155
LI003095,O004771,P0116,5.0,0.159
LI003096,O000715,P0065,4.0,0.212
LI003097,O006107,P0109,1.0,0.095
LI003098,O001506,P0050,3.0,0.234
LI003099,O003922,P0064,5.0,0.041
LI003100,O002715,P0003,1.0,0.012
LI003101,O001348,P0116,1.0,0.044
LI003102,O005009,P0037,2.0,0.116
LI003103,O006086,P0109,4.0,0.206
LI003104,O002443,P0106,2.0,0.038
LI003105,O004869,P0003,3.0,0.137
LI003106,O006330,P0107,4.0,0.194
LI003107,O003961,P0033,5.0,0.009
LI003108,O005177,P0059,4.0,0.01
LI003109,O001753,P0015,1.0,0.123
LI003110,O002506,P0120,1.0,0.046
LI003111,O005097,P0056,1.0,0.113
LI003112,O001738,P0061,4.0,0.011
LI003113,O004170,P0068,1.0,0.244
LI003114,O001109,P0079,1.0,0.164
LI003115,O002680,P0071,2.0,0.172
LI003116,O001038,P0111,1.0,0.127
LI003117,O005761,P0068,2.0,0.206
LI003118,O000912,P0062,3.0,0.208
LI003119,O004890,P0067,4.0,0.04
LI003120,O002097,P0023,2.0,0.192
LI003121,O003014,P0014,4.0,0.142
LI003122,O000359,P0006,4.0,0.191
LI003123,O006386,P0033,5.0,0.23
LI003124,O005954,P0009,2.0,0.084
LI003125,O001077,P0012,1.0,0.143
LI003126,O005897,P0114,5.0,0.197
LI003127,O005672,P0099,2.0,0.247
LI003128,O005816,P0117,2.0,0.153
LI003129,O005765,P0095,3.0,0.18
LI003130,O002104,P0051,1.0,0.212
LI003131,O004975,P0003,3.0,0.188
LI003132,O003528,P0056,4.0,0.236
LI003133,O002303,P0046,1.0,0.057
LI003134,O004101,P0036,3.0,0.227
LI003135,O001605,P0013,3.0,0.052
LI003136,O001076,P0013,1.0,0.141
LI003137,O004049,P0058,2.0,0.131
LI003138,O000329,P0098,4.0,0.208
LI003139,O006242,P0085,5.0,0.1
LI003140,O003233,P0034,5.0,0.036
LI003141,O003478,P0106,5.0,0.177
LI003142,O001003,P0043,4.0,0.152
LI003143,O004879,P0028,1.0,0.207
LI003144,O000577,P0056,1.0,0.19
LI003145,O000327,P0047,1.0,0.224
LI003146,O006387,P0035,5.0,0.21
LI003147,O001528,P0078,2.0,0.172
LI003148,O002822,P0082,3.0,0.116
LI003149,O001466,P0019,5.0,0.005
LI003150,O003226,P0083,4.0,0.077
LI003151,O002282,P0097,1.0,0.182
LI003152,O004748,P0051,3.0,0.015
LI003153,O002381,P0099,1.0,0.189
LI003154,O000495,P0020,1.0,0.129
LI003155,O001139,P0029,1.0,0.217
LI003156,O002417,P0072,2.0,0.165
LI003157,O001357,P0089,3.0,0.2
LI003158,O001154,P0081,5.0,0.043
LI003159,O003250,P0065,2.0,0.043
LI003160,O002143,P0038,4.0,0.053
LI003161,O003389,P0049,4.0,0.083
LI003162,O001125,P0117,5.0,0.226
LI003163,O005316,P0094,3.0,0.194
LI003164,O000802,P0028,5.0,0.091
LI003165,O002043,P0033,2.0,0.23
LI003166,O000208,P0013,3.0,0.195
LI003167,O002655,P0088,4.0,0.164
LI003168,O000473,P0044,3.0,0.109
LI003169,O001639,P0101,3.0,0.163
LI003170,O005128,P0086,3.0,0.148
LI003171,O000136,P0052,5.0,0.195
LI003172,O004357,P0077,1.0,0.056
LI003173,O001171,P0104,2.0,0.221
LI003174,O000458,P0076,3.0,0.148
LI003175,O006025,P0041,3.0,0.202
LI003176,O005817,P0049,5.0,0.087
LI003177,O001437,P0110,2.0,0.098
LI003178,O003572,P0007,2.0,0.234
LI003179,O006376,P0036,4.0,0.155
LI003180,O002149,P0093,2.0,0.079
LI003181,O004243,P0093,2.0,0.021
LI003182,O004813,P0026,3.0,0.109
LI003183,O000507,P0027,1.0,0.212
LI003184,O002606,P0024,3.0,0.063
LI003185,O006248,P0095,5.0,0.215
LI003186,O002384,P0071,2.0,0.04
LI003187,O000446,P0081,1.0,0.032
LI003188,O002782,P0113,3.0,0.151
LI003189,O000444,P0033,4.0,0.201
LI003190,O000118,P0098,5.0,0.195
LI003191,O001541,P0018,5.0,0.136
LI003192,O005025,P0105,5.0,0.16
LI003193,O002771,P0005,3.0,0.065
LI003194,O000567,P0001,1.0,0.138
LI003195,O003603,P0071,1.0,0.052
LI003196,O001937,P0098,2.0,0.232
LI003197,O004184,P0003,1.0,0.17
LI003198,O001653,P0036,4.0,0.141
LI003199,O004572,P0035,5.0,0.062
LI003200,O005802,P0051,3.0,0.102
LI003201,O005605,P0012,5.0,0.195
LI003202,O004391,P0015,5.0,0.06
LI003203,O004816,P0004,4.0,0.032
LI003204,O005501,P0056,5.0,0.077
LI003205,O005091,P0097,5.0,0.199
LI003206,O005403,P0016,4.0,0.221
LI003207,O004782,P0093,4.0,0.104
LI003208,O002687,P0006,1.0,0.195
LI003209,O001204,P0063,5.0,0.083
LI003210,O005057,P0113,2.0,0.127
LI003211,O005031,P0101,2.0,0.005
LI003212,O002938,P0023,2.0,0.178
LI003213,O000406,P0077,4.0,0.18
LI003214,O003908,P0044,5.0,0.025
LI003215,O005387,P0001,1.0,0.09
LI003216,O005714,P0057,5.0,0.121
LI003217,O005184,P0076,2.0,0.194
LI003218,O004215,P0027,3.0,0.206
LI003219,O004080,P0025,2.0,0.18
LI003220,O006485,P0086,4.0,0.054
LI003221,O000313,P0062,5.0,0.089
LI003222,O000163,P0098,4.0,0.062
LI003223,O001529,P0018,1.0,0.159
LI003224,O004389,P0105,5.0,0.162
LI003225,O004786,P0080,5.0,0.004
LI003226,O005497,P0093,5.0,0.183
LI003227,O001566,P0030,3.0,0.057
LI003228,O004769,P0030,5.0,0.2
LI003229,O000399,P0084,3.0,0.208
LI003230,O003587,P0047,5.0,0.199
LI003231,O001048,P0022,2.0,0.102
LI003232,O001943,P0042,1.0,0.087
LI003233,O003131,P0034,5.0,0.109
LI003234,O002797,P0063,4.0,0.132
LI003235,O000240,P0004,2.0,0.062
LI003236,O002359,P0114,4.0,0.233
LI003237,O006465,P0031,4.0,0.126
LI003238,O000672,P0051,3.0,0.018
LI003239,O002620,P0050,1.0,0.249
LI003240,O002462,P0014,4.0,0.121
LI003241,O003394,P0008,2.0,0.237
LI003242,O000402,P0101,1.0,0.098
LI003243,O002107,P0069,2.0,0.056
LI003244,O004149,P0008,4.0,0.184
LI003245,O001088,P0011,1.0,0.108
LI003246,O001143,P0120,5.0,0.22
LI003247,O004382,P0029,4.0,0.116
LI003248,O002066,P0055,4.0,0.085
LI003249,O005125,P0085,3.0,0.242
LI003250,O003909,P0039,2.0,0.208
LI003251,O006025,P0013,5.0,0.051
LI003252,O004256,P0064,1.0,0.122
LI003253,O003960,P0049,4.0,0.028
LI003254,O000142,P0019,4.0,0.027
LI003255,O000397,P0067,5.0,0.213
LI003256,O005138,P0098,4.0,0.233
LI003257,O002628,P0102,2.0,0.185
LI003258,O004630,P0083,1.0,0.247
LI003259,O001556,P0096,5.0,0.011
LI003260,O005895,P0111,5.0,0.083
LI003261,O002509,P0100,3.0,0.033
LI003262,O005730,P0115,1.0,0.196
LI003263,O004382,P0103,5.0,0.223
LI003264,O001029,P0052,4.0,0.112
LI003265,O002177,P0117,1.0,0.207
LI003266,O005052,P0078,2.0,0.212
LI003267,O000671,P0071,5.0,0.035
LI003268,O004595,P0020,2.0,0.094
LI003269,O006420,P0096,5.0,0.047
LI003270,O005203,P0110,4.0,0.168
LI003271,O001856,P0054,3.0,0.097
LI003272,O005238,P0095,4.0,0.167
LI003273,O006173,P0086,2.0,0.219
LI003274,O003430,P0005,1.0,0.103
LI003275,O005277,P0095,2.0,0.243
LI003276,O002079,P0079,3.0,0.102
LI003277,O002007,P0108,5.0,0.053
LI003278,O005406,P0062,5.0,0.132
LI003279,O001689,P0017,2.0,0.1
LI003280,O004432,P0120,1.0,0.031
LI003281,O000570,P0053,5.0,0.006
LI003282,O006457,P0037,5.0,0.186
LI003283,O004695,P0019,3.0,0.233
LI003284,O001147,P0010,3.0,0.11
LI003285,O003775,P0044,1.0,0.016
LI003286,O000865,P0098,5.0,0.185
LI003287,O004901,P0049,4.0,0.217
LI003288,O004410,P0089,2.0,0.081
LI003289,O000028,P0037,5.0,0.056
LI003290,O005350,P0058,2.0,0.084
LI003291,O001030,P0092,5.0,0.227
LI003292,O001997,P0015,3.0,0.104
LI003293,O001342,P0020,1.0,0.164
LI003294,O001249,P0055,4.0,0.019
LI003295,O002137,P0013,3.0,0.07
LI003296,O002088,P0020,1.0,0.057
LI003297,O000681,P0043,3.0,0.016
LI003298,O000375,P0095,2.0,0.03
LI003299,O003370,P0082,5.0,0.104
LI003300,O003046,P0041,3.0,0.14
LI003301,O005138,P0048,1.0,0.078
LI003302,O005647,P0056,5.0,0.105
LI003303,O006276,P0092,2.0,0.19
LI003304,O002338,P0111,2.0,0.062
LI003305,O005950,P0068,4.0,0.009
LI003306,O000806,P0088,5.0,0.064
LI003307,O006353,P0044,2.0,0.23
LI003308,O006471,P0109,3.0,0.005
LI003309,O003040,P0073,2.0,0.032
LI003310,O000279,P0047,2.0,0.016
LI003311,O001406,P0050,2.0,0.094
LI003312,O000788,P0116,4.0,0.162
LI003313,O005048,P0032,1.0,0.228
LI003314,O001333,P0096,2.0,0.199
LI003315,O004373,P0054,1.0,0.063
LI003316,O003148,P0039,5.0,0.159
LI003317,O002346,P0085,1.0,0.166
LI003318,O003450,P0058,5.0,0.023
LI003319,O000433,P0108,4.0,0.107
LI003320,O001010,P0106,5.0,0.078
LI003321,O003850,P0061,5.0,0.039
LI003322,O005192,P0103,3.0,0.015
LI003323,O000317,P0110,4.0,0.007
LI003324,O005308,P0091,2.0,0.215
LI003325,O004217,P0111,4.0,0.083
LI003326,O001366,P0100,3.0,0.123
LI003327,O004400,P0072,5.0,0.073
LI003328,O000936,P0083,4.0,0.041
LI003329,O003519,P0093,3.0,0.065
LI003330,O003788,P0019,2.0,0.042
LI003331,O002769,P0069,5.0,0.189
LI003332,O000496,P0022,4.0,0.227
LI003333,O003593,P0035,4.0,0.109
LI003334,O002233,P0010,5.0,0.206
LI003335,O004019,P0015,4.0,0.106
LI003336,O002936,P0002,5.0,0.112
LI003337,O006476,P0117,3.0,0.121
LI003338,O004809,P0106,5.0,0.205
LI003339,O004446,P0022,2.0,0.234
LI003340,O002368,P0112,5.0,0.186
LI003341,O002585,P0099,4.0,0.222
LI003342,O000906,P0103,5.0,0.161
LI003343,O003228,P0083,5.0,0.21
LI003344,O001828,P0111,5.0,0.139
LI003345,O003723,P0012,2.0,0.193
LI003346,O002581,P0098,2.0,0.176
LI003347,O004598,P0062,4.0,0.187
LI003348,O005274,P0045,4.0,0.059
LI003349,O005010,P0058,5.0,0.038
LI003350,O001516,P0020,1.0,0.163
LI003351,O004623,P0051,3.0,0.121
LI003352,O005289,P0007,5.0,0.191
LI003353,O006123,P0024,3.0,0.037
LI003354,O004807,P0067,2.0,0.237
LI003355,O006137,P0070,4.0,0.176
LI003356,O003004,P0097,1.0,0.006
LI003357,O000112,P0053,4.0,0.144
LI003358,O006196,P0034,2.0,0.078
LI003359,O001673,P0033,5.0,0.069
LI003360,O002303,P0093,2.0,0.226
LI003361,O001651,P0023,1.0,0.209
LI003362,O004396,P0058,5.0,0.002
LI003363,O005054,P0068,5.0,0.045
LI003364,O002475,P0069,1.0,0.18
LI003365,O003996,P0098,4.0,0.212
LI003366,O001891,P0080,5.0,0.179
LI003367,O000307,P0040,4.0,0.131
LI003368,O006243,P0047,3.0,0.246
LI003369,O000121,P0043,1.0,0.199
LI003370,O003102,P0061,3.0,0.117
LI003371,O006115,P0042,5.0,0.146
LI003372,O006374,P0062,1.0,0.011
LI003373,O001278,P0067,5.0,0.241
LI003374,O001428,P0055,1.0,0.091
LI003375,O005614,P0107,4.0,0.165
LI003376,O003103,P0049,2.0,0.167
LI003377,O001186,P0106,2.0,0.014
LI003378,O006028,P0049,1.0,0.066
LI003379,O001456,P0078,3.0,0.164
LI003380,O001180,P0119,1.0,0.228
LI003381,O001347,P0033,4.0,0.195
LI003382,O000629,P0028,3.0,0.145
LI003383,O001215,P0057,1.0,0.058
LI003384,O005296,P0041,1.0,0.237
LI003385,O001962,P0120,5.0,0.101
LI003386,O002996,P0120,4.0,0.037
LI003387,O004613,P0079,4.0,0.005
LI003388,O004941,P0004,2.0,0.238
LI003389,O001548,P0020,5.0,0.194
LI003390,O005691,P0117,3.0,0.054
LI003391,O004916,P0089,2.0,0.035
LI003392,O002859,P0035,4.0,0.24
LI003393,O000762,P0116,1.0,0.06
LI003394,O005459,P0053,5.0,0.115
LI003395,O002367,P0039,4.0,0.153
LI003396,O004207,P0053,4.0,0.016
LI003397,O001842,P0086,5.0,0.086
LI003398,O004903,P0099,4.0,0.236
LI003399,O001497,P0118,2.0,0.175
LI003400,O003920,P0118,5.0,0.092
LI003401,O003089,P0111,4.0,0.198
LI003402,O001244,P0092,4.0,0.209
LI003403,O004583,P0010,5.0,0.038
LI003404,O004907,P0080,1.0,0.147
LI003405,O002044,P0113,3.0,0.092
LI003406,O003377,P0087,5.0,0.127
LI003407,O000517,P0083,1.0,0.117
LI003408,O000835,P0065,4.0,0.126
LI003409,O000624,P0001,2.0,0.13
LI003410,O001048,P0053,4.0,0.017
LI003411,O001565,P0046,4.0,0.044
LI003412,O003983,P0026,1.0,0.142
LI003413,O005252,P0098,5.0,0.234
LI003414,O005441,P0002,3.0,0.187
LI003415,O000497,P0028,3.0,0.06
LI003416,O002430,P0084,5.0,0.09
LI003417,O002264,P0106,5.0,0.084
LI003418,O000543,P0111,2.0,0.192
LI003419,O000916,P0027,5.0,0.243
LI003420,O001802,P0028,2.0,0.089
LI003421,O003083,P0031,5.0,0.004
LI003422,O000082,P0047,2.0,0.234
LI003423,O005090,P0007,5.0,0.188
LI003424,O001180,P0072,5.0,0.209
LI003425,O000166,P0096,3.0,0.052
LI003426,O002256,P0075,4.0,0.161
LI003427,O002072,P0048,4.0,0.058
LI003428,O000807,P0026,2.0,0.003
LI003429,O002739,P0055,1.0,0.039
LI003430,O000332,P0089,3.0,0.231
LI003431,O005682,P0007,5.0,0.054
LI003432,O003591,P0084,3.0,0.146
LI003433,O001535,P0105,1.0,0.242
LI003434,O005713,P0057,3.0,0.019
LI003435,O006385,P0115,1.0,0.202
LI003436,O000181,P0058,1.0,0.149
LI003437,O001317,P0094,1.0,0.081
LI003438,O006113,P0120,1.0,0.091
LI003439,O001107,P0001,1.0,0.007
LI003440,O001590,P0082,5.0,0.064
LI003441,O006234,P0072,3.0,0.106
LI003442,O002487,P0029,4.0,0.179
LI003443,O005835,P0104,4.0,0.069
LI003444,O002591,P0022,5.0,0.145
LI003445,O002241,P0096,2.0,0.183
LI003446,O000488,P0040,1.0,0.175
LI003447,O000612,P0062,3.0,0.148
LI003448,O003421,P0014,1.0,0.145
LI003449,O005209,P0120,1.0,0.18
LI003450,O003195,P0002,4.0,0.084
LI003451,O001398,P0035,1.0,0.113
LI003452,O001457,P0071,3.0,0.242
LI003453,O002194,P0067,3.0,0.167
LI003454,O003075,P0079,4.0,0.13
LI003455,O001338,P0107,5.0,0.145
LI003456,O004423,P0098,4.0,0.026
LI003457,O002201,P0022,4.0,0.148
LI003458,O004498,P0018,1.0,0.209
LI003459,O002868,P0046,2.0,0.131
LI003460,O004584,P0082,5.0,0.044
LI003461,O003883,P0063,5.0,0.112
LI003462,O002115,P0098,5.0,0.07
LI003463,O002137,P0036,1.0,0.09
LI003464,O005255,P0046,4.0,0.056
LI003465,O006346,P0103,1.0,0.083
LI003466,O005299,P0111,3.0,0.205
LI003467,O006483,P0102,2.0,0.189
LI003468,O000079,P0037,2.0,0.123
LI003469,O005717,P0116,1.0,0.196
LI003470,O005653,P0018,4.0,0.244
LI003471,O000378,P0043,5.0,0.102
LI003472,O000165,P0104,3.0,0.245
LI003473,O005660,P0029,3.0,0.061
LI003474,O004845,P0076,2.0,0.239
LI003475,O001721,P0018,4.0,0.216
LI003476,O002985,P0095,5.0,0.05
LI003477,O005942,P0015,2.0,0.087
LI003478,O000155,P0059,4.0,0.177
LI003479,O001147,P0104,5.0,0.048
LI003480,O001064,P0094,1.0,0.148
LI003481,O002217,P0100,4.0,0.134
LI003482,O002840,P0028,3.0,0.073
LI003483,O005450,P0053,4.0,0.075
LI003484,O001464,P0015,4.0,0.129
LI003485,O003471,P0043,4.0,0.075
LI003486,O001517,P0033,5.0,0.045
LI003487,O003051,P0002,5.0,0.193
LI003488,O006498,P0059,1.0,0.145
LI003489,O004424,P0008,1.0,0.109
LI003490,O001527,P0112,5.0,0.045
LI003491,O003611,P0033,5.0,0.149
LI003492,O002393,P0035,2.0,0.157
LI003493,O000789,P0018,4.0,0.12
LI003494,O005415,P0090,4.0,0.093
LI003495,O002549,P0112,3.0,0.217
LI003496,O004658,P0021,5.0,0.176
LI003497,O004609,P0064,5.0,0.089
LI003498,O000516,P0028,1.0,0.148
LI003499,O005636,P0084,1.0,0.058
LI003500,O003063,P0116,4.0,0.003
LI003501,O005282,P0045,4.0,0.217
LI003502,O004763,P0020,5.0,0.205
LI003503,O005647,P0004,4.0,0.16
LI003504,O001568,P0036,5.0,0.203
LI003505,O001449,P0118,3.0,0.195
LI003506,O000967,P0098,3.0,0.215
LI003507,O006077,P0109,2.0,0.223
LI003508,O005695,P0077,1.0,0.205
LI003509,O006077,P0095,2.0,0.213
LI003510,O000364,P0052,3.0,0.125
LI003511,O000108,P0039,4.0,0.177
LI003512,O003095,P0071,1.0,0.083
LI003513,O000623,P0081,1.0,0.215
LI003514,O004417,P0106,2.0,0.215
LI003515,O000510,P0012,1.0,0.017
LI003516,O001065,P0055,3.0,0.087
LI003517,O003866,P0118,4.0,0.043
LI003518,O000304,P0094,2.0,0.034
LI003519,O000969,P0048,4.0,0.104
LI003520,O001439,P0098,2.0,0.156
LI003521,O003522,P0086,5.0,0.086
LI003522,O003872,P0085,1.0,0.077
LI003523,O005514,P0009,5.0,0.024
LI003524,O005085,P0012,1.0,0.096
LI003525,O003501,P0081,5.0,0.118
LI003526,O002200,P0080,4.0,0.1
LI003527,O004355,P0069,3.0,0.17
LI003528,O003902,P0083,2.0,0.072
LI003529,O006071,P0057,1.0,0.179
LI003530,O002271,P0028,2.0,0.221
LI003531,O005386,P0017,3.0,0.148
LI003532,O000230,P0022,5.0,0.097
LI003533,O002487,P0035,4.0,0.045
LI003534,O000150,P0113,2.0,0.233
LI003535,O000910,P0059,5.0,0.188
LI003536,O003529,P0079,1.0,0.062
LI003537,O000978,P0019,2.0,0.038
LI003538,O000635,P0111,2.0,0.012
LI003539,O005990,P0050,1.0,0.048
LI003540,O004718,P0026,3.0,0.183
LI003541,O002191,P0108,5.0,0.157
LI003542,O005044,P0060,2.0,0.242
LI003543,O005190,P0044,5.0,0.08
LI003544,O004150,P0056,4.0,0.197
LI003545,O004940,P0099,5.0,0.03
LI003546,O003475,P0043,5.0,0.141
LI003547,O003781,P0023,1.0,0.117
LI003548,O001866,P0074,5.0,0.21
LI003549,O000299,P0022,3.0,0.175
LI003550,O002740,P0047,5.0,0.049
LI003551,O003726,P0055,4.0,0.246
LI003552,O003392,P0011,5.0,0.206
LI003553,O004541,P0055,1.0,0.089
LI003554,O000098,P0026,4.0,0.207
LI003555,O003198,P0001,1.0,0.239
LI003556,O002106,P0116,3.0,0.223
LI003557,O004273,P0100,3.0,0.139
LI003558,O004815,P0117,1.0,0.144
LI003559,O005405,P0062,3.0,0.027
LI003560,O006135,P0021,1.0,0.041
LI003561,O003523,P0008,2.0,0.246
LI003562,O004419,P0020,5.0,0.192
LI003563,O005820,P0045,2.0,0.006
LI003564,O005490,P0081,3.0,0.137
LI003565,O006086,P0079,1.0,0.086
LI003566,O000846,P0085,1.0,0.078
LI003567,O004186,P0065,1.0,0.139
LI003568,O004227,P0060,1.0,0.08
LI003569,O003882,P0067,5.0,0.063
LI003570,O001053,P0095,4.0,0.234
LI003571,O003849,P0056,2.0,0.01
LI003572,O003616,P0031,3.0,0.109
LI003573,O003158,P0085,1.0,0.128
LI003574,O002106,P0087,2.0,0.11
LI003575,O005177,P0081,4.0,0.164
LI003576,O000994,P0022,2.0,0.006
LI003577,O005514,P0062,3.0,0.221
LI003578,O003097,P0056,1.0,0.125
LI003579,O000190,P0086,3.0,0.138
LI003580,O002124,P0100,1.0,0.116
LI003581,O002419,P0072,4.0,0.111
LI003582,O004995,P0111,3.0,0.047
LI003583,O002899,P0008,2.0,0.126
LI003584,O005857,P0062,4.0,0.105
LI003585,O004602,P0078,3.0,0.117
LI003586,O001967,P0102,1.0,0.003
LI003587,O004279,P0024,4.0,0.033
LI003588,O004250,P0022,1.0,0.191
LI003589,O005389,P0015,5.0,0.105
LI003590,O006050,P0084,2.0,0.186
LI003591,O003412,P0091,1.0,0.043
LI003592,O003947,P0028,3.0,0.175
LI003593,O001047,P0022,5.0,0.072
LI003594,O002574,P0031,4.0,0.176
LI003595,O000606,P0073,3.0,0.022
LI003596,O001367,P0120,4.0,0.083
LI003597,O002927,P0062,5.0,0.03
LI003598,O006483,P0087,3.0,0.157
LI003599,O001959,P0069,1.0,0.098
LI003600,O001065,P0109,3.0,0.019
LI003601,O005796,P0039,2.0,0.132
LI003602,O000518,P0081,1.0,0.006
LI003603,O002455,P0040,2.0,0.205
LI003604,O004234,P0069,3.0,0.235
LI003605,O005219,P0055,3.0,0.203
LI003606,O006485,P0071,4.0,0.238
LI003607,O003808,P0064,3.0,0.224
LI003608,O005436,P0008,1.0,0.224
LI003609,O002590,P0071,2.0,0.061
LI003610,O002273,P0086,5.0,0.058
LI003611,O002309,P0044,2.0,0.202
LI003612,O001103,P0038,4.0,0.123
LI003613,O004793,P0117,5.0,0.236
LI003614,O000811,P0021,5.0,0.224
LI003615,O003764,P0004,3.0,0.223
LI003616,O004569,P0032,4.0,0.082
LI003617,O000077,P0055,4.0,0.033
LI003618,O002310,P0093,3.0,0.169
LI003619,O001026,P0060,1.0,0.11
LI003620,O002065,P0059,3.0,0.233
LI003621,O004440,P0094,4.0,0.213
LI003622,O005036,P0067,5.0,0.232
LI003623,O002742,P0005,1.0,0.142
LI003624,O004942,P0083,4.0,0.132
LI003625,O005127,P0072,4.0,0.212
LI003626,O006390,P0037,3.0,0.128
LI003627,O005082,P0095,2.0,0.225
LI003628,O004000,P0027,4.0,0.009
LI003629,O003229,P0013,2.0,0.09
LI003630,O004270,P0106,1.0,0.209
LI003631,O003559,P0006,5.0,0.052
LI003632,O000846,P0065,2.0,0.1
LI003633,O000693,P0030,2.0,0.003
LI003634,O004049,P0075,2.0,0.075
LI003635,O005105,P0052,2.0,0.08
LI003636,O006425,P0041,2.0,0.183
LI003637,O001333,P0095,1.0,0.169
LI003638,O003038,P0080,4.0,0.111
LI003639,O004333,P0015,5.0,0.182
LI003640,O006301,P0005,4.0,0.107
LI003641,O001275,P0015,1.0,0.109
LI003642,O001245,P0001,1.0,0.161
LI003643,O000338,P0015,2.0,0.181
LI003644,O003295,P0100,1.0,0.212
LI003645,O005331,P0060,1.0,0.188
LI003646,O000337,P0048,2.0,0.168
LI003647,O005254,P0054,1.0,0.14
LI003648,O001868,P0103,1.0,0.077
LI003649,O004006,P0055,1.0,0.065
LI003650,O000495,P0072,3.0,0.211
LI003651,O004643,P0117,4.0,0.179
LI003652,O003887,P0086,3.0,0.166
LI003653,O000161,P0027,4.0,0.065
LI003654,O002037,P0098,2.0,0.242
LI003655,O001742,P0030,2.0,0.02
LI003656,O001508,P0076,4.0,0.21
LI003657,O005622,P0060,4.0,0.053
LI003658,O005084,P0066,5.0,0.098
LI003659,O003561,P0046,4.0,0.107
LI003660,O001376,P0115,4.0,0.166
LI003661,O001554,P0052,2.0,0.137
LI003662,O002282,P0102,2.0,0.047
LI003663,O006120,P0086,1.0,0.008
LI003664,O006014,P0115,1.0,0.179
LI003665,O001869,P0081,2.0,0.126
LI003666,O001602,P0035,1.0,0.09
LI003667,O003828,P0116,3.0,0.071
LI003668,O003481,P0042,3.0,0.206
LI003669,O001300,P0056,1.0,0.199
LI003670,O000711,P0045,1.0,0.207
LI003671,O005573,P0052,4.0,0.055
LI003672,O005138,P0023,4.0,0.213
LI003673,O004168,P0029,3.0,0.246
LI003674,O002047,P0029,3.0,0.15
LI003675,O002882,P0057,4.0,0.012
LI003676,O005475,P0114,4.0,0.176
LI003677,O001818,P0019,4.0,0.135
LI003678,O002199,P0081,1.0,0.178
LI003679,O003333,P0008,2.0,0.047
LI003680,O001104,P0050,3.0,0.151
LI003681,O003178,P0007,5.0,0.135
LI003682,O003595,P0119,4.0,0.151
LI003683,O003475,P0011,1.0,0.182
LI003684,O004816,P0067,3.0,0.136
LI003685,O006112,P0066,4.0,0.08
LI003686,O006028,P0083,1.0,0.077
LI003687,O002178,P0028,3.0,0.174
LI003688,O001195,P0056,3.0,0.166
LI003689,O004502,P0028,5.0,0.106
LI003690,O006042,P0089,5.0,0.088
LI003691,O005153,P0075,3.0,0.155
LI003692,O000536,P0040,1.0,0.078
LI003693,O006341,P0107,4.0,0.241
LI003694,O001070,P0002,4.0,0.149
LI003695,O004370,P0076,3.0,0.148
LI003696,O005863,P0061,4.0,0.034
LI003697,O000133,P0105,5.0,0.152
LI003698,O000264,P0102,4.0,0.074
LI003699,O004463,P0076,2.0,0.113
LI003700,O002053,P0114,5.0,0.135
LI003701,O006413,P0025,5.0,0.119
LI003702,O004947,P0101,3.0,0.202
LI003703,O005826,P0095,3.0,0.025
LI003704,O005541,P0054,4.0,0.042
LI003705,O005466,P0017,4.0,0.039
LI003706,O006045,P0048,3.0,0.204
LI003707,O004090,P0012,1.0,0.03
LI003708,O006213,P0061,4.0,0.243
LI003709,O002848,P0094,1.0,0.242
LI003710,O000358,P0002,5.0,0.248
LI003711,O005808,P0080,2.0,0.245
LI003712,O005506,P0065,1.0,0.037
LI003713,O004421,P0052,4.0,0.164
LI003714,O000751,P0034,3.0,0.1
LI003715,O003251,P0045,3.0,0.183
LI003716,O004352,P0112,2.0,0.101
LI003717,O002259,P0001,2.0,0.096
LI003718,O000911,P0115,5.0,0.226
LI003719,O003811,P0100,1.0,0.124
LI003720,O000584,P0052,2.0,0.185
LI003721,O003439,P0067,5.0,0.162
LI003722,O000577,P0098,5.0,0.164
LI003723,O006310,P0076,5.0,0.087
LI003724,O006358,P0056,4.0,0.063
LI003725,O002577,P0058,2.0,0.221
LI003726,O001872,P0109,3.0,0.006
LI003727,O001153,P0091,5.0,0.043
LI003728,O006147,P0050,3.0,0.033
LI003729,O004991,P0101,4.0,0.237
LI003730,O001784,P0119,1.0,0.001
LI003731,O001094,P0025,4.0,0.002
LI003732,O002100,P0012,4.0,0.057
LI003733,O004533,P0115,2.0,0.07
LI003734,O005118,P0097,5.0,0.14
LI003735,O002142,P0073,4.0,0.24
LI003736,O002134,P0065,5.0,0.116
LI003737,O000518,P0056,3.0,0.072
LI003738,O000742,P0050,1.0,0.204
LI003739,O006121,P0087,1.0,0.096
LI003740,O002478,P0028,3.0,0.035
LI003741,O004959,P0003,2.0,0.199
LI003742,O006138,P0038,3.0,0.001
LI003743,O002877,P0064,3.0,0.051
LI003744,O000043,P0054,2.0,0.159
LI003745,O005944,P0036,2.0,0.026
LI003746,O005830,P0120,4.0,0.064
LI003747,O003442,P0044,5.0,0.098
LI003748,O000404,P0044,1.0,0.099
LI003749,O001327,P0069,2.0,0.243
LI003750,O005302,P0119,2.0,0.169
LI003751,O002217,P0093,4.0,0.009
LI003752,O006347,P0053,4.0,0.055
LI003753,O002150,P0013,5.0,0.154
LI003754,O005696,P0044,2.0,0.178
LI003755,O002394,P0004,2.0,0.095
LI003756,O002651,P0070,4.0,0.214
LI003757,O004538,P0051,3.0,0.236
LI003758,O004346,P0102,5.0,0.154
LI003759,O000878,P0070,2.0,0.141
LI003760,O001887,P0011,1.0,0.188
LI003761,O001304,P0091,1.0,0.196
LI003762,O001741,P0054,4.0,0.054
LI003763,O001113,P0110,1.0,0.121
LI003764,O003877,P0062,4.0,0.112
LI003765,O006041,P0059,3.0,0.235
LI003766,O001899,P0099,4.0,0.028
LI003767,O006119,P0061,2.0,0.236
LI003768,O000248,P0040,1.0,0.143
LI003769,O003261,P0004,2.0,0.072
LI003770,O006235,P0027,1.0,0.217
LI003771,O000568,P0016,1.0,0.013
LI003772,O003810,P0082,4.0,0.08
LI003773,O005966,P0007,5.0,0.188
LI003774,O005959,P0011,1.0,0.207
LI003775,O001189,P0072,1.0,0.042
LI003776,O002596,P0064,5.0,0.235
LI003777,O001354,P0052,2.0,0.013
LI003778,O003613,P0006,1.0,0.108
LI003779,O006224,P0120,4.0,0.024
LI003780,O005030,P0048,5.0,0.024
LI003781,O000981,P0069,5.0,0.228
LI003782,O004966,P0006,1.0,0.226
LI003783,O000169,P0102,2.0,0.154
LI003784,O003165,P0061,2.0,0.242
LI003785,O002672,P0066,3.0,0.123
LI003786,O000379,P0095,3.0,0.196
LI003787,O005329,P0103,4.0,0.024
LI003788,O001933,P0096,1.0,0.099
LI003789,O006022,P0073,2.0,0.129
LI003790,O000194,P0079,3.0,0.195
LI003791,O000264,P0085,1.0,0.084
LI003792,O005367,P0110,1.0,0.245
LI003793,O005750,P0053,2.0,0.184
LI003794,O001472,P0028,1.0,0.133
LI003795,O002016,P0109,5.0,0.083
LI003796,O005860,P0091,3.0,0.161
LI003797,O004617,P0005,4.0,0.168
LI003798,O005015,P0081,3.0,0.17
LI003799,O001301,P0101,1.0,0.147
LI003800,O003201,P0058,5.0,0.1
LI003801,O003374,P0024,3.0,0.204
LI003802,O000574,P0031,2.0,0.065
LI003803,O001538,P0099,5.0,0.156
LI003804,O001384,P0041,3.0,0.118
LI003805,O001381,P0105,1.0,0.223
LI003806,O003538,P0118,2.0,0.148
LI003807,O003160,P0068,1.0,0.214
LI003808,O001524,P0084,1.0,0.238
LI003809,O004992,P0107,2.0,0.032
LI003810,O005203,P0081,5.0,0.139
LI003811,O004613,P0046,3.0,0.221
LI003812,O003933,P0010,5.0,0.218
LI003813,O005120,P0037,2.0,0.049
LI003814,O003623,P0021,3.0,0.12
LI003815,O000896,P0021,2.0,0.056
LI003816,O003394,P0113,4.0,0.224
LI003817,O000465,P0080,4.0,0.001
LI003818,O001611,P0097,5.0,0.055
LI003819,O000613,P0010,2.0,0.102
LI003820,O003213,P0108,3.0,0.055
LI003821,O000605,P0082,5.0,0.243
LI003822,O005751,P0097,4.0,0.061
LI003823,O000621,P0093,4.0,0.091
LI003824,O002603,P0095,4.0,0.044
LI003825,O002184,P0024,5.0,0.232
LI003826,O006474,P0012,3.0,0.103
LI003827,O003801,P0020,4.0,0.065
LI003828,O000156,P0070,5.0,0.062
LI003829,O003354,P0008,5.0,0.146
LI003830,O003912,P0078,1.0,0.244
LI003831,O002918,P0005,1.0,0.244
LI003832,O003118,P0054,3.0,0.245
LI003833,O002716,P0036,4.0,0.097
LI003834,O004340,P0118,1.0,0.229
LI003835,O000450,P0112,3.0,0.111
LI003836,O006422,P0038,1.0,0.128
LI003837,O004850,P0003,4.0,0.13
LI003838,O004502,P0036,5.0,0.016
LI003839,O003962,P0022,4.0,0.044
LI003840,O001070,P0008,1.0,0.222
LI003841,O004018,P0061,4.0,0.224
LI003842,O004845,P0078,5.0,0.05
LI003843,O003592,P0007,2.0,0.076
LI003844,O002820,P0068,5.0,0.207
LI003845,O005391,P0062,1.0,0.051
LI003846,O005676,P0019,5.0,0.22
LI003847,O002286,P0107,3.0,0.206
LI003848,O002036,P0047,4.0,0.202
LI003849,O001191,P0024,2.0,0.223
LI003850,O001400,P0080,2.0,0.222
LI003851,O003741,P0006,4.0,0.229
LI003852,O002249,P0108,4.0,0.22
LI003853,O002794,P0008,3.0,0.152
LI003854,O006376,P0025,5.0,0.039
LI003855,O000724,P0096,2.0,0.152
LI003856,O001442,P0089,1.0,0.236
LI003857,O005274,P0074,4.0,0.242
LI003858,O004821,P0107,4.0,0.182
LI003859,O000087,P0041,2.0,0.173
LI003860,O004150,P0058,4.0,0.235
LI003861,O001752,P0081,2.0,0.073
LI003862,O005162,P0060,1.0,0.038
LI003863,O003421,P0110,1.0,0.073
LI003864,O005350,P0003,2.0,0.237
LI003865,O004838,P0009,4.0,0.053
LI003866,O002484,P0052,3.0,0.056
LI003867,O003213,P0058,3.0,0.048
LI003868,O003923,P0060,5.0,0.121
LI003869,O005969,P0082,3.0,0.199
LI003870,O002490,P0049,4.0,0.095
LI003871,O006311,P0094,3.0,0.025
LI003872,O006043,P0005,5.0,0.185
LI003873,O001487,P0062,1.0,0.152
LI003874,O003528,P0116,2.0,0.12
LI003875,O000073,P0032,3.0,0.241
LI003876,O000725,P0117,2.0,0.118
LI003877,O003755,P0027,2.0,0.183
LI003878,O002996,P0085,1.0,0.04
LI003879,O004366,P0024,5.0,0.104
LI003880,O000219,P0038,4.0,0.053
LI003881,O000547,P0067,4.0,0.087
LI003882,O003730,P0016,4.0,0.12
LI003883,O005198,P0015,5.0,0.044
LI003884,O006452,P0025,5.0,0.201
LI003885,O005885,P0072,5.0,0.094
LI003886,O001969,P0105,3.0,0.224
LI003887,O006024,P0004,2.0,0.169
LI003888,O004517,P0032,5.0,0.044
LI003889,O001260,P0045,5.0,0.16
LI003890,O005954,P0056,3.0,0.006
LI003891,O002934,P0035,2.0,0.202
LI003892,O002510,P0053,4.0,0.244
LI003893,O004009,P0030,1.0,0.169
LI003894,O004073,P0103,5.0,0.232
LI003895,O004681,P0112,5.0,0.074
LI003896,O001563,P0049,1.0,0.106
LI003897,O002086,P0094,5.0,0.106
LI003898,O001790,P0081,5.0,0.028
LI003899,O003670,P0083,5.0,0.199
LI003900,O005989,P0052,1.0,0.124
LI003901,O002482,P0095,3.0,0.123
LI003902,O003431,P0081,3.0,0.167
LI003903,O000205,P0120,1.0,0.043
LI003904,O000742,P0002,3.0,0.203
LI003905,O005301,P0059,4.0,0.091
LI003906,O006184,P0037,4.0,0.02
LI003907,O002889,P0112,1.0,0.048
LI003908,O003495,P0029,2.0,0.063
LI003909,O004264,P0030,5.0,0.044
LI003910,O004738,P0118,2.0,0.061
LI003911,O001106,P0107,5.0,0.249
LI003912,O001824,P0022,3.0,0.134
LI003913,O002648,P0102,3.0,0.151
LI003914,O004198,P0075,4.0,0.042
LI003915,O000089,P0097,2.0,0.011
LI003916,O006489,P0019,1.0,0.078
LI003917,O006043,P0067,5.0,0.192
LI003918,O003382,P0104,3.0,0.14
LI003919,O004704,P0086,5.0,0.003
LI003920,O003512,P0018,1.0,0.197
LI003921,O002207,P0109,5.0,0.026
LI003922,O003186,P0094,4.0,0.11
LI003923,O006307,P0065,1.0,0.25
LI003924,O004382,P0084,1.0,0.03
LI003925,O000865,P0113,5.0,0.204
LI003926,O000055,P0005,5.0,0.2
LI003927,O004672,P0076,3.0,0.111
LI003928,O002081,P0011,5.0,0.247
LI003929,O000558,P0088,1.0,0.077
LI003930,O004827,P0058,5.0,0.079
LI003931,O000993,P0018,3.0,0.038
LI003932,O004897,P0072,2.0,0.092
LI003933,O004292,P0093,4.0,0.074
LI003934,O000448,P0056,1.0,0.151
LI003935,O001822,P0022,3.0,0.01
LI003936,O003820,P0056,4.0,0.078
LI003937,O005711,P0109,5.0,0.001
LI003938,O002973,P0066,5.0,0.002
LI003939,O000092,P0023,2.0,0.205
LI003940,O000608,P0016,5.0,0.187
LI003941,O001252,P0044,4.0,0.186
LI003942,O000286,P0072,3.0,0.088
LI003943,O002922,P0068,2.0,0.175
LI003944,O003307,P0014,4.0,0.064
LI003945,O000102,P0009,3.0,0.077
LI003946,O003836,P0075,4.0,0.141
LI003947,O004236,P0112,5.0,0.175
LI003948,O004931,P0102,4.0,0.066
LI003949,O001679,P0108,2.0,0.17
LI003950,O003824,P0115,4.0,0.241
LI003951,O006410,P0016,1.0,0.123
LI003952,O000535,P0013,5.0,0.102
LI003953,O000016,P0036,4.0,0.058
LI003954,O000561,P0044,3.0,0.089
LI003955,O002926,P0100,5.0,0.132
LI003956,O002384,P0081,3.0,0.236
LI003957,O000910,P0014,2.0,0.065
LI003958,O001414,P0093,1.0,0.058
LI003959,O006314,P0017,4.0,0.24
LI003960,O005009,P0065,5.0,0.151
LI003961,O000119,P0084,4.0,0.184
LI003962,O004063,P0097,4.0,0.207
LI003963,O003114,P0054,5.0,0.02
LI003964,O003061,P0002,1.0,0.121
LI003965,O006154,P0017,1.0,0.035
LI003966,O001492,P0023,2.0,0.156
LI003967,O002097,P0086,5.0,0.238
LI003968,O002255,P0001,5.0,0.014
LI003969,O000514,P0012,3.0,0.069
LI003970,O006104,P0013,3.0,0.25
LI003971,O001234,P0078,3.0,0.001
LI003972,O005259,P0074,1.0,0.035
LI003973,O004133,P0012,2.0,0.02
LI003974,O006362,P0057,2.0,0.191
LI003975,O001480,P0086,4.0,0.188
LI003976,O005632,P0018,2.0,0.194
LI003977,O003350,P0103,3.0,0.194
LI003978,O006324,P0083,5.0,0.209
LI003979,O001541,P0094,4.0,0.193
LI003980,O000130,P0015,1.0,0.121
LI003981,O003717,P0039,2.0,0.186
LI003982,O003744,P0078,5.0,0.149
LI003983,O001772,P0073,3.0,0.092
LI003984,O004455,P0069,1.0,0.209
LI003985,O003076,P0033,1.0,0.197
LI003986,O005719,P0048,2.0,0.043
LI003987,O005678,P0005,5.0,0.006
LI003988,O005274,P0088,3.0,0.079
LI003989,O000506,P0008,3.0,0.101
LI003990,O005629,P0019,3.0,0.044
LI003991,O004914,P0052,3.0,0.214
LI003992,O004890,P0012,2.0,0.008
LI003993,O000839,P0072,2.0,0.121
LI003994,O003872,P0008,5.0,0.014
LI003995,O004719,P0055,4.0,0.134
LI003996,O002677,P0102,2.0,0.116
LI003997,O000097,P0084,3.0,0.195
LI003998,O001964,P0093,5.0,0.172
LI003999,O005402,P0105,3.0,0.211
LI004000,O005821,P0034,2.0,0.136
LI004001,O002867,P0082,5.0,0.206
LI004002,O004027,P0065,3.0,0.18
LI004003,O000599,P0075,4.0,0.195
LI004004,O002982,P0047,1.0,0.15
LI004005,O003964,P0108,1.0,0.18
LI004006,O000429,P0035,3.0,0.1
LI004007,O005663,P0115,1.0,0.021
LI004008,O003782,P0116,4.0,0.104
LI004009,O001325,P0032,4.0,0.043
LI004010,O002591,P0051,3.0,0.157
LI004011,O002415,P0106,4.0,0.066
LI004012,O005949,P0080,1.0,0.24
LI004013,O001768,P0006,3.0,0.068
LI004014,O005165,P0009,1.0,0.025
LI004015,O001517,P0040,4.0,0.22
LI004016,O001340,P0086,4.0,0.104
LI004017,O004095,P0048,5.0,0.089
LI004018,O006196,P0072,2.0,0.221
LI004019,O004660,P0120,2.0,0.163
LI004020,O003404,P0096,3.0,0.133
LI004021,O002547,P0026,1.0,0.082
LI004022,O000977,P0118,2.0,0.073
LI004023,O005438,P0082,3.0,0.145
LI004024,O005530,P0037,4.0,0.125
LI004025,O006467,P0052,2.0,0.069
LI004026,O001615,P0012,1.0,0.046
LI004027,O001585,P0038,5.0,0.205
LI004028,O005350,P0098,5.0,0.172
LI004029,O005464,P0068,2.0,0.248
LI004030,O005491,P0016,5.0,0.129
LI004031,O004062,P0061,3.0,0.249
LI004032,O004652,P0024,1.0,0.115
LI004033,O001271,P0078,4.0,0.134
LI004034,O000219,P0017,1.0,0.052
LI004035,O000534,P0115,4.0,0.037
LI004036,O001496,P0095,5.0,0.235
LI004037,O001374,P0004,3.0,0.245
LI004038,O004140,P0050,4.0,0.137
LI004039,O003824,P0108,5.0,0.068
LI004040,O003950,P0098,4.0,0.238
LI004041,O000065,P0102,2.0,0.199
LI004042,O004342,P0102,1.0,0.045
LI004043,O005083,P0003,3.0,0.075
LI004044,O005705,P0008,5.0,0.001
LI004045,O003143,P0012,3.0,0.146
LI004046,O001725,P0035,1.0,0.132
LI004047,O002206,P0066,4.0,0.041
LI004048,O002986,P0053,4.0,0.085
LI004049,O005595,P0093,3.0,0.235
LI004050,O003914,P0087,4.0,0.162
LI004051,O001049,P0033,4.0,0.216
LI004052,O003655,P0114,4.0,0.21
LI004053,O002873,P0018,2.0,0.23
LI004054,O004256,P0104,5.0,0.01
LI004055,O001005,P0058,5.0,0.066
LI004056,O002123,P0086,1.0,0.104
LI004057,O006282,P0078,4.0,0.16
LI004058,O006038,P0093,3.0,0.152
LI004059,O004575,P0045,4.0,0.062
LI004060,O005423,P0015,1.0,0.048
LI004061,O003982,P0015,4.0,0.109
LI004062,O004483,P0045,2.0,0.063
LI004063,O000472,P0068,1.0,0.241
LI004064,O003406,P0100,5.0,0.241
LI004065,O000309,P0069,5.0,0.028
LI004066,O002935,P0067,2.0,0.176
LI004067,O004797,P0076,5.0,0.057
LI004068,O003048,P0062,2.0,0.179
LI004069,O001922,P0084,5.0,0.192
LI004070,O005949,P0044,5.0,0.012
LI004071,O003000,P0020,4.0,0.174
LI004072,O002018,P0039,1.0,0.224
LI004073,O005175,P0039,5.0,0.054
LI004074,O004882,P0001,1.0,0.029
LI004075,O001479,P0108,1.0,0.142
LI004076,O002353,P0067,5.0,0.129
LI004077,O004198,P0047,1.0,0.221
LI004078,O004871,P0073,2.0,0.113
LI004079,O003460,P0118,3.0,0.103
LI004080,O003755,P0054,2.0,0.178
LI004081,O001232,P0020,5.0,0.019
LI004082,O005435,P0009,2.0,0.014
LI004083,O003121,P0095,3.0,0.126
LI004084,O000572,P0110,2.0,0.022
LI004085,O003590,P0028,1.0,0.235
LI004086,O000148,P0064,5.0,0.164
LI004087,O005919,P0035,1.0,0.188
LI004088,O003444,P0040,1.0,0.057
LI004089,O000597,P0102,5.0,0.124
LI004090,O005074,P0108,5.0,0.033
LI004091,O001071,P0002,4.0,0.051
LI004092,O003746,P0003,3.0,0.142
LI004093,O004251,P0014,1.0,0.07
LI004094,O004326,P0081,1.0,0.229
LI004095,O003372,P0099,5.0,0.249
LI004096,O000158,P0068,5.0,0.001
LI004097,O000923,P0047,2.0,0.19
LI004098,O003319,P0094,1.0,0.029
LI004099,O005271,P0054,1.0,0.144
LI004100,O002347,P0058,5.0,0.057
LI004101,O004051,P0062,1.0,0.241
LI004102,O001247,P0103,3.0,0.219
LI004103,O000766,P0051,4.0,0.149
LI004104,O003652,P0078,5.0,0.044
LI004105,O002613,P0048,5.0,0.196
LI004106,O004563,P0027,1.0,0.13
LI004107,O003829,P0077,4.0,0.153
LI004108,O004582,P0055,4.0,0.179
LI004109,O005672,P0084,5.0,0.104
LI004110,O000444,P0113,5.0,0.002
LI004111,O005974,P0049,5.0,0.091
LI004112,O000905,P0024,3.0,0.103
LI004113,O002911,P0010,1.0,0.092
LI004114,O003210,P0007,3.0,0.208
LI004115,O001802,P0116,5.0,0.083
LI004116,O000926,P0017,4.0,0.104
LI004117,O003722,P0022,1.0,0.015
LI004118,O006074,P0059,1.0,0.179
LI004119,O004388,P0044,5.0,0.054
LI004120,O005330,P0011,5.0,0.059
LI004121,O005931,P0042,5.0,0.147
LI004122,O000752,P0023,5.0,0.246
LI004123,O001235,P0118,5.0,0.103
LI004124,O002923,P0060,5.0,0.082
LI004125,O000663,P0086,1.0,0.009
LI004126,O005516,P0104,3.0,0.197
LI004127,O003196,P0062,4.0,0.065
LI004128,O001585,P0111,5.0,0.192
LI004129,O000920,P0054,4.0,0.071
LI004130,O005005,P0082,1.0,0.007
LI004131,O004220,P0119,4.0,0.125
LI004132,O000068,P0109,1.0,0.227
LI004133,O004571,P0090,2.0,0.053
LI004134,O004454,P0112,3.0,0.038
LI004135,O001767,P0094,2.0,0.046
LI004136,O005576,P0013,1.0,0.173
LI004137,O005466,P0068,2.0,0.092
LI004138,O001954,P0107,1.0,0.064
LI004139,O002569,P0027,2.0,0.084
LI004140,O003709,P0115,1.0,0.077
LI004141,O006003,P0040,3.0,0.136
LI004142,O004929,P0074,3.0,0.033
LI004143,O002672,P0108,3.0,0.127
LI004144,O003400,P0092,1.0,0.078
LI004145,O001354,P0085,4.0,0.233
LI004146,O005105,P0116,2.0,0.105
LI004147,O000443,P0075,2.0,0.025
LI004148,O000601,P0084,2.0,0.233
LI004149,O003167,P0117,2.0,0.234
LI004150,O003943,P0100,3.0,0.044
LI004151,O002810,P0083,4.0,0.204
LI004152,O005571,P0116,2.0,0.215
LI004153,O003389,P0010,4.0,0.089
LI004154,O004583,P0015,1.0,0.04
LI004155,O002787,P0109,1.0,0.2
LI004156,O002696,P0045,2.0,0.007
LI004157,O003649,P0053,5.0,0.155
LI004158,O002053,P0082,3.0,0.085
LI004159,O000632,P0007,2.0,0.149
LI004160,O003443,P0030,3.0,0.197
LI004161,O001755,P0078,2.0,0.207
LI004162,O003034,P0101,3.0,0.25
LI004163,O001579,P0105,5.0,0.16
LI004164,O005308,P0030,5.0,0.056
LI004165,O000026,P0118,1.0,0.069
LI004166,O002210,P0027,2.0,0.109
LI004167,O005760,P0049,5.0,0.212
LI004168,O005193,P0057,5.0,0.092
LI004169,O005353,P0064,2.0,0.172
LI004170,O002903,P0101,2.0,0.011
LI004171,O001130,P0063,1.0,0.108
LI004172,O004997,P0048,5.0,0.042
LI004173,O004105,P0041,3.0,0.235
LI004174,O004146,P0081,2.0,0.198
LI004175,O005642,P0030,2.0,0.035
LI004176,O000442,P0082,2.0,0.1
LI004177,O005898,P0003,2.0,0.02
LI004178,O005710,P0092,5.0,0.187
LI004179,O006180,P0037,3.0,0.048
LI004180,O003896,P0030,1.0,0.201
LI004181,O006262,P0054,4.0,0.019
LI004182,O004798,P0085,5.0,0.143
LI004183,O004850,P0113,5.0,0.152
LI004184,O001829,P0084,4.0,0.084
LI004185,O001536,P0086,4.0,0.041
LI004186,O004326,P0100,2.0,0.081
LI004187,O000560,P0100,3.0,0.124
LI004188,O001174,P0085,5.0,0.242
LI004189,O001879,P0088,5.0,0.112
LI004190,O002256,P0085,1.0,0.047
LI004191,O001085,P0007,4.0,0.006
LI004192,O003915,P0008,4.0,0.002
LI004193,O005237,P0086,5.0,0.104
LI004194,O000239,P0086,4.0,0.074
LI004195,O002915,P0063,2.0,0.029
LI004196,O002096,P0063,1.0,0.043
LI004197,O001472,P0064,5.0,0.087
LI004198,O005588,P0030,1.0,0.172
LI004199,O005413,P0098,2.0,0.152
LI004200,O002046,P0093,1.0,0.02
LI004201,O004613,P0010,4.0,0.036
LI004202,O003684,P0069,5.0,0.227
LI004203,O000205,P0049,1.0,0.018
LI004204,O003601,P0039,3.0,0.05
LI004205,O002138,P0034,5.0,0.079
LI004206,O005228,P0102,1.0,0.058
LI004207,O001214,P0010,5.0,0.073
LI004208,O005881,P0009,1.0,0.182
LI004209,O003835,P0060,1.0,0.024
LI004210,O003092,P0096,4.0,0.088
LI004211,O001383,P0005,1.0,0.153
LI004212,O003681,P0035,3.0,0.012
LI004213,O005854,P0011,4.0,0.011
LI004214,O001680,P0042,3.0,0.125
LI004215,O000007,P0080,3.0,0.225
LI004216,O001886,P0091,2.0,0.111
LI004217,O006466,P0020,3.0,0.102
LI004218,O006412,P0051,1.0,0.003
LI004219,O003499,P0001,5.0,0.183
LI004220,O000296,P0090,4.0,0.041
LI004221,O005507,P0011,4.0,0.175
LI004222,O000264,P0061,4.0,0.087
LI004223,O002138,P0079,5.0,0.011
LI004224,O004949,P0039,3.0,0.082
LI004225,O003866,P0104,2.0,0.165
LI004226,O005461,P0048,1.0,0.192
LI004227,O005449,P0082,4.0,0.159
LI004228,O004497,P0088,1.0,0.178
LI004229,O004453,P0028,3.0,0.059
LI004230,O002547,P0089,2.0,0.241
LI004231,O004930,P0087,4.0,0.057
LI004232,O004531,P0075,3.0,0.043
LI004233,O000119,P0097,2.0,0.062
LI004234,O005119,P0080,4.0,0.243
LI004235,O002396,P0036,3.0,0.016
LI004236,O003368,P0087,1.0,0.193
LI004237,O005633,P0070,5.0,0.026
LI004238,O005515,P0107,4.0,0.193
LI004239,O001703,P0062,2.0,0.069
LI004240,O000530,P0088,2.0,0.182
LI004241,O003675,P0102,5.0,0.012
LI004242,O000303,P0106,5.0,0.084
LI004243,O006346,P0070,3.0,0.116
LI004244,O004068,P0010,5.0,0.005
LI004245,O004252,P0086,4.0,0.045
LI004246,O003969,P0087,5.0,0.042
LI004247,O000014,P0005,4.0,0.12
LI004248,O002804,P0028,1.0,0.033
LI004249,O000889,P0059,5.0,0.244
LI004250,O003529,P0009,1.0,0.222
LI004251,O001197,P0039,2.0,0.056
LI004252,O004541,P0113,5.0,0.059
LI004253,O002170,P0108,2.0,0.237
LI004254,O003569,P0092,1.0,0.075
LI004255,O002232,P0062,2.0,0.106
LI004256,O001844,P0089,1.0,0.175
LI004257,O003652,P0107,3.0,0.086
LI004258,O003877,P0038,1.0,0.226
LI004259,O002719,P0091,3.0,0.147
LI004260,O000049,P0024,2.0,0.142
LI004261,O000181,P0064,1.0,0.139
LI004262,O003879,P0107,3.0,0.028
LI004263,O001418,P0043,1.0,0.198
LI004264,O003465,P0110,4.0,0.143
LI004265,O003420,P0016,4.0,0.013
LI004266,O006285,P0066,2.0,0.213
LI004267,O000530,P0066,4.0,0.182
LI004268,O005772,P0069,5.0,0.072
LI004269,O004680,P0046,3.0,0.072
LI004270,O005874,P0021,5.0,0.126
LI004271,O001287,P0060,4.0,0.002
LI004272,O002191,P0010,2.0,0.202
LI004273,O000707,P0106,5.0,0.236
LI004274,O003218,P0018,2.0,0.112
LI004275,O000294,P0090,1.0,0.134
LI004276,O001562,P0084,5.0,0.202
LI004277,O005629,P0041,1.0,0.069
LI004278,O004518,P0036,5.0,0.123
LI004279,O005691,P0113,3.0,0.028
LI004280,O002612,P0085,2.0,0.175
LI004281,O000661,P0066,1.0,0.198
LI004282,O003179,P0046,4.0,0.017
LI004283,O003390,P0118,5.0,0.221
LI004284,O002107,P0097,1.0,0.094
LI004285,O003064,P0023,5.0,0.231
LI004286,O006402,P0039,5.0,0.225
LI004287,O002841,P0095,5.0,0.198
LI004288,O003497,P0004,1.0,0.208
LI004289,O002579,P0041,1.0,0.072
LI004290,O006310,P0003,5.0,0.092
LI004291,O006055,P0101,4.0,0.06
LI004292,O002052,P0053,2.0,0.089
LI004293,O006147,P0120,5.0,0.14
LI004294,O002410,P0074,4.0,0.216
LI004295,O002954,P0106,2.0,0.137
LI004296,O000369,P0096,5.0,0.174
LI004297,O000539,P0036,2.0,0.034
LI004298,O002928,P0049,5.0,0.235
LI004299,O002394,P0027,1.0,0.146
LI004300,O000731,P0053,5.0,0.194
LI004301,O000897,P0049,5.0,0.25
LI004302,O005164,P0083,5.0,0.215
LI004303,O004660,P0102,5.0,0.126
LI004304,O006346,P0001,4.0,0.217
LI004305,O002369,P0090,3.0,0.165
LI004306,O004560,P0046,4.0,0.183
LI004307,O005131,P0062,4.0,0.159
LI004308,O002681,P0077,1.0,0.072
LI004309,O002381,P0099,5.0,0.084
LI004310,O000015,P0119,4.0,0.14
LI004311,O003129,P0066,2.0,0.219
LI004312,O001354,P0022,5.0,0.113
LI004313,O003136,P0039,1.0,0.135
LI004314,O002278,P0092,1.0,0.092
LI004315,O000011,P0044,2.0,0.005
LI004316,O001657,P0002,1.0,0.161
LI004317,O001248,P0075,5.0,0.141
LI004318,O005857,P0112,3.0,0.245
LI004319,O001661,P0059,3.0,0.127
LI004320,O001764,P0101,4.0,0.134
LI004321,O000542,P0090,1.0,0.071
LI004322,O001530,P0028,5.0,0.025
LI004323,O005839,P0090,2.0,0.177
LI004324,O001181,P0081,2.0,0.202
LI004325,O002689,P0067,5.0,0.217
LI004326,O002618,P0014,5.0,0.101
LI004327,O005519,P0016,2.0,0.176
LI004328,O002755,P0113,1.0,0.066
LI004329,O000929,P0051,4.0,0.063
LI004330,O001427,P0100,4.0,0.249
LI004331,O003660,P0028,4.0,0.212
LI004332,O005209,P0092,5.0,0.064
LI004333,O005986,P0053,2.0,0.108
LI004334,O002234,P0052,2.0,0.141
LI004335,O003910,P0116,2.0,0.003
LI004336,O004991,P0025,2.0,0.24
LI004337,O006223,P0057,2.0,0.027
LI004338,O006289,P0009,3.0,0.204
LI004339,O002062,P0011,5.0,0.244
LI004340,O005751,P0101,5.0,0.176
LI004341,O004098,P0107,3.0,0.242
LI004342,O002564,P0045,4.0,0.005
LI004343,O002804,P0085,1.0,0.089
LI004344,O006210,P0002,5.0,0.119
LI004345,O002294,P0054,5.0,0.196
LI004346,O001626,P0034,3.0,0.164
LI004347,O005810,P0042,5.0,0.184
LI004348,O000572,P0077,5.0,0.036
LI004349,O004532,P0069,4.0,0.211
LI004350,O002401,P0011,3.0,0.206
LI004351,O001712,P0029,5.0,0.192
LI004352,O000383,P0111,2.0,0.204
LI004353,O005830,P0092,3.0,0.053
LI004354,O001084,P0092,4.0,0.035
LI004355,O001950,P0005,1.0,0.224
LI004356,O002518,P0020,5.0,0.239
LI004357,O005531,P0101,2.0,0.106
LI004358,O005203,P0039,2.0,0.112
LI004359,O004170,P0074,1.0,0.185
LI004360,O005431,P0032,3.0,0.124
LI004361,O006170,P0029,4.0,0.078
LI004362,O003498,P0066,5.0,0.048
LI004363,O005497,P0001,5.0,0.006
LI004364,O003315,P0084,5.0,0.147
LI004365,O004931,P0119,2.0,0.036
LI004366,O002676,P0001,3.0,0.215
LI004367,O003395,P0004,1.0,0.246
LI004368,O001204,P0015,3.0,0.114
LI004369,O000774,P0047,4.0,0.029
LI004370,O003057,P0030,4.0,0.146
LI004371,O002314,P0006,1.0,0.143
LI004372,O002598,P0102,2.0,0.033
LI004373,O001404,P0001,1.0,0.162
LI004374,O004173,P0071,4.0,0.079
LI004375,O005169,P0062,2.0,0.211
LI004376,O003062,P0064,3.0,0.147
LI004377,O003326,P0005,4.0,0.108
LI004378,O001404,P0054,2.0,0.241
LI004379,O003321,P0049,2.0,0.123
LI004380,O005829,P0007,5.0,0.222
LI004381,O000870,P0100,3.0,0.066
LI004382,O006443,P0003,2.0,0.11
LI004383,O001084,P0076,1.0,0.021
LI004384,O005477,P0061,3.0,0.106
LI004385,O006301,P0079,3.0,0.224
LI004386,O006486,P0084,4.0,0.207
LI004387,O000974,P0041,3.0,0.244
LI004388,O001226,P0021,3.0,0.187
LI004389,O001803,P0032,5.0,0.068
LI004390,O005887,P0012,3.0,0.04
LI004391,O005655,P0101,2.0,0.045
LI004392,O002965,P0104,1.0,0.165
LI004393,O001189,P0111,5.0,0.096
LI004394,O005148,P0007,5.0,0.104
LI004395,O003444,P0051,5.0,0.215
LI004396,O003935,P0045,5.0,0.182
LI004397,O004410,P0095,4.0,0.052
LI004398,O005685,P0065,5.0,0.043
LI004399,O005404,P0060,4.0,0.205
LI004400,O001322,P0075,4.0,0.238
LI004401,O002024,P0045,3.0,0.046
LI004402,O005469,P0034,1.0,0.238
LI004403,O004732,P0083,3.0,0.107
LI004404,O005327,P0011,4.0,0.226
LI004405,O004513,P0097,3.0,0.188
LI004406,O000439,P0033,2.0,0.226
LI004407,O000165,P0008,5.0,0.161
LI004408,O005679,P0045,5.0,0.039
LI004409,O003338,P0072,4.0,0.015
LI004410,O003351,P0098,3.0,0.157
LI004411,O000988,P0104,2.0,0.015
LI004412,O002530,P0091,2.0,0.059
LI004413,O004613,P0093,2.0,0.052
LI004414,O004178,P0078,4.0,0.107
LI004415,O004215,P0034,3.0,0.149
LI004416,O003846,P0045,2.0,0.228
LI004417,O005757,P0101,2.0,0.234
LI004418,O001327,P0065,3.0,0.246
LI004419,O003287,P0073,3.0,0.191
LI004420,O000028,P0052,5.0,0.23
LI004421,O002025,P0010,1.0,0.198
LI004422,O004594,P0094,1.0,0.228
LI004423,O000194,P0043,2.0,0.026
LI004424,O000592,P0082,3.0,0.24
LI004425,O002490,P0081,5.0,0.059
LI004426,O001858,P0070,4.0,0.142
LI004427,O005156,P0011,1.0,0.129
LI004428,O006402,P0088,1.0,0.141
LI004429,O000113,P0036,3.0,0.176
LI004430,O001318,P0097,4.0,0.135
LI004431,O001738,P0097,1.0,0.172
LI004432,O002062,P0118,5.0,0.134
LI004433,O001691,P0018,1.0,0.003
LI004434,O003669,P0063,3.0,0.157
LI004435,O006284,P0005,3.0,0.139
LI004436,O001395,P0031,4.0,0.146
LI004437,O005547,P0016,1.0,0.0
LI004438,O003169,P0066,4.0,0.117
LI004439,O003560,P0009,1.0,0.219
LI004440,O005462,P0002,2.0,0.083
LI004441,O002237,P0037,1.0,0.111
LI004442,O006226,P0084,3.0,0.031
LI004443,O003884,P0059,3.0,0.113
LI004444,O003252,P0081,2.0,0.099
LI004445,O005054,P0058,1.0,0.221
LI004446,O003933,P0089,1.0,0.009
LI004447,O003015,P0083,3.0,0.238
LI004448,O003487,P0106,2.0,0.144
LI004449,O001129,P0008,3.0,0.132
LI004450,O006473,P0052,2.0,0.222
LI004451,O006216,P0075,3.0,0.048
LI004452,O001697,P0077,5.0,0.052
LI004453,O000133,P0077,1.0,0.219
LI004454,O004666,P0073,4.0,0.232
LI004455,O004221,P0069,5.0,0.209
LI004456,O005131,P0082,3.0,0.01
LI004457,O003540,P0104,2.0,0.163
LI004458,O002989,P0052,4.0,0.113
LI004459,O006171,P0078,2.0,0.202
LI004460,O004303,P0034,2.0,0.04
LI004461,O003294,P0086,1.0,0.23
LI004462,O000312,P0048,3.0,0.084
LI004463,O002430,P0097,1.0,0.081
LI004464,O001786,P0024,2.0,0.045
LI004465,O005435,P0119,1.0,0.002
LI004466,O004392,P0093,5.0,0.078
LI004467,O000402,P0013,2.0,0.037
LI004468,O005555,P0050,2.0,0.185
LI004469,O001597,P0091,5.0,0.189
LI004470,O000122,P0065,2.0,0.207
LI004471,O000751,P0071,4.0,0.001
LI004472,O000106,P0004,4.0,0.088
LI004473,O001060,P0064,3.0,0.001
LI004474,O005670,P0074,3.0,0.127
LI004475,O004168,P0104,1.0,0.227
LI004476,O004664,P0099,1.0,0.102
LI004477,O003239,P0119,5.0,0.218
LI004478,O001245,P0039,5.0,0.237
LI004479,O000076,P0063,2.0,0.059
LI004480,O001010,P0058,3.0,0.003
LI004481,O003283,P0016,3.0,0.185
LI004482,O002276,P0091,3.0,0.145
LI004483,O003809,P0084,3.0,0.087
LI004484,O000453,P0062,1.0,0.092
LI004485,O000766,P0010,4.0,0.02
LI004486,O004583,P0109,5.0,0.218
LI004487,O002716,P0062,5.0,0.061
LI004488,O001498,P0033,3.0,0.024
LI004489,O003947,P0071,3.0,0.195
LI004490,O003733,P0042,1.0,0.121
LI004491,O004926,P0044,1.0,0.191
LI004492,O002839,P0046,5.0,0.225
LI004493,O006037,P0086,3.0,0.096
LI004494,O005067,P0107,3.0,0.014
LI004495,O000490,P0081,5.0,0.063
LI004496,O002424,P0073,1.0,0.013
LI004497,O006375,P0104,5.0,0.037
LI004498,O001936,P0074,1.0,0.212
LI004499,O002750,P0100,1.0,0.235
LI004500,O003297,P0095,1.0,0.169
LI004501,O004571,P0031,3.0,0.183
LI004502,O003692,P0005,5.0,0.183
LI004503,O001104,P0120,1.0,0.031
LI004504,O005806,P0018,4.0,0.012
LI004505,O001600,P0006,1.0,0.175
LI004506,O003282,P0106,1.0,0.009
LI004507,O005292,P0050,1.0,0.203
LI004508,O003161,P0028,2.0,0.148
LI004509,O003946,P0107,4.0,0.028
LI004510,O000226,P0024,3.0,0.165
LI004511,O006287,P0069,5.0,0.152
LI004512,O004804,P0028,5.0,0.094
LI004513,O001715,P0058,5.0,0.204
LI004514,O004150,P0067,3.0,0.076
LI004515,O002244,P0018,1.0,0.094
LI004516,O005849,P0004,4.0,0.174
LI004517,O002893,P0104,5.0,0.188
LI004518,O002346,P0049,2.0,0.068
LI004519,O005550,P0106,2.0,0.004
LI004520,O000579,P0032,4.0,0.044
LI004521,O001699,P0096,5.0,0.066
LI004522,O004596,P0083,1.0,0.226
LI004523,O002672,P0093,5.0,0.223
LI004524,O004302,P0097,1.0,0.165
LI004525,O006038,P0066,5.0,0.177
LI004526,O002928,P0058,2.0,0.155
LI004527,O005257,P0011,3.0,0.195
LI004528,O000279,P0111,4.0,0.088
LI004529,O001469,P0119,1.0,0.137
LI004530,O004773,P0097,3.0,0.168
LI004531,O000941,P0105,1.0,0.117
LI004532,O002319,P0104,4.0,0.193
LI004533,O004537,P0065,3.0,0.233
LI004534,O005348,P0106,3.0,0.166
LI004535,O006271,P0017,4.0,0.019
LI004536,O005390,P0114,4.0,0.153
LI004537,O005940,P0080,1.0,0.174
LI004538,O001784,P0066,3.0,0.071
LI004539,O001876,P0118,4.0,0.08
LI004540,O004644,P0113,1.0,0.149
LI004541,O003227,P0004,5.0,0.177
LI004542,O003729,P0032,4.0,0.218
LI004543,O000986,P0071,3.0,0.191
LI004544,O002820,P0029,5.0,0.033
LI004545,O003971,P0061,4.0,0.087
LI004546,O002067,P0060,2.0,0.037
LI004547,O000425,P0073,3.0,0.189
LI004548,O002106,P0058,3.0,0.067
LI004549,O002471,P0099,1.0,0.031
LI004550,O005895,P0116,2.0,0.024
LI004551,O003795,P0053,4.0,0.029
LI004552,O002892,P0005,2.0,0.062
LI004553,O001684,P0114,4.0,0.196
LI004554,O003174,P0061,1.0,0.059
LI004555,O003148,P0021,5.0,0.07
LI004556,O006045,P0058,2.0,0.22
LI004557,O004062,P0081,3.0,0.111
LI004558,O004052,P0103,4.0,0.127
LI004559,O003652,P0014,2.0,0.001
LI004560,O004162,P0096,4.0,0.021
LI004561,O004911,P0079,2.0,0.185
LI004562,O001175,P0085,3.0,0.083
LI004563,O002950,P0054,4.0,0.037
LI004564,O001810,P0078,4.0,0.107
LI004565,O000437,P0041,5.0,0.011
LI004566,O004886,P0016,1.0,0.177
LI004567,O006117,P0051,2.0,0.02
LI004568,O000235,P0001,3.0,0.014
LI004569,O005835,P0040,5.0,0.105
LI004570,O004771,P0018,5.0,0.147
LI004571,O002146,P0034,1.0,0.191
LI004572,O005129,P0090,3.0,0.018
LI004573,O005023,P0061,2.0,0.084
LI004574,O003576,P0100,4.0,0.067
LI004575,O004857,P0021,1.0,0.186
LI004576,O003562,P0001,4.0,0.092
LI004577,O002475,P0027,5.0,0.157
LI004578,O000227,P0051,4.0,0.122
LI004579,O005873,P0011,2.0,0.142
LI004580,O006161,P0120,2.0,0.091
LI004581,O002611,P0102,4.0,0.06
LI004582,O002276,P0115,4.0,0.015
LI004583,O004802,P0014,1.0,0.043
LI004584,O001816,P0092,2.0,0.043
LI004585,O005358,P0055,4.0,0.234
LI004586,O003855,P0027,3.0,0.234
LI004587,O003996,P0022,1.0,0.064
LI004588,O001411,P0021,1.0,0.026
LI004589,O004765,P0120,1.0,0.07
LI004590,O006398,P0024,1.0,0.199
LI004591,O003380,P0019,4.0,0.218
LI004592,O001846,P0024,5.0,0.125
LI004593,O001338,P0026,3.0,0.135
LI004594,O005421,P0025,5.0,0.115
LI004595,O000118,P0045,5.0,0.046
LI004596,O001869,P0108,4.0,0.012
LI004597,O002098,P0029,1.0,0.155
LI004598,O001814,P0074,1.0,0.2
LI004599,O001588,P0115,4.0,0.187
LI004600,O003253,P0011,4.0,0.225
LI004601,O000543,P0024,2.0,0.203
LI004602,O002375,P0024,1.0,0.072
LI004603,O001527,P0012,3.0,0.029
LI004604,O003568,P0007,2.0,0.108
LI004605,O001270,P0040,5.0,0.087
LI004606,O000602,P0081,1.0,0.182
LI004607,O003615,P0099,4.0,0.017
LI004608,O002150,P0070,4.0,0.236
LI004609,O003302,P0076,4.0,0.239
LI004610,O000388,P0079,1.0,0.022
LI004611,O003681,P0096,3.0,0.108
LI004612,O001603,P0023,4.0,0.225
LI004613,O005824,P0071,1.0,0.047
LI004614,O003283,P0038,5.0,0.173
LI004615,O002697,P0031,2.0,0.178
LI004616,O004435,P0029,1.0,0.058
LI004617,O006328,P0044,1.0,0.002
LI004618,O004152,P0028,4.0,0.166
LI004619,O003834,P0076,2.0,0.154
LI004620,O001306,P0091,2.0,0.162
LI004621,O005248,P0068,4.0,0.039
LI004622,O000717,P0021,3.0,0.151
LI004623,O005846,P0009,1.0,0.135
LI004624,O005759,P0049,4.0,0.113
LI004625,O003656,P0098,3.0,0.194
LI004626,O006360,P0037,4.0,0.097
LI004627,O002992,P0021,5.0,0.088
LI004628,O000314,P0060,3.0,0.135
LI004629,O002281,P0023,3.0,0.236
LI004630,O002623,P0088,2.0,0.086
LI004631,O000888,P0010,1.0,0.111
LI004632,O004343,P0102,4.0,0.067
LI004633,O002490,P0070,4.0,0.17
LI004634,O001923,P0021,1.0,0.091
LI004635,O006279,P0101,1.0,0.173
LI004636,O004030,P0029,2.0,0.036
LI004637,O003064,P0059,1.0,0.066
LI004638,O005122,P0040,5.0,0.052
LI004639,O000161,P0021,2.0,0.194
LI004640,O002188,P0086,3.0,0.022
LI004641,O002352,P0099,1.0,0.063
LI004642,O001484,P0063,3.0,0.127
LI004643,O003893,P0046,2.0,0.022
LI004644,O001738,P0005,5.0,0.003
LI004645,O004221,P0015,5.0,0.173
LI004646,O001909,P0105,1.0,0.153
LI004647,O001371,P0111,5.0,0.002
LI004648,O005714,P0083,4.0,0.012
LI004649,O001978,P0080,2.0,0.055
LI004650,O003396,P0040,5.0,0.227
LI004651,O002455,P0111,2.0,0.163
LI004652,O004260,P0107,2.0,0.201
LI004653,O004958,P0087,4.0,0.19
LI004654,O002288,P0004,1.0,0.246
LI004655,O001237,P0085,2.0,0.238
LI004656,O006293,P0024,4.0,0.017
LI004657,O003175,P0042,5.0,0.006
LI004658,O001207,P0119,3.0,0.124
LI004659,O000505,P0026,1.0,0.068
LI004660,O003768,P0106,3.0,0.126
LI004661,O004621,P0066,4.0,0.023
LI004662,O001404,P0104,2.0,0.227
LI004663,O001768,P0008,4.0,0.194
LI004664,O003734,P0073,1.0,0.138
LI004665,O000701,P0066,1.0,0.116
LI004666,O003205,P0078,5.0,0.117
LI004667,O005114,P0020,4.0,0.154
LI004668,O004146,P0066,1.0,0.136
LI004669,O003006,P0068,4.0,0.121
LI004670,O004791,P0099,5.0,0.17
LI004671,O004122,P0055,5.0,0.191
LI004672,O004083,P0078,4.0,0.161
LI004673,O000011,P0085,1.0,0.098
LI004674,O004904,P0112,2.0,0.104
LI004675,O005222,P0079,2.0,0.025
LI004676,O002059,P0039,5.0,0.104
LI004677,O003678,P0050,1.0,0.196
LI004678,O002820,P0020,5.0,0.017
LI004679,O000973,P0070,5.0,0.044
LI004680,O003793,P0028,5.0,0.211
LI004681,O002455,P0117,5.0,0.142
LI004682,O005165,P0112,4.0,0.168
LI004683,O000842,P0043,4.0,0.08
LI004684,O004455,P0066,1.0,0.122
LI004685,O000285,P0028,1.0,0.19
LI004686,O005571,P0119,3.0,0.219
LI004687,O005732,P0098,2.0,0.244
LI004688,O002436,P0078,4.0,0.213
LI004689,O002832,P0073,1.0,0.017
LI004690,O004521,P0023,5.0,0.086
LI004691,O001030,P0108,4.0,0.187
LI004692,O006016,P0035,2.0,0.104
LI004693,O004452,P0022,4.0,0.109
LI004694,O002967,P0005,2.0,0.199
LI004695,O000554,P0060,3.0,0.208
LI004696,O005983,P0041,1.0,0.198
LI004697,O000268,P0029,2.0,0.089
LI004698,O006012,P0035,3.0,0.057
LI004699,O001241,P0114,4.0,0.09
LI004700,O004160,P0098,1.0,0.175
LI004701,O002490,P0068,2.0,0.091
LI004702,O002589,P0045,2.0,0.014
LI004703,O005395,P0113,1.0,0.2
LI004704,O000470,P0009,4.0,0.016
LI004705,O003288,P0051,4.0,0.249
LI004706,O003937,P0014,5.0,0.215
LI004707,O002020,P0109,4.0,0.239
LI004708,O005933,P0069,1.0,0.208
LI004709,O002024,P0114,3.0,0.025
LI004710,O001590,P0056,1.0,0.105
LI004711,O004974,P0111,2.0,0.227
LI004712,O005314,P0091,5.0,0.023
LI004713,O002061,P0011,5.0,0.076
LI004714,O004318,P0030,3.0,0.117
LI004715,O005825,P0115,2.0,0.112
LI004716,O001420,P0101,4.0,0.236
LI004717,O000881,P0039,4.0,0.099
LI004718,O000839,P0098,4.0,0.06
LI004719,O000752,P0115,1.0,0.111
LI004720,O000270,P0024,4.0,0.099
LI004721,O003370,P0080,2.0,0.156
LI004722,O005731,P0058,5.0,0.249
LI004723,O004828,P0030,1.0,0.138
LI004724,O004712,P0024,4.0,0.116
LI004725,O003504,P0067,2.0,0.148
LI004726,O003961,P0029,3.0,0.245
LI004727,O005528,P0042,2.0,0.156
LI004728,O006209,P0076,5.0,0.031
LI004729,O002076,P0119,2.0,0.228
LI004730,O001313,P0062,2.0,0.148
LI004731,O005999,P0027,1.0,0.04
LI004732,O002285,P0029,5.0,0.058
LI004733,O000384,P0066,4.0,0.03
LI004734,O006470,P0057,5.0,0.24
LI004735,O004181,P0061,3.0,0.018
LI004736,O004342,P0029,5.0,0.191
LI004737,O006410,P0104,1.0,0.084
LI004738,O002809,P0057,4.0,0.02
LI004739,O000804,P0073,5.0,0.108
LI004740,O006372,P0055,4.0,0.0
LI004741,O004336,P0116,1.0,0.204
LI004742,O001097,P0044,2.0,0.135
LI004743,O003743,P0028,3.0,0.113
LI004744,O004484,P0037,5.0,0.207
LI004745,O006356,P0023,4.0,0.13
LI004746,O003720,P0077,5.0,0.149
LI004747,O004772,P0069,1.0,0.204
LI004748,O002697,P0096,2.0,0.18
LI004749,O004267,P0092,1.0,0.165
LI004750,O005272,P0058,4.0,0.176
LI004751,O005797,P0079,5.0,0.066
LI004752,O000809,P0088,4.0,0.029
LI004753,O002152,P0032,1.0,0.156
LI004754,O003294,P0085,5.0,0.056
LI004755,O001306,P0069,4.0,0.012
LI004756,O003460,P0101,5.0,0.064
LI004757,O002420,P0036,3.0,0.18
LI004758,O004225,P0092,1.0,0.177
LI004759,O006364,P0032,1.0,0.226
LI004760,O001197,P0059,3.0,0.169
LI004761,O004568,P0060,2.0,0.11
LI004762,O005980,P0087,4.0,0.065
LI004763,O003525,P0080,2.0,0.19
LI004764,O001526,P0114,5.0,0.103
LI004765,O006238,P0074,4.0,0.204
LI004766,O001600,P0093,4.0,0.213
LI004767,O001045,P0116,4.0,0.088
LI004768,O002154,P0027,3.0,0.086
LI004769,O005968,P0099,1.0,0.228
LI004770,O005320,P0106,3.0,0.099
LI004771,O001868,P0109,3.0,0.177
LI004772,O001376,P0024,3.0,0.094
LI004773,O005402,P0087,2.0,0.183
LI004774,O000612,P0067,3.0,0.043
LI004775,O005659,P0036,1.0,0.209
LI004776,O003317,P0109,4.0,0.246
LI004777,O005044,P0014,2.0,0.191
LI004778,O001599,P0068,3.0,0.09
LI004779,O004950,P0044,3.0,0.139
LI004780,O006006,P0048,4.0,0.167
LI004781,O001978,P0106,4.0,0.048
LI004782,O005158,P0119,2.0,0.071
LI004783,O005539,P0032,1.0,0.2
LI004784,O004398,P0120,2.0,0.236
LI004785,O000639,P0084,4.0,0.068
LI004786,O004167,P0120,1.0,0.037
LI004787,O001923,P0017,3.0,0.245
LI004788,O000646,P0093,3.0,0.08
LI004789,O005885,P0057,5.0,0.195
LI004790,O004270,P0039,4.0,0.095
LI004791,O001999,P0032,5.0,0.237
LI004792,O000090,P0068,2.0,0.15
LI004793,O003279,P0088,2.0,0.104
LI004794,O002367,P0108,1.0,0.045
LI004795,O000824,P0106,4.0,0.064
LI004796,O000551,P0002,1.0,0.214
LI004797,O000060,P0078,1.0,0.014
LI004798,O005225,P0104,2.0,0.039
LI004799,O005359,P0042,2.0,0.048
LI004800,O005582,P0038,4.0,0.018
LI004801,O004223,P0055,2.0,0.171
LI004802,O004179,P0055,4.0,0.245
LI004803,O001244,P0034,5.0,0.035
LI004804,O003480,P0046,3.0,0.2
LI004805,O000946,P0043,5.0,0.044
LI004806,O001641,P0002,2.0,0.243
LI004807,O001953,P0036,3.0,0.127
LI004808,O006092,P0070,3.0,0.212
LI004809,O002634,P0036,1.0,0.043
LI004810,O003502,P0022,3.0,0.221
LI004811,O000890,P0069,4.0,0.02
LI004812,O000574,P0038,2.0,0.006
LI004813,O000513,P0105,2.0,0.177
LI004814,O006006,P0054,1.0,0.027
LI004815,O004161,P0022,1.0,0.216
LI004816,O001965,P0112,2.0,0.155
LI004817,O004052,P0075,1.0,0.083
LI004818,O002231,P0107,3.0,0.069
LI004819,O005186,P0120,3.0,0.02
LI004820,O006198,P0031,4.0,0.172
LI004821,O005341,P0053,1.0,0.229
LI004822,O002284,P0117,2.0,0.189
LI004823,O004985,P0106,5.0,0.155
LI004824,O000612,P0093,2.0,0.03
LI004825,O000438,P0059,5.0,0.207
LI004826,O005223,P0097,5.0,0.241
LI004827,O001460,P0086,4.0,0.066
LI004828,O005541,P0049,5.0,0.105
LI004829,O000524,P0027,3.0,0.004
LI004830,O005563,P0072,3.0,0.208
LI004831,O003578,P0112,4.0,0.005
LI004832,O006487,P0057,2.0,0.122
LI004833,O004896,P0006,2.0,0.144
LI004834,O003399,P0046,2.0,0.014
LI004835,O002262,P0025,2.0,0.044
LI004836,O001024,P0098,3.0,0.198
LI004837,O001580,P0009,3.0,0.063
LI004838,O000322,P0064,4.0,0.181
LI004839,O003127,P0100,4.0,0.187
LI004840,O002832,P0031,4.0,0.102
LI004841,O004276,P0019,2.0,0.016
LI004842,O002428,P0113,2.0,0.003
LI004843,O002981,P0065,3.0,0.123
LI004844,O003758,P0088,3.0,0.018
LI004845,O005801,P0098,1.0,0.182
LI004846,O000450,P0017,1.0,0.095
LI004847,O001285,P0034,2.0,0.171
LI004848,O003519,P0099,3.0,0.102
LI004849,O001661,P0036,2.0,0.157
LI004850,O006275,P0013,5.0,0.208
LI004851,O005354,P0059,1.0,0.221
LI004852,O000904,P0089,4.0,0.004
LI004853,O001178,P0119,2.0,0.161
LI004854,O000330,P0076,5.0,0.141
LI004855,O000637,P0021,4.0,0.159
LI004856,O001890,P0101,5.0,0.015
LI004857,O006011,P0110,3.0,0.017
LI004858,O006197,P0102,3.0,0.124
LI004859,O001868,P0065,3.0,0.014
LI004860,O002516,P0112,4.0,0.194
LI004861,O000413,P0006,4.0,0.193
LI004862,O005637,P0109,3.0,0.029
LI004863,O003834,P0109,4.0,0.114
LI004864,O002416,P0011,3.0,0.149
LI004865,O002587,P0080,2.0,0.215
LI004866,O005572,P0022,3.0,0.247
LI004867,O001565,P0110,1.0,0.004
LI004868,O004611,P0011,2.0,0.119
LI004869,O000481,P0037,3.0,0.201
LI004870,O002276,P0026,1.0,0.199
LI004871,O006281,P0057,3.0,0.135
LI004872,O003841,P0026,2.0,0.046
LI004873,O003312,P0106,3.0,0.14
LI004874,O002883,P0021,4.0,0.098
LI004875,O003744,P0057,3.0,0.102
LI004876,O002520,P0026,2.0,0.082
LI004877,O004614,P0015,5.0,0.036
LI004878,O005581,P0103,3.0,0.185
LI004879,O004401,P0063,4.0,0.177
LI004880,O000655,P0035,2.0,0.136
LI004881,O001978,P0011,1.0,0.089
LI004882,O000181,P0073,5.0,0.206
LI004883,O004126,P0106,3.0,0.04
LI004884,O003020,P0087,2.0,0.109
LI004885,O000765,P0068,4.0,0.163
LI004886,O004136,P0094,4.0,0.205
LI004887,O006331,P0092,2.0,0.162
LI004888,O002367,P0089,4.0,0.029
LI004889,O003299,P0086,5.0,0.025
LI004890,O002780,P0089,1.0,0.013
LI004891,O004988,P0116,4.0,0.14
LI004892,O002372,P0090,4.0,0.061
LI004893,O006023,P0050,1.0,0.04
LI004894,O005039,P0029,5.0,0.021
LI004895,O005163,P0110,5.0,0.16
LI004896,O003391,P0064,5.0,0.188
LI004897,O006318,P0041,4.0,0.214
LI004898,O001783,P0096,4.0,0.149
LI004899,O004781,P0026,5.0,0.089
LI004900,O001065,P0028,4.0,0.118
LI004901,O002457,P0084,3.0,0.159
LI004902,O005682,P0048,4.0,0.178
LI004903,O001347,P0066,5.0,0.161
LI004904,O002228,P0023,2.0,0.24
LI004905,O001183,P0039,5.0,0.188
LI004906,O004133,P0069,2.0,0.188
LI004907,O002454,P0021,4.0,0.205
LI004908,O000539,P0120,4.0,0.115
LI004909,O002424,P0086,2.0,0.066
LI004910,O006018,P0049,5.0,0.204
LI004911,O002304,P0075,1.0,0.116
LI004912,O006422,P0094,1.0,0.152
LI004913,O000249,P0092,5.0,0.107
LI004914,O004789,P0036,4.0,0.099
LI004915,O001041,P0081,2.0,0.168
LI004916,O001392,P0085,2.0,0.166
LI004917,O002173,P0037,5.0,0.077
LI004918,O001336,P0100,5.0,0.047
LI004919,O002260,P0089,3.0,0.033
LI004920,O005535,P0088,2.0,0.028
LI004921,O000500,P0094,3.0,0.204
LI004922,O000811,P0042,4.0,0.072
LI004923,O005832,P0062,2.0,0.17
LI004924,O004985,P0099,5.0,0.072
LI004925,O003714,P0085,5.0,0.167
LI004926,O003705,P0006,4.0,0.246
LI004927,O001211,P0085,1.0,0.016
LI004928,O006020,P0008,3.0,0.163
LI004929,O003746,P0069,5.0,0.071
LI004930,O001987,P0040,2.0,0.021
LI004931,O001492,P0010,2.0,0.02
LI004932,O004271,P0031,2.0,0.093
LI004933,O006461,P0030,4.0,0.135
LI004934,O003049,P0051,1.0,0.162
LI004935,O004920,P0085,3.0,0.142
LI004936,O005027,P0036,2.0,0.224
LI004937,O002935,P0061,2.0,0.038
LI004938,O006111,P0027,5.0,0.207
LI004939,O004365,P0102,1.0,0.132
LI004940,O001818,P0035,5.0,0.215
LI004941,O004320,P0060,4.0,0.107
LI004942,O001276,P0032,4.0,0.12
LI004943,O003023,P0090,3.0,0.106
LI004944,O002878,P0004,4.0,0.024
LI004945,O004015,P0091,3.0,0.036
LI004946,O004088,P0100,5.0,0.129
LI004947,O001148,P0101,2.0,0.133
LI004948,O000238,P0027,2.0,0.117
LI004949,O002123,P0047,1.0,0.003
LI004950,O004596,P0112,4.0,0.126
LI004951,O001546,P0006,1.0,0.033
LI004952,O003984,P0082,1.0,0.142
LI004953,O004364,P0026,2.0,0.072
LI004954,O005607,P0108,4.0,0.248
LI004955,O000987,P0024,2.0,0.09
LI004956,O001624,P0116,1.0,0.205
LI004957,O003122,P0071,4.0,0.061
LI004958,O003727,P0119,2.0,0.047
LI004959,O003902,P0044,3.0,0.055
LI004960,O000723,P0014,3.0,0.083
LI004961,O001096,P0013,5.0,0.212
LI004962,O003828,P0026,5.0,0.191
LI004963,O004286,P0043,4.0,0.109
LI004964,O000996,P0043,5.0,0.047
LI004965,O005682,P0066,4.0,0.012
LI004966,O004662,P0110,1.0,0.155
LI004967,O000993,P0111,3.0,0.177
LI004968,O002784,P0087,4.0,0.152
LI004969,O000156,P0028,1.0,0.125
LI004970,O001896,P0001,3.0,0.243
LI004971,O005683,P0096,2.0,0.006
LI004972,O001777,P0012,1.0,0.247
LI004973,O005962,P0110,2.0,0.069
LI004974,O004769,P0050,5.0,0.096
LI004975,O005761,P0053,4.0,0.188
LI004976,O005205,P0120,3.0,0.057
LI004977,O002117,P0060,5.0,0.177
LI004978,O002421,P0055,1.0,0.083
LI004979,O000055,P0035,5.0,0.235
LI004980,O000085,P0061,2.0,0.043
LI004981,O005977,P0026,2.0,0.233
LI004982,O002889,P0031,4.0,0.198
LI004983,O004688,P0057,5.0,0.043
LI004984,O002780,P0012,3.0,0.097
LI004985,O006056,P0093,2.0,0.026
LI004986,O002670,P0005,1.0,0.15
LI004987,O003837,P0099,5.0,0.24
LI004988,O001009,P0007,3.0,0.02
LI004989,O002365,P0016,3.0,0.065
LI004990,O003687,P0096,3.0,0.189
LI004991,O004348,P0052,3.0,0.115
LI004992,O002200,P0081,2.0,0.085
LI004993,O001360,P0021,4.0,0.15
LI004994,O000910,P0027,5.0,0.073
LI004995,O003440,P0104,2.0,0.082
LI004996,O005883,P0111,4.0,0.202
LI004997,O002914,P0116,3.0,0.098
LI004998,O004696,P0079,1.0,0.175
LI004999,O001007,P0023,3.0,0.038
LI005000,O003053,P0072,4.0,0.1
LI005001,O005220,P0025,4.0,0.138
LI005002,O001144,P0011,1.0,0.067
LI005003,O004399,P0063,2.0,0.105
LI005004,O005836,P0057,1.0,0.19
LI005005,O003221,P0085,3.0,0.04
LI005006,O001225,P0054,5.0,0.125
LI005007,O003879,P0119,2.0,0.065
LI005008,O005123,P0010,5.0,0.103
LI005009,O004496,P0050,5.0,0.094
LI005010,O000068,P0073,2.0,0.164
LI005011,O004250,P0112,3.0,0.192
LI005012,O001015,P0001,4.0,0.125
LI005013,O005614,P0086,3.0,0.042
LI005014,O000182,P0070,4.0,0.217
LI005015,O004621,P0030,4.0,0.047
LI005016,O006333,P0055,2.0,0.145
LI005017,O004116,P0098,2.0,0.132
LI005018,O004947,P0077,1.0,0.072
LI005019,O002946,P0086,5.0,0.238
LI005020,O002058,P0006,5.0,0.169
LI005021,O002748,P0105,5.0,0.117
LI005022,O001881,P0110,5.0,0.111
LI005023,O003603,P0024,1.0,0.023
LI005024,O000655,P0085,4.0,0.195
LI005025,O003687,P0103,1.0,0.021
LI005026,O005423,P0087,2.0,0.05
LI005027,O002289,P0005,3.0,0.041
LI005028,O002200,P0007,4.0,0.017
LI005029,O002832,P0003,4.0,0.207
LI005030,O003409,P0119,1.0,0.227
LI005031,O002236,P0013,2.0,0.156
LI005032,O002512,P0054,2.0,0.219
LI005033,O000722,P0063,4.0,0.169
LI005034,O003249,P0076,1.0,0.171
LI005035,O001201,P0006,5.0,0.222
LI005036,O004977,P0098,4.0,0.023
LI005037,O002463,P0079,5.0,0.014
LI005038,O004674,P0047,3.0,0.013
LI005039,O000310,P0082,2.0,0.104
LI005040,O001026,P0055,4.0,0.237
LI005041,O004413,P0049,3.0,0.217
LI005042,O005903,P0057,5.0,0.195
LI005043,O001533,P0003,4.0,0.101
LI005044,O005116,P0022,3.0,0.206
LI005045,O003644,P0035,4.0,0.055
LI005046,O000368,P0028,3.0,0.146
LI005047,O004651,P0105,3.0,0.186
LI005048,O002653,P0042,5.0,0.023
LI005049,O001250,P0012,2.0,0.219
LI005050,O002984,P0119,1.0,0.182
LI005051,O004576,P0001,3.0,0.133
LI005052,O003029,P0100,2.0,0.016
LI005053,O005918,P0094,1.0,0.174
LI005054,O003135,P0117,5.0,0.112
LI005055,O004096,P0119,4.0,0.184
LI005056,O000940,P0023,2.0,0.009
LI005057,O004110,P0101,4.0,0.144
LI005058,O006172,P0028,4.0,0.112
LI005059,O004238,P0113,1.0,0.107
LI005060,O004024,P0117,2.0,0.129
LI005061,O003692,P0069,3.0,0.031
LI005062,O000590,P0036,1.0,0.234
LI005063,O001783,P0054,2.0,0.176
LI005064,O004569,P0047,3.0,0.021
LI005065,O005644,P0056,4.0,0.02
LI005066,O001208,P0010,5.0,0.053
LI005067,O004413,P0005,5.0,0.06
LI005068,O005481,P0014,1.0,0.123
LI005069,O004541,P0024,3.0,0.134
LI005070,O002344,P0063,3.0,0.036
LI005071,O006058,P0028,5.0,0.243
LI005072,O006407,P0021,3.0,0.206
LI005073,O000847,P0109,2.0,0.158
LI005074,O002425,P0115,2.0,0.069
LI005075,O004681,P0104,5.0,0.228
LI005076,O000799,P0076,4.0,0.079
LI005077,O000471,P0020,4.0,0.08
LI005078,O003910,P0062,4.0,0.088
LI005079,O004828,P0115,5.0,0.012
LI005080,O005068,P0096,1.0,0.015
LI005081,O002095,P0051,3.0,0.119
LI005082,O002995,P0102,2.0,0.22
LI005083,O003130,P0040,2.0,0.236
LI005084,O006168,P0106,1.0,0.194
LI005085,O001314,P0085,3.0,0.101
LI005086,O002879,P0081,4.0,0.078
LI005087,O003516,P0065,2.0,0.054
LI005088,O001048,P0115,4.0,0.135
LI005089,O001088,P0108,4.0,0.121
LI005090,O005780,P0028,5.0,0.117
LI005091,O005748,P0054,5.0,0.079
LI005092,O003682,P0002,3.0,0.145
LI005093,O005359,P0081,2.0,0.152
LI005094,O000283,P0103,5.0,0.219
LI005095,O006237,P0014,3.0,0.19
LI005096,O003649,P0014,1.0,0.082
LI005097,O001399,P0044,4.0,0.095
LI005098,O002734,P0112,2.0,0.06
LI005099,O004068,P0082,2.0,0.043
LI005100,O002358,P0040,3.0,0.027
LI005101,O002936,P0034,5.0,0.009
LI005102,O003819,P0107,4.0,0.104
LI005103,O003239,P0065,4.0,0.24
LI005104,O001773,P0106,2.0,0.135
LI005105,O004078,P0018,2.0,0.186
LI005106,O004103,P0112,4.0,0.099
LI005107,O000788,P0034,1.0,0.096
LI005108,O003225,P0087,3.0,0.031
LI005109,O000043,P0049,1.0,0.075
LI005110,O004297,P0080,5.0,0.232
LI005111,O002943,P0083,1.0,0.123
LI005112,O005785,P0101,1.0,0.051
LI005113,O004644,P0055,5.0,0.166
LI005114,O004322,P0062,3.0,0.101
LI005115,O003906,P0070,4.0,0.207
LI005116,O004729,P0024,1.0,0.023
LI005117,O005641,P0081,3.0,0.13
LI005118,O003411,P0048,5.0,0.2
LI005119,O001359,P0080,3.0,0.213
LI005120,O001205,P0039,1.0,0.099
LI005121,O003605,P0048,4.0,0.185
LI005122,O002994,P0105,5.0,0.241
LI005123,O002242,P0119,5.0,0.155
LI005124,O000538,P0070,1.0,0.203
LI005125,O004012,P0080,3.0,0.143
LI005126,O003869,P0009,4.0,0.198
LI005127,O004577,P0029,5.0,0.235
LI005128,O004526,P0068,1.0,0.178
LI005129,O003584,P0060,1.0,0.039
LI005130,O001351,P0026,2.0,0.02
LI005131,O000945,P0118,2.0,0.203
LI005132,O003857,P0038,3.0,0.065
LI005133,O006025,P0062,1.0,0.219
LI005134,O001824,P0026,3.0,0.049
LI005135,O002626,P0014,3.0,0.228
LI005136,O003899,P0099,4.0,0.201
LI005137,O003488,P0119,2.0,0.22
LI005138,O004207,P0049,3.0,0.058
LI005139,O004308,P0043,4.0,0.22
LI005140,O005803,P0088,4.0,0.147
LI005141,O000851,P0008,2.0,0.021
LI005142,O002926,P0040,2.0,0.233
LI005143,O005083,P0025,1.0,0.049
LI005144,O000996,P0063,3.0,0.053
LI005145,O006096,P0004,4.0,0.176
LI005146,O006007,P0015,1.0,0.146
LI005147,O004762,P0016,3.0,0.226
LI005148,O000350,P0054,3.0,0.077
LI005149,O001538,P0011,1.0,0.01
LI005150,O002978,P0028,4.0,0.249
LI005151,O002729,P0007,1.0,0.078
LI005152,O004347,P0114,3.0,0.04
LI005153,O005663,P0038,1.0,0.246
LI005154,O002367,P0024,1.0,0.141
LI005155,O005303,P0095,3.0,0.037
LI005156,O002237,P0068,2.0,0.209
LI005157,O003876,P0037,4.0,0.236
LI005158,O005416,P0120,3.0,0.22
LI005159,O003095,P0035,2.0,0.05
LI005160,O006042,P0006,1.0,0.013
LI005161,O003602,P0110,2.0,0.093
LI005162,O004175,P0033,3.0,0.089
LI005163,O004642,P0116,3.0,0.101
LI005164,O005590,P0096,1.0,0.2
LI005165,O000924,P0110,3.0,0.002
LI005166,O000619,P0102,5.0,0.169
LI005167,O004401,P0099,2.0,0.246
LI005168,O006343,P0081,5.0,0.1
LI005169,O003263,P0054,5.0,0.121
LI005170,O003304,P0096,2.0,0.157
LI005171,O005694,P0014,3.0,0.071
LI005172,O002602,P0019,2.0,0.18
LI005173,O001048,P0088,1.0,0.051
LI005174,O001699,P0103,5.0,0.016
LI005175,O005581,P0011,5.0,0.2
LI005176,O002231,P0071,3.0,0.044
LI005177,O001869,P0045,2.0,0.183
LI005178,O002655,P0060,4.0,0.218
LI005179,O000083,P0088,3.0,0.011
LI005180,O000093,P0119,3.0,0.177
LI005181,O003157,P0117,3.0,0.162
LI005182,O003049,P0058,2.0,0.156
LI005183,O001468,P0088,3.0,0.074
LI005184,O002025,P0078,1.0,0.011
LI005185,O004870,P0024,1.0,0.025
LI005186,O003818,P0011,5.0,0.068
LI005187,O005490,P0072,5.0,0.102
LI005188,O002699,P0044,2.0,0.23
LI005189,O000792,P0079,4.0,0.171
LI005190,O000476,P0106,5.0,0.007
LI005191,O000504,P0118,5.0,0.23
LI005192,O005967,P0066,5.0,0.18
LI005193,O000231,P0088,5.0,0.123
LI005194,O001587,P0045,3.0,0.116
LI005195,O001775,P0074,5.0,0.233
LI005196,O003091,P0032,2.0,0.138
LI005197,O002257,P0017,3.0,0.126
LI005198,O003971,P0054,3.0,0.194
LI005199,O004227,P0010,2.0,0.148
LI005200,O004839,P0086,4.0,0.062
LI005201,O000384,P0006,5.0,0.25
LI005202,O003164,P0091,1.0,0.07
LI005203,O005663,P0020,4.0,0.171
LI005204,O002410,P0001,5.0,0.122
LI005205,O000761,P0064,1.0,0.03
LI005206,O005244,P0081,3.0,0.24
LI005207,O003953,P0001,3.0,0.084
LI005208,O000943,P0101,3.0,0.164
LI005209,O002696,P0061,5.0,0.184
LI005210,O001297,P0079,2.0,0.099
LI005211,O002403,P0119,3.0,0.065
LI005212,O002148,P0001,3.0,0.015
LI005213,O001640,P0081,3.0,0.238
LI005214,O004397,P0046,5.0,0.146
LI005215,O000609,P0109,1.0,0.179
LI005216,O005948,P0060,4.0,0.117
LI005217,O000882,P0043,3.0,0.058
LI005218,O002251,P0044,4.0,0.249
LI005219,O003093,P0038,2.0,0.242
LI005220,O005318,P0107,2.0,0.215
LI005221,O002160,P0002,2.0,0.229
LI005222,O002429,P0082,3.0,0.144
LI005223,O004851,P0012,4.0,0.092
LI005224,O003002,P0093,1.0,0.086
LI005225,O005303,P0023,5.0,0.233
LI005226,O004892,P0111,4.0,0.24
LI005227,O006481,P0009,5.0,0.11
LI005228,O001995,P0008,4.0,0.152
LI005229,O001324,P0050,3.0,0.201
LI005230,O004318,P0080,1.0,0.176
LI005231,O001012,P0062,3.0,0.217
LI005232,O004039,P0023,2.0,0.152
LI005233,O000689,P0117,1.0,0.146
LI005234,O004069,P0093,4.0,0.094
LI005235,O004214,P0059,3.0,0.018
LI005236,O004270,P0010,5.0,0.014
LI005237,O001243,P0012,3.0,0.038
LI005238,O003448,P0062,3.0,0.014
LI005239,O006463,P0116,4.0,0.134
LI005240,O002045,P0076,4.0,0.101
LI005241,O000441,P0030,2.0,0.007
LI005242,O001225,P0074,1.0,0.005
LI005243,O005696,P0078,3.0,0.131
LI005244,O002463,P0068,5.0,0.137
LI005245,O005124,P0047,4.0,0.009
LI005246,O005046,P0084,4.0,0.167
LI005247,O004179,P0041,2.0,0.031
LI005248,O005085,P0103,1.0,0.124
LI005249,O006150,P0007,2.0,0.04
LI005250,O002753,P0094,4.0,0.01
LI005251,O001753,P0116,5.0,0.053
LI005252,O004443,P0105,2.0,0.116
LI005253,O004630,P0088,3.0,0.186
LI005254,O003003,P0074,4.0,0.066
LI005255,O005917,P0052,4.0,0.171
LI005256,O004547,P0045,2.0,0.216
LI005257,O003217,P0038,5.0,0.067
LI005258,O003360,P0036,2.0,0.131
LI005259,O005014,P0081,5.0,0.102
LI005260,O003943,P0085,4.0,0.007
LI005261,O003297,P0058,2.0,0.098
LI005262,O005050,P0046,1.0,0.094
LI005263,O004310,P0067,2.0,0.155
LI005264,O004015,P0065,2.0,0.217
LI005265,O000900,P0018,1.0,0.168
LI005266,O001190,P0002,1.0,0.089
LI005267,O000653,P0104,3.0,0.112
LI005268,O000983,P0112,1.0,0.222
LI005269,O000576,P0004,5.0,0.16
LI005270,O000333,P0096,3.0,0.097
LI005271,O004308,P0083,5.0,0.15
LI005272,O000289,P0084,3.0,0.161
LI005273,O002214,P0042,3.0,0.121
LI005274,O002174,P0049,5.0,0.216
LI005275,O003834,P0049,4.0,0.203
LI005276,O001056,P0117,4.0,0.131
LI005277,O006027,P0007,2.0,0.24
LI005278,O004370,P0009,4.0,0.238
LI005279,O001325,P0071,2.0,0.242
LI005280,O003596,P0027,4.0,0.055
LI005281,O003828,P0021,2.0,0.026
LI005282,O002663,P0035,2.0,0.155
LI005283,O002324,P0088,1.0,0.182
LI005284,O005127,P0096,2.0,0.077
LI005285,O001883,P0076,5.0,0.134
LI005286,O003064,P0087,5.0,0.162
LI005287,O005575,P0036,2.0,0.116
LI005288,O001154,P0113,5.0,0.135
LI005289,O003371,P0093,4.0,0.019
LI005290,O000097,P0067,5.0,0.249
LI005291,O000277,P0043,1.0,0.095
LI005292,O005405,P0008,5.0,0.051
LI005293,O002848,P0098,4.0,0.12
LI005294,O005293,P0078,4.0,0.079
LI005295,O000332,P0036,2.0,0.098
LI005296,O002253,P0048,3.0,0.141
LI005297,O004199,P0046,4.0,0.07
LI005298,O003052,P0032,2.0,0.167
LI005299,O003697,P0007,2.0,0.108
LI005300,O005051,P0074,5.0,0.021
LI005301,O002408,P0012,5.0,0.222
LI005302,O003203,P0055,2.0,0.119
LI005303,O002087,P0104,1.0,0.231
LI005304,O000307,P0023,2.0,0.095
LI005305,O000884,P0075,5.0,0.136
LI005306,O006190,P0052,4.0,0.218
LI005307,O004290,P0013,1.0,0.116
LI005308,O003590,P0076,3.0,0.158
LI005309,O003642,P0071,4.0,0.062
LI005310,O004345,P0053,5.0,0.06
LI005311,O005109,P0063,4.0,0.136
LI005312,O006351,P0108,4.0,0.153
LI005313,O002163,P0074,5.0,0.164
LI005314,O006383,P0071,4.0,0.192
LI005315,O003148,P0051,2.0,0.231
LI005316,O005289,P0058,1.0,0.06
LI005317,O005168,P0027,5.0,0.155
LI005318,O002784,P0007,1.0,0.111
LI005319,O003142,P0119,2.0,0.022
LI005320,O006132,P0050,5.0,0.113
LI005321,O004604,P0024,2.0,0.198
LI005322,O000155,P0087,3.0,0.02
LI005323,O003631,P0025,3.0,0.152
LI005324,O000461,P0044,3.0,0.103
LI005325,O001397,P0036,1.0,0.164
LI005326,O000791,P0057,3.0,0.205
LI005327,O005322,P0097,3.0,0.135
LI005328,O006461,P0037,2.0,0.076
LI005329,O003710,P0106,4.0,0.023
LI005330,O001868,P0103,4.0,0.072
LI005331,O001689,P0052,3.0,0.091
LI005332,O000577,P0063,4.0,0.16
LI005333,O006040,P0007,3.0,0.097
LI005334,O003765,P0094,3.0,0.101
LI005335,O002544,P0060,1.0,0.073
LI005336,O000362,P0095,5.0,0.091
LI005337,O000457,P0109,4.0,0.067
LI005338,O003250,P0110,3.0,0.184
LI005339,O004225,P0037,4.0,0.246
LI005340,O003562,P0021,1.0,0.184
LI005341,O003111,P0098,1.0,0.018
LI005342,O003530,P0046,3.0,0.158
LI005343,O004908,P0021,4.0,0.176
LI005344,O004969,P0104,4.0,0.195
LI005345,O000350,P0084,4.0,0.191
LI005346,O002693,P0098,1.0,0.127
LI005347,O006011,P0072,2.0,0.066
LI005348,O004548,P0096,2.0,0.03
LI005349,O004084,P0052,4.0,0.002
LI005350,O005500,P0094,4.0,0.0
LI005351,O000109,P0029,5.0,0.234
LI005352,O001232,P0069,3.0,0.152
LI005353,O000577,P0094,1.0,0.144
LI005354,O000241,P0076,5.0,0.094
LI005355,O002639,P0039,4.0,0.2
LI005356,O005810,P0027,2.0,0.055
LI005357,O002042,P0117,2.0,0.185
LI005358,O005382,P0077,5.0,0.091
LI005359,O006469,P0111,2.0,0.177
LI005360,O000371,P0010,2.0,0.177
LI005361,O006055,P0036,3.0,0.079
LI005362,O002153,P0095,4.0,0.234
LI005363,O000098,P0016,5.0,0.127
LI005364,O005607,P0103,1.0,0.064
LI005365,O004192,P0109,1.0,0.168
LI005366,O001949,P0036,4.0,0.188
LI005367,O001496,P0090,1.0,0.238
LI005368,O002094,P0108,2.0,0.018
LI005369,O002938,P0084,3.0,0.135
LI005370,O002079,P0034,5.0,0.123
LI005371,O002456,P0037,5.0,0.078
LI005372,O003447,P0072,2.0,0.192
LI005373,O001406,P0068,4.0,0.049
LI005374,O004812,P0059,3.0,0.082
LI005375,O002692,P0029,1.0,0.192
LI005376,O002746,P0031,5.0,0.119
LI005377,O000973,P0066,5.0,0.034
LI005378,O002749,P0089,4.0,0.224
LI005379,O001513,P0102,3.0,0.183
LI005380,O002924,P0003,1.0,0.141
LI005381,O005002,P0110,5.0,0.152
LI005382,O000809,P0106,5.0,0.156
LI005383,O004695,P0107,1.0,0.125
LI005384,O005063,P0069,3.0,0.186
LI005385,O005964,P0022,3.0,0.179
LI005386,O005936,P0080,3.0,0.001
LI005387,O004231,P0073,5.0,0.028
LI005388,O000328,P0053,2.0,0.006
LI005389,O004295,P0048,5.0,0.042
LI005390,O000683,P0073,4.0,0.018
LI005391,O003332,P0113,4.0,0.048
LI005392,O000124,P0076,5.0,0.135
LI005393,O000754,P0047,5.0,0.167
LI005394,O001607,P0042,1.0,0.23
LI005395,O003579,P0004,3.0,0.185
LI005396,O004667,P0113,1.0,0.008
LI005397,O001469,P0082,4.0,0.117
LI005398,O002846,P0082,4.0,0.169
LI005399,O002939,P0042,2.0,0.079
LI005400,O005266,P0043,3.0,0.092
LI005401,O001927,P0117,3.0,0.201
LI005402,O005684,P0097,4.0,0.012
LI005403,O006320,P0042,1.0,0.135
LI005404,O005399,P0003,5.0,0.201
LI005405,O002428,P0059,3.0,0.199
LI005406,O000165,P0102,5.0,0.03
LI005407,O005959,P0081,4.0,0.211
LI005408,O001510,P0076,2.0,0.019
LI005409,O004711,P0011,4.0,0.231
LI005410,O005887,P0081,5.0,0.054
LI005411,O005481,P0035,4.0,0.029
LI005412,O006317,P0105,3.0,0.018
LI005413,O004093,P0050,5.0,0.086
LI005414,O002811,P0063,5.0,0.087
LI005415,O001201,P0070,2.0,0.132
LI005416,O005169,P0099,3.0,0.183
LI005417,O005231,P0006,1.0,0.127
LI005418,O003282,P0032,2.0,0.245
LI005419,O005880,P0011,3.0,0.053
LI005420,O005807,P0043,1.0,0.053
LI005421,O000619,P0039,5.0,0.176
LI005422,O002713,P0013,2.0,0.079
LI005423,O004955,P0013,5.0,0.043
LI005424,O005275,P0039,5.0,0.198
LI005425,O003724,P0046,5.0,0.057
LI005426,O001687,P0034,3.0,0.187
LI005427,O001607,P0067,1.0,0.052
LI005428,O004733,P0032,3.0,0.235
LI005429,O003933,P0068,5.0,0.074
LI005430,O003893,P0104,2.0,0.187
LI005431,O003804,P0117,5.0,0.21
LI005432,O004311,P0065,1.0,0.031
LI005433,O001354,P0073,3.0,0.017
LI005434,O004240,P0113,1.0,0.15
LI005435,O000619,P0114,3.0,0.155
LI005436,O005104,P0007,1.0,0.156
LI005437,O000354,P0091,1.0,0.114
LI005438,O000281,P0003,3.0,0.234
LI005439,O005442,P0086,3.0,0.173
LI005440,O003378,P0080,3.0,0.019
LI005441,O004933,P0072,4.0,0.196
LI005442,O003551,P0069,1.0,0.069
LI005443,O001960,P0049,4.0,0.181
LI005444,O000390,P0058,4.0,0.015
LI005445,O005184,P0094,5.0,0.192
LI005446,O003868,P0028,4.0,0.136
LI005447,O004361,P0115,4.0,0.18
LI005448,O002054,P0027,3.0,0.124
LI005449,O005009,P0114,3.0,0.2
LI005450,O000168,P0022,2.0,0.237
LI005451,O006499,P0094,1.0,0.186
LI005452,O006092,P0101,4.0,0.186
LI005453,O006317,P0071,4.0,0.054
LI005454,O004946,P0114,1.0,0.089
LI005455,O002167,P0094,3.0,0.031
LI005456,O004270,P0013,3.0,0.133
LI005457,O003007,P0022,1.0,0.112
LI005458,O006273,P0075,1.0,0.074
LI005459,O000187,P0005,3.0,0.017
LI005460,O005183,P0022,1.0,0.233
LI005461,O004047,P0079,3.0,0.151
LI005462,O002941,P0053,1.0,0.081
LI005463,O001298,P0039,3.0,0.087
LI005464,O002646,P0037,2.0,0.099
LI005465,O006354,P0031,3.0,0.203
LI005466,O005105,P0062,3.0,0.053
LI005467,O001217,P0093,4.0,0.214
LI005468,O004628,P0103,3.0,0.078
LI005469,O003000,P0081,1.0,0.218
LI005470,O001206,P0105,5.0,0.224
LI005471,O000228,P0006,1.0,0.174
LI005472,O002614,P0105,4.0,0.224
LI005473,O004710,P0081,1.0,0.187
LI005474,O002137,P0034,2.0,0.036
LI005475,O003732,P0087,5.0,0.239
LI005476,O005862,P0052,5.0,0.048
LI005477,O000250,P0030,4.0,0.124
LI005478,O002273,P0013,5.0,0.096
LI005479,O002951,P0058,3.0,0.087
LI005480,O006039,P0094,4.0,0.196
LI005481,O003019,P0113,2.0,0.073
LI005482,O004769,P0053,5.0,0.134
LI005483,O002216,P0020,5.0,0.084
LI005484,O002158,P0006,4.0,0.223
LI005485,O001797,P0055,5.0,0.039
LI005486,O003245,P0031,5.0,0.044
LI005487,O000297,P0059,2.0,0.028
LI005488,O001928,P0019,2.0,0.189
LI005489,O006387,P0070,4.0,0.04
LI005490,O002257,P0098,5.0,0.133
LI005491,O005363,P0028,1.0,0.192
LI005492,O005202,P0013,4.0,0.029
LI005493,O001458,P0052,2.0,0.233
LI005494,O003547,P0074,1.0,0.071
LI005495,O005663,P0061,5.0,0.198
LI005496,O005124,P0041,4.0,0.198
LI005497,O003128,P0045,4.0,0.087
LI005498,O002309,P0007,2.0,0.138
LI005499,O003665,P0082,3.0,0.158
LI005500,O001590,P0086,3.0,0.104
LI005501,O000096,P0014,3.0,0.089
LI005502,O003933,P0036,4.0,0.213
LI005503,O001360,P0008,2.0,0.05
LI005504,O006141,P0012,2.0,0.199
LI005505,O001740,P0040,3.0,0.051
LI005506,O003795,P0112,1.0,0.175
LI005507,O001353,P0097,3.0,0.072
LI005508,O004925,P0088,4.0,0.232
LI005509,O005758,P0106,1.0,0.151
LI005510,O001543,P0103,2.0,0.133
LI005511,O005022,P0062,5.0,0.074
LI005512,O005245,P0014,1.0,0.127
LI005513,O005903,P0049,2.0,0.016
LI005514,O002668,P0051,1.0,0.036
LI005515,O006404,P0062,3.0,0.074
LI005516,O000831,P0005,1.0,0.237
LI005517,O001606,P0083,1.0,0.117
LI005518,O004646,P0067,1.0,0.1
LI005519,O002748,P0001,4.0,0.193
LI005520,O003811,P0104,4.0,0.173
LI005521,O005128,P0105,3.0,0.166
LI005522,O004659,P0101,5.0,0.151
LI005523,O000222,P0097,4.0,0.032
LI005524,O003952,P0049,5.0,0.098
LI005525,O000531,P0110,4.0,0.225
LI005526,O006494,P0017,2.0,0.24
LI005527,O004127,P0073,2.0,0.108
LI005528,O001382,P0095,1.0,0.0
LI005529,O004118,P0035,5.0,0.125
LI005530,O005409,P0067,1.0,0.057
LI005531,O000754,P0013,1.0,0.047
LI005532,O004310,P0116,4.0,0.071
LI005533,O004808,P0037,4.0,0.031
LI005534,O001189,P0038,1.0,0.011
LI005535,O006284,P0078,4.0,0.111
LI005536,O000409,P0006,2.0,0.066
LI005537,O002486,P0093,2.0,0.064
LI005538,O000797,P0063,5.0,0.055
LI005539,O006157,P0049,2.0,0.124
LI005540,O005146,P0009,1.0,0.183
LI005541,O000861,P0036,3.0,0.164
LI005542,O004172,P0023,4.0,0.244
LI005543,O000366,P0079,1.0,0.229
LI005544,O001515,P0118,4.0,0.104
LI005545,O004937,P0057,5.0,0.203
LI005546,O002935,P0050,1.0,0.046
LI005547,O001584,P0111,1.0,0.053
LI005548,O000499,P0059,1.0,0.175
LI005549,O003242,P0114,5.0,0.054
LI005550,O001370,P0007,1.0,0.113
LI005551,O005877,P0047,4.0,0.081
LI005552,O001252,P0089,3.0,0.058
LI005553,O000699,P0101,1.0,0.039
LI005554,O002728,P0087,5.0,0.153
LI005555,O002251,P0075,5.0,0.014
LI005556,O002494,P0056,1.0,0.176
LI005557,O000132,P0110,5.0,0.224
LI005558,O005365,P0008,2.0,0.086
LI005559,O000091,P0036,5.0,0.103
LI005560,O003895,P0042,3.0,0.148
LI005561,O003198,P0039,2.0,0.167
LI005562,O000472,P0065,4.0,0.136
LI005563,O006085,P0116,2.0,0.173
LI005564,O001266,P0044,3.0,0.202
LI005565,O004598,P0077,2.0,0.248
LI005566,O002809,P0080,1.0,0.098
LI005567,O004483,P0046,5.0,0.146
LI005568,O005127,P0013,1.0,0.094
LI005569,O001112,P0037,1.0,0.059
LI005570,O000598,P0014,1.0,0.249
LI005571,O000908,P0013,2.0,0.003
LI005572,O002915,P0110,4.0,0.016
LI005573,O003217,P0012,5.0,0.146
LI005574,O001355,P0055,2.0,0.177
LI005575,O003947,P0028,1.0,0.182
LI005576,O003236,P0022,3.0,0.176
LI005577,O002705,P0084,3.0,0.197
LI005578,O002390,P0111,1.0,0.186
LI005579,O004076,P0019,4.0,0.136
LI005580,O003651,P0075,5.0,0.118
LI005581,O000464,P0030,2.0,0.18
LI005582,O003939,P0054,4.0,0.183
LI005583,O001073,P0090,3.0,0.083
LI005584,O005447,P0015,1.0,0.001
LI005585,O000474,P0030,2.0,0.079
LI005586,O004984,P0029,4.0,0.134
LI005587,O000939,P0032,4.0,0.132
LI005588,O001311,P0117,4.0,0.095
LI005589,O002341,P0030,2.0,0.233
LI005590,O003521,P0108,5.0,0.119
LI005591,O004057,P0115,2.0,0.035
LI005592,O001087,P0016,1.0,0.048
LI005593,O004664,P0036,2.0,0.024
LI005594,O003530,P0082,4.0,0.067
LI005595,O004970,P0105,5.0,0.076
LI005596,O000260,P0048,5.0,0.084
LI005597,O001657,P0103,1.0,0.209
LI005598,O002956,P0028,1.0,0.191
LI005599,O004280,P0062,3.0,0.124
LI005600,O003120,P0083,3.0,0.111
LI005601,O006291,P0056,3.0,0.095
LI005602,O005914,P0056,2.0,0.003
LI005603,O000592,P0075,5.0,0.23
LI005604,O005868,P0017,1.0,0.073
LI005605,O001433,P0062,3.0,0.21
LI005606,O005114,P0021,1.0,0.185
LI005607,O002488,P0037,3.0,0.029
LI005608,O005578,P0108,2.0,0.078
LI005609,O000229,P0115,2.0,0.121
LI005610,O005693,P0034,4.0,0.066
LI005611,O002780,P0097,1.0,0.101
LI005612,O001369,P0029,4.0,0.071
LI005613,O001625,P0068,2.0,0.159
LI005614,O003980,P0096,2.0,0.09
LI005615,O005384,P0060,1.0,0.087
LI005616,O000740,P0011,4.0,0.068
LI005617,O003175,P0090,4.0,0.2
LI005618,O005050,P0082,4.0,0.161
LI005619,O002648,P0117,1.0,0.18
LI005620,O002071,P0096,1.0,0.098
LI005621,O006437,P0060,1.0,0.21
LI005622,O005387,P0091,5.0,0.104
LI005623,O004572,P0080,2.0,0.044
LI005624,O006069,P0074,5.0,0.128
LI005625,O004994,P0108,5.0,0.111
LI005626,O002035,P0034,2.0,0.023
LI005627,O004381,P0033,3.0,0.166
LI005628,O001186,P0010,3.0,0.203
LI005629,O000590,P0106,3.0,0.089
LI005630,O004218,P0060,1.0,0.19
LI005631,O001136,P0026,1.0,0.146
LI005632,O005359,P0106,4.0,0.068
LI005633,O003421,P0025,4.0,0.086
LI005634,O002559,P0002,5.0,0.237
LI005635,O000002,P0090,4.0,0.054
LI005636,O000892,P0084,1.0,0.038
LI005637,O004895,P0003,5.0,0.019
LI005638,O004725,P0032,4.0,0.219
LI005639,O006001,P0001,4.0,0.168
LI005640,O004557,P0024,3.0,0.029
LI005641,O003000,P0050,1.0,0.191
LI005642,O003554,P0043,5.0,0.157
LI005643,O006070,P0120,2.0,0.247
LI005644,O003658,P0044,4.0,0.128
LI005645,O000972,P0033,1.0,0.129
LI005646,O005361,P0038,5.0,0.062
LI005647,O004150,P0112,1.0,0.048
LI005648,O003743,P0052,1.0,0.183
LI005649,O005587,P0035,5.0,0.093
LI005650,O004205,P0017,3.0,0.181
LI005651,O000280,P0058,3.0,0.194
LI005652,O005785,P0048,4.0,0.226
LI005653,O001699,P0043,3.0,0.107
LI005654,O005177,P0048,4.0,0.024
LI005655,O002888,P0044,4.0,0.005
LI005656,O002885,P0033,5.0,0.073
LI005657,O003286,P0075,1.0,0.233
LI005658,O003580,P0087,2.0,0.187
LI005659,O002252,P0102,2.0,0.14
LI005660,O004641,P0096,3.0,0.06
LI005661,O002357,P0083,5.0,0.178
LI005662,O004624,P0076,2.0,0.185
LI005663,O001932,P0092,1.0,0.058
LI005664,O003415,P0002,4.0,0.177
LI005665,O001009,P0010,4.0,0.03
LI005666,O005338,P0083,5.0,0.025
LI005667,O004713,P0028,3.0,0.014
LI005668,O005709,P0047,1.0,0.203
LI005669,O002079,P0008,3.0,0.068
LI005670,O004196,P0107,3.0,0.151
LI005671,O002715,P0023,5.0,0.036
LI005672,O001339,P0048,4.0,0.111
LI005673,O004591,P0109,3.0,0.007
LI005674,O003690,P0094,3.0,0.215
LI005675,O000742,P0092,1.0,0.135
LI005676,O005635,P0063,4.0,0.223
LI005677,O000734,P0077,3.0,0.117
LI005678,O005753,P0119,2.0,0.079
LI005679,O001807,P0037,2.0,0.1
LI005680,O005094,P0012,4.0,0.061
LI005681,O002379,P0074,4.0,0.221
LI005682,O003266,P0115,5.0,0.074
LI005683,O001754,P0081,3.0,0.073
LI005684,O006396,P0065,2.0,0.158
LI005685,O005858,P0086,2.0,0.031
LI005686,O001025,P0015,4.0,0.055
LI005687,O001483,P0080,4.0,0.107
LI005688,O005765,P0084,1.0,0.046
LI005689,O005210,P0119,1.0,0.064
LI005690,O002566,P0010,4.0,0.175
LI005691,O003555,P0042,1.0,0.07
LI005692,O001780,P0026,4.0,0.159
LI005693,O003717,P0049,4.0,0.124
LI005694,O006217,P0118,5.0,0.192
LI005695,O006300,P0023,1.0,0.188
LI005696,O004819,P0064,3.0,0.049
LI005697,O002117,P0017,3.0,0.236
LI005698,O004567,P0034,5.0,0.201
LI005699,O002540,P0105,3.0,0.133
LI005700,O006444,P0057,3.0,0.14
LI005701,O005831,P0086,5.0,0.207
LI005702,O005326,P0004,2.0,0.121
LI005703,O002966,P0071,5.0,0.12
LI005704,O002761,P0069,5.0,0.158
LI005705,O002455,P0095,1.0,0.022
LI005706,O003755,P0083,3.0,0.146
LI005707,O001946,P0068,3.0,0.056
LI005708,O003369,P0050,2.0,0.029
LI005709,O002630,P0086,5.0,0.204
LI005710,O000529,P0067,4.0,0.095
LI005711,O004233,P0087,2.0,0.126
LI005712,O006363,P0068,2.0,0.073
LI005713,O001472,P0110,3.0,0.008
LI005714,O006276,P0088,3.0,0.111
LI005715,O002036,P0059,3.0,0.188
LI005716,O005483,P0078,3.0,0.19
LI005717,O004035,P0113,2.0,0.231
LI005718,O001368,P0105,5.0,0.21
LI005719,O001720,P0115,3.0,0.246
LI005720,O001042,P0063,1.0,0.143
LI005721,O003488,P0067,2.0,0.013
LI005722,O005845,P0111,4.0,0.216
LI005723,O000560,P0085,4.0,0.238
LI005724,O001565,P0026,5.0,0.116
LI005725,O005024,P0001,2.0,0.028
LI005726,O003225,P0094,2.0,0.006
LI005727,O006476,P0115,2.0,0.153
LI005728,O005870,P0068,1.0,0.167
LI005729,O006463,P0078,1.0,0.004
LI005730,O001801,P0018,3.0,0.237
LI005731,O003271,P0012,4.0,0.136
LI005732,O005646,P0038,1.0,0.153
LI005733,O001812,P0042,4.0,0.141
LI005734,O005076,P0036,2.0,0.079
LI005735,O003082,P0016,1.0,0.225
LI005736,O004263,P0065,4.0,0.001
LI005737,O000147,P0067,1.0,0.187
LI005738,O003829,P0039,2.0,0.09
LI005739,O004541,P0099,2.0,0.048
LI005740,O002118,P0118,2.0,0.109
LI005741,O005448,P0059,3.0,0.05
LI005742,O005015,P0079,4.0,0.217
LI005743,O002664,P0038,3.0,0.199
LI005744,O005349,P0016,5.0,0.214
LI005745,O005948,P0081,5.0,0.209
LI005746,O005770,P0098,1.0,0.206
LI005747,O000319,P0074,1.0,0.145
LI005748,O003970,P0011,1.0,0.225
LI005749,O004132,P0028,3.0,0.015
LI005750,O005750,P0091,2.0,0.071
LI005751,O000255,P0102,1.0,0.053
LI005752,O001337,P0082,1.0,0.03
LI005753,O005058,P0111,5.0,0.002
LI005754,O000335,P0112,2.0,0.101
LI005755,O003092,P0094,3.0,0.181
LI005756,O004394,P0077,2.0,0.161
LI005757,O001045,P0080,5.0,0.163
LI005758,O004574,P0002,3.0,0.222
LI005759,O001792,P0020,4.0,0.239
LI005760,O002520,P0076,1.0,0.17
LI005761,O000962,P0093,3.0,0.021
LI005762,O003750,P0110,5.0,0.169
LI005763,O004566,P0072,2.0,0.139
LI005764,O002815,P0038,3.0,0.016
LI005765,O000590,P0110,5.0,0.064
LI005766,O001989,P0056,3.0,0.059
LI005767,O002840,P0111,1.0,0.193
LI005768,O003866,P0084,2.0,0.086
LI005769,O002434,P0099,2.0,0.125
LI005770,O002990,P0039,3.0,0.196
LI005771,O003949,P0031,5.0,0.234
LI005772,O005666,P0080,1.0,0.135
LI005773,O004542,P0023,1.0,0.139
LI005774,O006103,P0034,3.0,0.024
LI005775,O001961,P0096,4.0,0.124
LI005776,O004195,P0017,3.0,0.172
LI005777,O000655,P0107,1.0,0.047
LI005778,O001079,P0024,2.0,0.028
LI005779,O003075,P0035,3.0,0.216
LI005780,O001356,P0118,3.0,0.029
LI005781,O005030,P0023,2.0,0.228
LI005782,O001459,P0008,3.0,0.068
LI005783,O003283,P0054,5.0,0.082
LI005784,O004913,P0087,2.0,0.131
LI005785,O004757,P0021,2.0,0.047
LI005786,O006376,P0019,2.0,0.172
LI005787,O004696,P0031,1.0,0.131
LI005788,O000920,P0050,3.0,0.237
LI005789,O001747,P0071,4.0,0.228
LI005790,O001759,P0112,3.0,0.192
LI005791,O001832,P0024,3.0,0.046
LI005792,O001172,P0046,1.0,0.053
LI005793,O003279,P0008,5.0,0.067
LI005794,O000360,P0077,5.0,0.209
LI005795,O006064,P0003,1.0,0.162
LI005796,O003811,P0034,1.0,0.044
LI005797,O001441,P0077,1.0,0.115
LI005798,O002920,P0057,3.0,0.244
LI005799,O001720,P0118,1.0,0.183
LI005800,O005673,P0058,4.0,0.234
LI005801,O003254,P0096,2.0,0.202
LI005802,O000556,P0035,5.0,0.181
LI005803,O001234,P0021,4.0,0.207
LI005804,O003921,P0065,5.0,0.173
LI005805,O004040,P0066,3.0,0.142
LI005806,O002298,P0057,3.0,0.184
LI005807,O001536,P0042,1.0,0.057
LI005808,O006283,P0043,5.0,0.123
LI005809,O005086,P0026,3.0,0.238
LI005810,O004059,P0067,3.0,0.202
LI005811,O003303,P0088,5.0,0.232
LI005812,O000910,P0026,3.0,0.242
LI005813,O001962,P0008,1.0,0.147
LI005814,O000012,P0047,3.0,0.049
LI005815,O000980,P0037,4.0,0.185
LI005816,O000273,P0072,4.0,0.002
LI005817,O004584,P0082,1.0,0.022
LI005818,O001998,P0018,4.0,0.072
LI005819,O005145,P0076,3.0,0.004
LI005820,O004634,P0036,4.0,0.171
LI005821,O001689,P0104,4.0,0.204
LI005822,O001596,P0002,3.0,0.188
LI005823,O003243,P0084,5.0,0.036
LI005824,O004684,P0120,1.0,0.201
LI005825,O005840,P0003,5.0,0.207
LI005826,O005787,P0104,5.0,0.024
LI005827,O001716,P0108,4.0,0.123
LI005828,O005714,P0034,2.0,0.172
LI005829,O005130,P0113,5.0,0.102
LI005830,O004339,P0110,3.0,0.222
LI005831,O001202,P0046,3.0,0.132
LI005832,O002846,P0062,3.0,0.031
LI005833,O000257,P0070,2.0,0.133
LI005834,O006139,P0104,2.0,0.144
LI005835,O000310,P0057,1.0,0.238
LI005836,O002564,P0010,2.0,0.105
LI005837,O005335,P0088,1.0,0.223
LI005838,O003418,P0018,3.0,0.08
LI005839,O001089,P0033,2.0,0.113
LI005840,O004732,P0103,4.0,0.169
LI005841,O004893,P0007,4.0,0.221
LI005842,O001177,P0045,4.0,0.194
LI005843,O006184,P0112,2.0,0.039
LI005844,O003098,P0108,2.0,0.048
LI005845,O003231,P0029,2.0,0.017
LI005846,O001725,P0083,4.0,0.155
LI005847,O005896,P0038,3.0,0.11
LI005848,O002629,P0039,5.0,0.219
LI005849,O006145,P0025,3.0,0.247
LI005850,O004175,P0017,2.0,0.22
LI005851,O003300,P0061,5.0,0.012
LI005852,O001351,P0051,5.0,0.236
LI005853,O000620,P0037,3.0,0.026
LI005854,O002549,P0067,4.0,0.112
LI005855,O005595,P0024,1.0,0.074
LI005856,O001379,P0118,4.0,0.039
LI005857,O005244,P0082,4.0,0.043
LI005858,O004059,P0049,5.0,0.086
LI005859,O000978,P0090,2.0,0.006
LI005860,O005544,P0021,2.0,0.016
LI005861,O001538,P0075,5.0,0.179
LI005862,O005854,P0057,4.0,0.157
LI005863,O003773,P0041,3.0,0.025
LI005864,O003579,P0017,1.0,0.108
LI005865,O002534,P0115,4.0,0.152
LI005866,O000478,P0109,4.0,0.024
LI005867,O003655,P0102,1.0,0.243
LI005868,O001895,P0021,3.0,0.212
LI005869,O002381,P0068,1.0,0.057
LI005870,O001633,P0096,5.0,0.13
LI005871,O005352,P0082,1.0,0.127
LI005872,O002041,P0064,1.0,0.084
LI005873,O001566,P0044,4.0,0.19
LI005874,O004126,P0028,4.0,0.165
LI005875,O004823,P0036,2.0,0.216
LI005876,O004269,P0037,1.0,0.001
LI005877,O002840,P0044,5.0,0.151
LI005878,O000468,P0050,2.0,0.248
LI005879,O003548,P0090,1.0,0.197
LI005880,O001976,P0113,4.0,0.086
LI005881,O003389,P0055,5.0,0.039
LI005882,O004221,P0119,3.0,0.107
LI005883,O002744,P0088,2.0,0.106
LI005884,O002575,P0010,4.0,0.146
LI005885,O005643,P0038,3.0,0.017
LI005886,O001420,P0049,1.0,0.097
LI005887,O001878,P0072,5.0,0.214
LI005888,O001027,P0002,4.0,0.161
LI005889,O004632,P0044,4.0,0.109
LI005890,O000601,P0035,5.0,0.078
LI005891,O003593,P0120,4.0,0.07
LI005892,O000988,P0116,4.0,0.187
LI005893,O000606,P0021,1.0,0.107
LI005894,O002748,P0057,2.0,0.062
LI005895,O000139,P0091,3.0,0.203
LI005896,O002058,P0023,5.0,0.066
LI005897,O003587,P0032,3.0,0.016
LI005898,O005651,P0090,5.0,0.137
LI005899,O004226,P0071,5.0,0.07
LI005900,O004497,P0033,4.0,0.001
LI005901,O001245,P0017,1.0,0.125
LI005902,O000642,P0072,5.0,0.224
LI005903,O000437,P0042,3.0,0.161
LI005904,O001424,P0017,2.0,0.005
LI005905,O001137,P0048,3.0,0.095
LI005906,O003722,P0106,1.0,0.062
LI005907,O005572,P0111,2.0,0.168
LI005908,O005675,P0048,4.0,0.114
LI005909,O003290,P0082,3.0,0.043
LI005910,O000058,P0100,3.0,0.114
LI005911,O001137,P0057,5.0,0.233
LI005912,O000700,P0103,5.0,0.103
LI005913,O001146,P0061,2.0,0.218
LI005914,O002456,P0044,4.0,0.119
LI005915,O005580,P0023,5.0,0.189
LI005916,O001109,P0076,3.0,0.196
LI005917,O005738,P0087,2.0,0.19
LI005918,O004496,P0053,5.0,0.16
LI005919,O006500,P0033,5.0,0.238
LI005920,O006243,P0117,1.0,0.232
LI005921,O005641,P0056,2.0,0.076
LI005922,O000108,P0028,2.0,0.174
LI005923,O001985,P0108,4.0,0.166
LI005924,O006094,P0023,5.0,0.05
LI005925,O004248,P0063,2.0,0.066
LI005926,O000906,P0007,4.0,0.078
LI005927,O004946,P0111,5.0,0.083
LI005928,O001993,P0002,3.0,0.214
LI005929,O004123,P0065,1.0,0.189
LI005930,O004215,P0004,4.0,0.202
LI005931,O004819,P0008,1.0,0.228
LI005932,O002148,P0049,3.0,0.129
LI005933,O004099,P0029,2.0,0.209
LI005934,O000806,P0082,5.0,0.174
LI005935,O001993,P0055,2.0,0.116
LI005936,O003601,P0037,1.0,0.048
LI005937,O005226,P0095,2.0,0.108
LI005938,O005350,P0006,2.0,0.052
LI005939,O004400,P0108,4.0,0.072
LI005940,O004273,P0024,4.0,0.071
LI005941,O004011,P0112,3.0,0.19
LI005942,O000084,P0105,4.0,0.127
LI005943,O004359,P0079,4.0,0.198
LI005944,O005316,P0040,4.0,0.219
LI005945,O003321,P0012,4.0,0.153
LI005946,O002506,P0064,3.0,0.102
LI005947,O002457,P0046,4.0,0.214
LI005948,O006350,P0113,4.0,0.142
LI005949,O003063,P0014,1.0,0.214
LI005950,O003853,P0027,4.0,0.066
LI005951,O004898,P0116,3.0,0.141
LI005952,O004991,P0037,3.0,0.053
LI005953,O004969,P0077,2.0,0.175
LI005954,O000388,P0102,4.0,0.147
LI005955,O005932,P0110,5.0,0.139
LI005956,O002004,P0102,2.0,0.16
LI005957,O001032,P0062,3.0,0.094
LI005958,O005746,P0067,2.0,0.048
LI005959,O001541,P0080,5.0,0.202
LI005960,O000450,P0076,1.0,0.096
LI005961,O003548,P0014,5.0,0.247
LI005962,O004438,P0098,2.0,0.12
LI005963,O001097,P0114,4.0,0.123
LI005964,O000860,P0095,1.0,0.169
LI005965,O006265,P0039,5.0,0.167
LI005966,O000302,P0005,4.0,0.045
LI005967,O002020,P0076,5.0,0.068
LI005968,O000881,P0026,3.0,0.058
LI005969,O002282,P0081,4.0,0.013
LI005970,O004162,P0108,3.0,0.006
LI005971,O000230,P0053,1.0,0.161
LI005972,O000922,P0063,1.0,0.125
LI005973,O001833,P0011,1.0,0.224
LI005974,O000051,P0033,1.0,0.075
LI005975,O003679,P0041,3.0,0.197
LI005976,O004483,P0040,3.0,0.026
LI005977,O005158,P0046,2.0,0.204
LI005978,O003782,P0004,2.0,0.23
LI005979,O000753,P0096,3.0,0.157
LI005980,O005293,P0095,1.0,0.184
LI005981,O005888,P0011,2.0,0.247
LI005982,O001479,P0081,4.0,0.095
LI005983,O002089,P0027,3.0,0.007
LI005984,O006041,P0008,4.0,0.171
LI005985,O002994,P0021,1.0,0.003
LI005986,O005249,P0097,3.0,0.142
LI005987,O005174,P0114,2.0,0.149
LI005988,O006230,P0005,2.0,0.146
LI005989,O003796,P0062,4.0,0.041
LI005990,O003341,P0032,3.0,0.019
LI005991,O002344,P0089,1.0,0.227
LI005992,O001239,P0058,5.0,0.135
LI005993,O004521,P0072,5.0,0.081
LI005994,O002237,P0027,1.0,0.193
LI005995,O004257,P0026,2.0,0.23
LI005996,O005661,P0040,5.0,0.101
LI005997,O002429,P0029,1.0,0.025
LI005998,O004340,P0073,4.0,0.173
LI005999,O000183,P0082,2.0,0.227
LI006000,O000544,P0007,1.0,0.245
LI006001,O002827,P0106,4.0,0.203
LI006002,O005668,P0021,3.0,0.067
LI006003,O000093,P0080,5.0,0.09
LI006004,O002416,P0067,5.0,0.034
LI006005,O004255,P0096,5.0,0.178
LI006006,O002446,P0010,1.0,0.042
LI006007,O004534,P0062,3.0,0.108
LI006008,O004402,P0096,1.0,0.133
LI006009,O003033,P0008,1.0,0.096
LI006010,O001974,P0096,3.0,0.037
LI006011,O003290,P0114,4.0,0.072
LI006012,O005078,P0004,2.0,0.158
LI006013,O002377,P0029,5.0,0.182
LI006014,O005985,P0012,3.0,0.154
LI006015,O004439,P0117,4.0,0.241
LI006016,O005985,P0101,3.0,0.153
LI006017,O003235,P0100,2.0,0.056
LI006018,O005998,P0051,3.0,0.123
LI006019,O006302,P0019,3.0,0.209
LI006020,O001134,P0101,4.0,0.081
LI006021,O003639,P0111,5.0,0.184
LI006022,O002398,P0031,5.0,0.196
LI006023,O002774,P0108,4.0,0.233
LI006024,O004461,P0026,4.0,0.1
LI006025,O001921,P0109,1.0,0.065
LI006026,O002063,P0006,1.0,0.127
LI006027,O002201,P0029,2.0,0.248
LI006028,O004628,P0017,1.0,0.226
LI006029,O003015,P0020,1.0,0.071
LI006030,O003472,P0042,3.0,0.049
LI006031,O005172,P0110,3.0,0.119
LI006032,O004951,P0047,4.0,0.041
LI006033,O000469,P0074,5.0,0.19
LI006034,O001345,P0070,2.0,0.009
LI006035,O000879,P0112,1.0,0.056
LI006036,O004463,P0096,3.0,0.005
LI006037,O006099,P0002,5.0,0.057
LI006038,O003910,P0074,1.0,0.013
LI006039,O003808,P0037,5.0,0.168
LI006040,O004737,P0091,3.0,0.143
LI006041,O004958,P0105,4.0,0.053
LI006042,O002942,P0019,1.0,0.051
LI006043,O005531,P0115,1.0,0.073
LI006044,O003346,P0041,2.0,0.2
LI006045,O000589,P0016,1.0,0.038
LI006046,O003884,P0115,3.0,0.03
LI006047,O001330,P0084,5.0,0.127
LI006048,O000092,P0060,5.0,0.216
LI006049,O000458,P0057,4.0,0.056
LI006050,O003342,P0100,4.0,0.027
LI006051,O005172,P0064,3.0,0.123
LI006052,O001885,P0005,5.0,0.183
LI006053,O005241,P0018,4.0,0.155
LI006054,O006091,P0072,4.0,0.105
LI006055,O003122,P0013,2.0,0.01
LI006056,O006011,P0105,2.0,0.075
LI006057,O002040,P0074,3.0,0.23
LI006058,O005612,P0036,3.0,0.056
LI006059,O001404,P0019,3.0,0.153
LI006060,O003704,P0031,3.0,0.227
LI006061,O004483,P0100,5.0,0.122
LI006062,O001982,P0093,1.0,0.112
LI006063,O005727,P0109,3.0,0.035
LI006064,O005781,P0023,2.0,0.245
LI006065,O005409,P0032,1.0,0.044
LI006066,O001793,P0113,1.0,0.12
LI006067,O004467,P0011,5.0,0.043
LI006068,O002232,P0066,4.0,0.087
LI006069,O000772,P0096,1.0,0.221
LI006070,O005782,P0005,5.0,0.161
LI006071,O000205,P0095,5.0,0.002
LI006072,O005050,P0013,5.0,0.242
LI006073,O002220,P0086,3.0,0.196
LI006074,O004921,P0064,4.0,0.249
LI006075,O000222,P0035,3.0,0.191
LI006076,O001192,P0083,2.0,0.191
LI006077,O003316,P0029,4.0,0.175
LI006078,O003290,P0023,3.0,0.106
LI006079,O005176,P0083,4.0,0.079
LI006080,O001599,P0080,2.0,0.131
LI006081,O001909,P0095,3.0,0.045
LI006082,O004263,P0016,4.0,0.181
LI006083,O001543,P0026,2.0,0.249
LI006084,O000142,P0003,5.0,0.15
LI006085,O006269,P0023,4.0,0.214
LI006086,O000090,P0057,2.0,0.043
LI006087,O003986,P0009,5.0,0.206
LI006088,O004407,P0051,2.0,0.227
LI006089,O005491,P0088,1.0,0.21
LI006090,O002264,P0033,2.0,0.157
LI006091,O003513,P0078,3.0,0.232
LI006092,O003707,P0092,3.0,0.24
LI006093,O001210,P0024,3.0,0.204
LI006094,O004979,P0107,3.0,0.137
LI006095,O003225,P0050,1.0,0.209
LI006096,O004857,P0052,1.0,0.093
LI006097,O006240,P0071,1.0,0.087
LI006098,O001360,P0038,5.0,0.087
LI006099,O001539,P0044,4.0,0.05
LI006100,O000149,P0089,3.0,0.156
LI006101,O004811,P0056,4.0,0.165
LI006102,O001426,P0066,3.0,0.215
LI006103,O001718,P0045,3.0,0.174
LI006104,O001355,P0052,3.0,0.195
LI006105,O005347,P0001,1.0,0.172
LI006106,O005924,P0087,5.0,0.174
LI006107,O002406,P0111,3.0,0.085
LI006108,O002636,P0116,3.0,0.241
LI006109,O002364,P0104,3.0,0.16
LI006110,O002933,P0082,2.0,0.147
LI006111,O003108,P0064,3.0,0.212
LI006112,O005629,P0111,1.0,0.105
LI006113,O001502,P0008,1.0,0.024
LI006114,O001452,P0098,4.0,0.06
LI006115,O000450,P0043,1.0,0.202
LI006116,O001836,P0008,4.0,0.183
LI006117,O004186,P0029,5.0,0.029
LI006118,O002589,P0013,2.0,0.017
LI006119,O004272,P0001,1.0,0.155
LI006120,O001444,P0029,3.0,0.235
LI006121,O005852,P0050,5.0,0.044
LI006122,O002949,P0037,3.0,0.137
LI006123,O003936,P0001,4.0,0.203
LI006124,O006110,P0108,4.0,0.132
LI006125,O003710,P0069,2.0,0.088
LI006126,O003243,P0117,5.0,0.198
LI006127,O001290,P0048,4.0,0.193
LI006128,O000504,P0055,3.0,0.208
LI006129,O005052,P0114,1.0,0.236
LI006130,O003098,P0066,1.0,0.038
LI006131,O005397,P0111,5.0,0.085
LI006132,O002148,P0063,5.0,0.246
LI006133,O001466,P0022,4.0,0.149
LI006134,O004521,P0094,1.0,0.168
LI006135,O001898,P0011,2.0,0.221
LI006136,O005150,P0029,2.0,0.173
LI006137,O003717,P0106,2.0,0.171
LI006138,O005002,P0003,2.0,0.026
LI006139,O005983,P0045,4.0,0.127
LI006140,O000651,P0077,3.0,0.168
LI006141,O005094,P0120,2.0,0.202
LI006142,O003263,P0003,4.0,0.103
LI006143,O006023,P0074,2.0,0.031
LI006144,O001211,P0068,2.0,0.091
LI006145,O002188,P0014,3.0,0.107
LI006146,O006464,P0087,2.0,0.188
LI006147,O003821,P0081,4.0,0.005
LI006148,O000369,P0065,4.0,0.096
LI006149,O002345,P0057,1.0,0.112
LI006150,O003272,P0015,5.0,0.138
LI006151,O002844,P0060,2.0,0.242
LI006152,O006144,P0054,2.0,0.185
LI006153,O003451,P0117,4.0,0.056
LI006154,O003152,P0002,2.0,0.158
LI006155,O003519,P0082,4.0,0.087
LI006156,O004355,P0064,1.0,0.203
LI006157,O001637,P0103,2.0,0.043
LI006158,O005664,P0086,1.0,0.036
LI006159,O003861,P0028,1.0,0.025
LI006160,O001145,P0094,5.0,0.136
LI006161,O003127,P0077,4.0,0.031
LI006162,O000018,P0120,1.0,0.01
LI006163,O005429,P0067,4.0,0.083
LI006164,O006000,P0003,5.0,0.2
LI006165,O001657,P0109,4.0,0.039
LI006166,O004206,P0053,5.0,0.089
LI006167,O004427,P0026,2.0,0.109
LI006168,O001597,P0004,5.0,0.219
LI006169,O000946,P0016,5.0,0.119
LI006170,O001288,P0092,5.0,0.128
LI006171,O000268,P0072,3.0,0.064
LI006172,O000435,P0054,1.0,0.167
LI006173,O002036,P0104,4.0,0.006
LI006174,O002498,P0016,4.0,0.241
LI006175,O006441,P0031,3.0,0.125
LI006176,O006038,P0087,2.0,0.015
LI006177,O003209,P0002,1.0,0.14
LI006178,O001614,P0073,1.0,0.128
LI006179,O000719,P0091,1.0,0.06
LI006180,O003979,P0045,1.0,0.052
LI006181,O002232,P0054,3.0,0.068
LI006182,O003673,P0059,4.0,0.032
LI006183,O006464,P0059,2.0,0.133
LI006184,O000741,P0022,2.0,0.22
LI006185,O005696,P0108,2.0,0.231
LI006186,O005446,P0034,3.0,0.238
LI006187,O005687,P0073,3.0,0.15
LI006188,O000805,P0097,5.0,0.155
LI006189,O004513,P0102,3.0,0.078
LI006190,O004978,P0056,1.0,0.221
LI006191,O004887,P0034,4.0,0.122
LI006192,O003772,P0099,2.0,0.07
LI006193,O006072,P0111,3.0,0.241
LI006194,O001727,P0026,4.0,0.176
LI006195,O006024,P0071,1.0,0.116
LI006196,O005905,P0045,3.0,0.017
LI006197,O005727,P0112,3.0,0.035
LI006198,O006234,P0109,4.0,0.049
LI006199,O003513,P0091,1.0,0.226
LI006200,O001099,P0076,3.0,0.243
LI006201,O002622,P0081,4.0,0.067
LI006202,O003806,P0021,1.0,0.125
LI006203,O005387,P0043,3.0,0.198
LI006204,O003011,P0086,3.0,0.096
LI006205,O002984,P0090,2.0,0.123
LI006206,O003705,P0039,5.0,0.222
LI006207,O003384,P0013,1.0,0.052
LI006208,O001845,P0106,4.0,0.248
LI006209,O003925,P0042,2.0,0.114
LI006210,O003100,P0045,3.0,0.065
LI006211,O004522,P0087,4.0,0.223
LI006212,O004979,P0051,2.0,0.019
LI006213,O005934,P0094,2.0,0.161
LI006214,O004882,P0119,5.0,0.015
LI006215,O000535,P0017,2.0,0.237
LI006216,O005731,P0091,1.0,0.16
LI006217,O000285,P0084,5.0,0.099
LI006218,O002670,P0063,5.0,0.106
LI006219,O003787,P0007,3.0,0.041
LI006220,O001130,P0055,3.0,0.09
LI006221,O000504,P0004,1.0,0.226
LI006222,O004142,P0113,4.0,0.201
LI006223,O005567,P0031,1.0,0.165
LI006224,O005264,P0094,5.0,0.242
LI006225,O000537,P0095,3.0,0.143
LI006226,O000062,P0056,1.0,0.044
LI006227,O005862,P0004,3.0,0.178
LI006228,O005202,P0082,1.0,0.148
LI006229,O002384,P0084,1.0,0.109
LI006230,O000211,P0040,2.0,0.037
LI006231,O002448,P0104,1.0,0.169
LI006232,O004805,P0117,3.0,0.111
LI006233,O002395,P0112,1.0,0.145
LI006234,O006124,P0047,4.0,0.079
LI006235,O003270,P0050,2.0,0.039
LI006236,O000377,P0023,1.0,0.09
LI006237,O001186,P0051,4.0,0.213
LI006238,O003280,P0038,3.0,0.04
LI006239,O003499,P0009,4.0,0.118
LI006240,O006188,P0061,2.0,0.074
LI006241,O002848,P0080,3.0,0.241
LI006242,O000787,P0021,1.0,0.021
LI006243,O000733,P0009,1.0,0.061
LI006244,O005064,P0116,4.0,0.112
LI006245,O003869,P0025,1.0,0.062
LI006246,O002700,P0113,3.0,0.177
LI006247,O004618,P0036,3.0,0.093
LI006248,O002159,P0111,1.0,0.195
LI006249,O003621,P0043,4.0,0.138
LI006250,O003665,P0078,1.0,0.107
LI006251,O002656,P0081,5.0,0.091
LI006252,O001079,P0028,1.0,0.056
LI006253,O003295,P0064,2.0,0.063
LI006254,O003647,P0045,1.0,0.044
LI006255,O004620,P0105,5.0,0.213
LI006256,O002194,P0056,2.0,0.137
LI006257,O002312,P0048,4.0,0.121
LI006258,O004564,P0008,2.0,0.081
LI006259,O001585,P0014,3.0,0.129
LI006260,O003007,P0015,5.0,0.221
LI006261,O004045,P0039,3.0,0.214
LI006262,O001211,P0025,3.0,0.15
LI006263,O003415,P0063,2.0,0.132
LI006264,O001987,P0059,2.0,0.056
LI006265,O003171,P0075,3.0,0.173
LI006266,O002727,P0029,4.0,0.213
LI006267,O001749,P0003,1.0,0.076
LI006268,O000758,P0039,1.0,0.109
LI006269,O001178,P0022,5.0,0.027
LI006270,O000919,P0101,2.0,0.215
LI006271,O001120,P0041,1.0,0.024
LI006272,O000706,P0020,4.0,0.176
LI006273,O006055,P0019,5.0,0.047
LI006274,O004930,P0013,2.0,0.183
LI006275,O003431,P0091,1.0,0.161
LI006276,O002862,P0019,3.0,0.173
LI006277,O004495,P0080,4.0,0.159
LI006278,O001808,P0066,4.0,0.099
LI006279,O001400,P0065,2.0,0.155
LI006280,O002650,P0003,4.0,0.059
LI006281,O004424,P0024,2.0,0.068
LI006282,O001296,P0108,4.0,0.016
LI006283,O001621,P0038,1.0,0.153
LI006284,O002443,P0002,2.0,0.21
LI006285,O002596,P0056,4.0,0.095
LI006286,O005138,P0080,1.0,0.052
LI006287,O005015,P0093,1.0,0.206
LI006288,O004173,P0037,1.0,0.161
LI006289,O001073,P0108,2.0,0.223
LI006290,O004076,P0004,2.0,0.002
LI006291,O001450,P0078,4.0,0.1
LI006292,O003943,P0081,3.0,0.225
LI006293,O001772,P0044,3.0,0.169
LI006294,O005676,P0045,5.0,0.117
LI006295,O001018,P0081,3.0,0.104
LI006296,O003693,P0084,3.0,0.224
LI006297,O004225,P0047,4.0,0.208
LI006298,O000519,P0093,2.0,0.003
LI006299,O002352,P0105,3.0,0.03
LI006300,O001136,P0026,5.0,0.128
LI006301,O002773,P0106,4.0,0.029
LI006302,O000912,P0102,1.0,0.069
LI006303,O000816,P0081,1.0,0.209
LI006304,O000974,P0076,5.0,0.097
LI006305,O001963,P0120,2.0,0.113
LI006306,O002867,P0092,1.0,0.044
LI006307,O002411,P0009,2.0,0.151
LI006308,O005186,P0096,3.0,0.03
LI006309,O003103,P0098,3.0,0.158
LI006310,O001801,P0080,3.0,0.187
LI006311,O000809,P0048,1.0,0.218
LI006312,O005439,P0118,1.0,0.146
LI006313,O005134,P0031,2.0,0.083
LI006314,O000570,P0055,2.0,0.213
LI006315,O000970,P0091,5.0,0.149
LI006316,O004080,P0093,3.0,0.09
LI006317,O001880,P0001,4.0,0.081
LI006318,O006497,P0091,4.0,0.08
LI006319,O003320,P0117,3.0,0.014
LI006320,O004706,P0096,5.0,0.025
LI006321,O006080,P0059,2.0,0.022
LI006322,O000388,P0011,1.0,0.078
LI006323,O005794,P0117,5.0,0.118
LI006324,O004855,P0099,5.0,0.037
LI006325,O005958,P0002,3.0,0.207
LI006326,O002490,P0046,2.0,0.016
LI006327,O000516,P0001,4.0,0.236
LI006328,O005938,P0070,4.0,0.019
LI006329,O003845,P0071,4.0,0.224
LI006330,O002891,P0066,5.0,0.065
LI006331,O004141,P0002,1.0,0.247
LI006332,O001443,P0111,2.0,0.13
LI006333,O000723,P0117,1.0,0.005
LI006334,O000756,P0069,4.0,0.071
LI006335,O002251,P0013,1.0,0.235
LI006336,O001909,P0019,5.0,0.075
LI006337,O002587,P0083,3.0,0.09
LI006338,O000386,P0047,1.0,0.011
LI006339,O006127,P0001,1.0,0.063
LI006340,O003016,P0099,1.0,0.065
LI006341,O004456,P0018,4.0,0.179
LI006342,O004088,P0113,1.0,0.126
LI006343,O001492,P0032,2.0,0.04
LI006344,O005079,P0096,5.0,0.199
LI006345,O001968,P0117,2.0,0.153
LI006346,O004301,P0072,2.0,0.067
LI006347,O003319,P0011,4.0,0.056
LI006348,O003039,P0020,1.0,0.231
LI006349,O001073,P0008,5.0,0.159
LI006350,O004462,P0092,5.0,0.202
LI006351,O002301,P0085,5.0,0.056
LI006352,O006222,P0102,1.0,0.147
LI006353,O000769,P0038,5.0,0.013
LI006354,O002680,P0006,5.0,0.149
LI006355,O000987,P0002,3.0,0.051
LI006356,O004513,P0074,3.0,0.167
LI006357,O003107,P0106,5.0,0.233
LI006358,O005558,P0073,2.0,0.115
LI006359,O002360,P0055,1.0,0.076
LI006360,O005263,P0003,2.0,0.031
LI006361,O000197,P0066,2.0,0.168
LI006362,O003045,P0100,1.0,0.146
LI006363,O002308,P0072,1.0,0.136
LI006364,O001390,P0073,4.0,0.234
LI006365,O005312,P0026,4.0,0.245
LI006366,O003559,P0098,4.0,0.179
LI006367,O002582,P0048,5.0,0.049
LI006368,O002072,P0094,5.0,0.237
LI006369,O002991,P0102,5.0,0.086
LI006370,O005195,P0008,4.0,0.02
LI006371,O005998,P0067,1.0,0.06
LI006372,O001670,P0075,5.0,0.208
LI006373,O001418,P0089,1.0,0.051
LI006374,O002727,P0116,4.0,0.099
LI006375,O006254,P0069,1.0,0.068
LI006376,O006234,P0076,5.0,0.012
LI006377,O004133,P0119,1.0,0.14
LI006378,O002870,P0030,4.0,0.157
LI006379,O005089,P0027,5.0,0.198
LI006380,O001587,P0043,5.0,0.104
LI006381,O004668,P0005,4.0,0.035
LI006382,O004403,P0020,2.0,0.163
LI006383,O006206,P0052,3.0,0.223
LI006384,O004401,P0021,4.0,0.03
LI006385,O002227,P0003,1.0,0.046
LI006386,O005864,P0041,2.0,0.082
LI006387,O003737,P0114,4.0,0.163
LI006388,O000932,P0064,3.0,0.131
LI006389,O005564,P0108,5.0,0.178
LI006390,O001543,P0119,3.0,0.008
LI006391,O001993,P0068,3.0,0.203
LI006392,O003707,P0088,4.0,0.247
LI006393,O004060,P0071,5.0,0.012
LI006394,O003550,P0024,5.0,0.124
LI006395,O003145,P0052,3.0,0.185
LI006396,O004893,P0075,4.0,0.119
LI006397,O001535,P0002,5.0,0.148
LI006398,O003137,P0119,5.0,0.23
LI006399,O004843,P0044,1.0,0.135
LI006400,O002675,P0041,3.0,0.059
LI006401,O004549,P0070,2.0,0.185
LI006402,O004927,P0007,3.0,0.094
LI006403,O004854,P0038,4.0,0.071
LI006404,O000861,P0082,5.0,0.062
LI006405,O006072,P0045,5.0,0.02
LI006406,O001553,P0009,1.0,0.233
LI006407,O006015,P0053,5.0,0.141
LI006408,O004915,P0028,5.0,0.239
LI006409,O001393,P0019,2.0,0.215
LI006410,O001880,P0068,3.0,0.008
LI006411,O000381,P0004,5.0,0.062
LI006412,O005339,P0013,4.0,0.079
LI006413,O000649,P0092,2.0,0.122
LI006414,O004342,P0011,2.0,0.179
LI006415,O003622,P0117,1.0,0.17
LI006416,O006395,P0002,4.0,0.247
LI006417,O004661,P0070,2.0,0.231
LI006418,O003418,P0012,3.0,0.047
LI006419,O000821,P0119,4.0,0.215
LI006420,O000472,P0104,3.0,0.211
LI006421,O002017,P0037,1.0,0.144
LI006422,O000122,P0056,1.0,0.085
LI006423,O005446,P0088,5.0,0.052
LI006424,O004877,P0052,3.0,0.053
LI006425,O002796,P0119,3.0,0.084
LI006426,O004217,P0073,1.0,0.126
LI006427,O002187,P0090,3.0,0.146
LI006428,O002135,P0004,4.0,0.081
LI006429,O002178,P0105,5.0,0.089
LI006430,O002300,P0108,5.0,0.003
LI006431,O005982,P0004,4.0,0.001
LI006432,O001384,P0049,2.0,0.227
LI006433,O005933,P0052,3.0,0.004
LI006434,O003502,P0034,2.0,0.008
LI006435,O004143,P0022,2.0,0.051
LI006436,O001969,P0013,3.0,0.186
LI006437,O003663,P0063,1.0,0.17
LI006438,O001834,P0015,3.0,0.162
LI006439,O003948,P0040,1.0,0.144
LI006440,O002473,P0038,4.0,0.05
LI006441,O005495,P0105,1.0,0.099
LI006442,O005974,P0118,2.0,0.12
LI006443,O004827,P0107,2.0,0.146
LI006444,O004207,P0055,2.0,0.05
LI006445,O001251,P0044,1.0,0.182
LI006446,O005907,P0117,2.0,0.077
LI006447,O003111,P0120,5.0,0.165
LI006448,O000135,P0066,3.0,0.128
LI006449,O005415,P0066,2.0,0.148
LI006450,O000610,P0043,1.0,0.103
LI006451,O001058,P0072,2.0,0.111
LI006452,O003035,P0038,1.0,0.217
LI006453,O001989,P0082,3.0,0.119
LI006454,O003775,P0118,1.0,0.198
LI006455,O002247,P0029,3.0,0.099
LI006456,O004656,P0075,2.0,0.175
LI006457,O000259,P0056,5.0,0.058
LI006458,O005745,P0006,2.0,0.229
LI006459,O006281,P0009,3.0,0.242
LI006460,O003901,P0022,4.0,0.225
LI006461,O000916,P0046,4.0,0.087
LI006462,O003943,P0115,4.0,0.069
LI006463,O000238,P0089,2.0,0.046
LI006464,O003356,P0031,1.0,0.218
LI006465,O000688,P0021,5.0,0.03
LI006466,O005707,P0038,5.0,0.161
LI006467,O001159,P0052,2.0,0.083
LI006468,O002130,P0019,3.0,0.047
LI006469,O000595,P0010,2.0,0.046
LI006470,O002702,P0046,4.0,0.218
LI006471,O001751,P0101,3.0,0.215
LI006472,O000403,P0076,5.0,0.068
LI006473,O000822,P0083,2.0,0.008
LI006474,O003839,P0066,1.0,0.217
LI006475,O002236,P0079,1.0,0.014
LI006476,O002541,P0038,5.0,0.021
LI006477,O005879,P0062,3.0,0.205
LI006478,O002303,P0072,4.0,0.204
LI006479,O001698,P0046,1.0,0.051
LI006480,O003929,P0035,1.0,0.01
LI006481,O005535,P0102,2.0,0.016
LI006482,O005287,P0043,5.0,0.113
LI006483,O001614,P0030,1.0,0.105
LI006484,O004581,P0073,2.0,0.046
LI006485,O005652,P0063,3.0,0.227
LI006486,O003680,P0030,1.0,0.138
LI006487,O003553,P0113,5.0,0.202
LI006488,O002228,P0083,2.0,0.026
LI006489,O003679,P0029,3.0,0.243
LI006490,O004997,P0066,2.0,0.202
LI006491,O001465,P0092,4.0,0.072
LI006492,O004740,P0072,5.0,0.005
LI006493,O006283,P0089,5.0,0.041
LI006494,O004883,P0074,1.0,0.105
LI006495,O006246,P0022,2.0,0.001
LI006496,O006427,P0035,3.0,0.01
LI006497,O003101,P0042,1.0,0.025
LI006498,O004114,P0024,5.0,0.202
LI006499,O001957,P0026,2.0,0.137
LI006500,O004094,P0031,3.0,0.048
LI006501,O004852,P0087,5.0,0.066
LI006502,O000687,P0002,3.0,0.161
LI006503,O002037,P0039,2.0,0.08
LI006504,O003580,P0097,3.0,0.171
LI006505,O000601,P0088,1.0,0.195
LI006506,O001044,P0012,1.0,0.077
LI006507,O005446,P0101,2.0,0.092
LI006508,O001380,P0073,5.0,0.013
LI006509,O004529,P0044,4.0,0.205
LI006510,O001042,P0043,4.0,0.152
LI006511,O001574,P0108,4.0,0.222
LI006512,O004472,P0067,5.0,0.047
LI006513,O005721,P0108,1.0,0.24
LI006514,O001364,P0087,1.0,0.177
LI006515,O001011,P0088,1.0,0.049
LI006516,O004812,P0097,2.0,0.116
LI006517,O001257,P0094,1.0,0.175
LI006518,O001128,P0038,1.0,0.004
LI006519,O001024,P0107,1.0,0.195
LI006520,O003695,P0066,4.0,0.237
LI006521,O002785,P0040,3.0,0.02
LI006522,O004317,P0022,1.0,0.225
LI006523,O006082,P0075,3.0,0.116
LI006524,O001050,P0063,1.0,0.129
LI006525,O005184,P0059,4.0,0.21
LI006526,O002302,P0076,4.0,0.147
LI006527,O004922,P0019,3.0,0.088
LI006528,O001155,P0020,4.0,0.183
LI006529,O000030,P0119,2.0,0.035
LI006530,O000787,P0073,5.0,0.167
LI006531,O004106,P0043,5.0,0.194
LI006532,O003161,P0058,1.0,0.084
LI006533,O001171,P0082,4.0,0.243
LI006534,O003199,P0105,5.0,0.16
LI006535,O002746,P0111,3.0,0.024
LI006536,O006268,P0054,3.0,0.242
LI006537,O005739,P0082,3.0,0.186
LI006538,O001365,P0040,1.0,0.174
LI006539,O001542,P0100,5.0,0.063
LI006540,O004147,P0027,5.0,0.118
LI006541,O004494,P0013,5.0,0.225
LI006542,O000314,P0047,3.0,0.077
LI006543,O002696,P0072,3.0,0.106
LI006544,O004610,P0112,1.0,0.064
LI006545,O000530,P0107,2.0,0.054
LI006546,O005881,P0023,5.0,0.011
LI006547,O005860,P0119,1.0,0.184
LI006548,O004956,P0059,3.0,0.023
LI006549,O002467,P0077,2.0,0.133
LI006550,O002242,P0007,4.0,0.012
LI006551,O000312,P0050,2.0,0.246
LI006552,O000996,P0104,1.0,0.177
LI006553,O005419,P0066,2.0,0.158
LI006554,O002524,P0003,3.0,0.047
LI006555,O002632,P0106,2.0,0.132
LI006556,O006261,P0039,3.0,0.126
LI006557,O000264,P0087,2.0,0.09
LI006558,O003853,P0007,1.0,0.039
LI006559,O005639,P0068,4.0,0.092
LI006560,O000021,P0117,5.0,0.152
LI006561,O002525,P0055,2.0,0.122
LI006562,O004645,P0008,4.0,0.143
LI006563,O001197,P0032,2.0,0.143
LI006564,O005044,P0019,4.0,0.061
LI006565,O005117,P0118,3.0,0.028
LI006566,O003134,P0012,4.0,0.13
LI006567,O000206,P0057,5.0,0.223
LI006568,O001637,P0010,4.0,0.249
LI006569,O000631,P0078,5.0,0.196
LI006570,O002227,P0091,5.0,0.055
LI006571,O002390,P0108,4.0,0.158
LI006572,O004536,P0021,5.0,0.06
LI006573,O001099,P0020,5.0,0.144
LI006574,O000290,P0004,3.0,0.12
LI006575,O002605,P0019,1.0,0.095
LI006576,O000208,P0029,3.0,0.16
LI006577,O003815,P0071,1.0,0.214
LI006578,O000272,P0064,1.0,0.084
LI006579,O003679,P0117,3.0,0.122
LI006580,O000415,P0097,5.0,0.114
LI006581,O003469,P0072,3.0,0.062
LI006582,O004480,P0011,5.0,0.105
LI006583,O001285,P0033,3.0,0.005
LI006584,O004987,P0025,3.0,0.129
LI006585,O001663,P0033,2.0,0.18
LI006586,O004015,P0100,4.0,0.092
LI006587,O001042,P0026,3.0,0.187
LI006588,O004091,P0036,4.0,0.188
LI006589,O002295,P0011,5.0,0.246
LI006590,O003714,P0030,2.0,0.136
LI006591,O005416,P0057,2.0,0.101
LI006592,O002462,P0097,1.0,0.16
LI006593,O001344,P0010,4.0,0.157
LI006594,O005674,P0093,2.0,0.247
LI006595,O002763,P0025,5.0,0.177
LI006596,O005813,P0096,1.0,0.077
LI006597,O005981,P0068,2.0,0.047
LI006598,O002229,P0119,5.0,0.198
LI006599,O003368,P0057,4.0,0.045
LI006600,O005776,P0103,5.0,0.157
LI006601,O000944,P0034,5.0,0.033
LI006602,O004989,P0086,5.0,0.18
LI006603,O004157,P0077,3.0,0.196
LI006604,O004060,P0054,2.0,0.248
LI006605,O005329,P0051,5.0,0.239
LI006606,O000166,P0100,1.0,0.178
LI006607,O001906,P0006,3.0,0.069
LI006608,O003057,P0059,5.0,0.011
LI006609,O001324,P0054,5.0,0.139
LI006610,O004751,P0017,2.0,0.191
LI006611,O000351,P0026,3.0,0.003
LI006612,O002311,P0088,5.0,0.131
LI006613,O006268,P0009,5.0,0.221
LI006614,O003310,P0002,4.0,0.159
LI006615,O005662,P0020,1.0,0.171
LI006616,O000932,P0091,1.0,0.119
LI006617,O003839,P0006,2.0,0.236
LI006618,O006001,P0114,3.0,0.094
LI006619,O001114,P0091,5.0,0.095
LI006620,O002187,P0119,3.0,0.129
LI006621,O001990,P0118,2.0,0.146
LI006622,O001386,P0088,4.0,0.134
LI006623,O003485,P0079,2.0,0.205
LI006624,O001117,P0055,1.0,0.209
LI006625,O000134,P0048,4.0,0.033
LI006626,O003952,P0058,5.0,0.149
LI006627,O001228,P0097,2.0,0.246
LI006628,O005968,P0042,3.0,0.15
LI006629,O003110,P0074,3.0,0.172
LI006630,O005114,P0021,1.0,0.215
LI006631,O002505,P0006,1.0,0.217
LI006632,O003606,P0030,1.0,0.004
LI006633,O001882,P0023,1.0,0.06
LI006634,O004534,P0036,5.0,0.216
LI006635,O000680,P0110,4.0,0.167
LI006636,O002695,P0113,1.0,0.158
LI006637,O002670,P0003,2.0,0.215
LI006638,O001248,P0090,5.0,0.202
LI006639,O001192,P0034,4.0,0.188
LI006640,O001131,P0030,5.0,0.012
LI006641,O001404,P0082,3.0,0.195
LI006642,O002072,P0081,5.0,0.05
LI006643,O005631,P0109,5.0,0.007
LI006644,O001331,P0115,3.0,0.123
LI006645,O005031,P0042,3.0,0.236
LI006646,O001382,P0021,3.0,0.222
LI006647,O000370,P0118,5.0,0.246
LI006648,O005093,P0088,3.0,0.062
LI006649,O003795,P0004,1.0,0.174
LI006650,O006315,P0049,2.0,0.014
LI006651,O005701,P0048,2.0,0.201
LI006652,O006366,P0089,3.0,0.131
LI006653,O002491,P0051,4.0,0.249
LI006654,O001177,P0024,5.0,0.06
LI006655,O000376,P0046,2.0,0.196
LI006656,O006425,P0116,1.0,0.043
LI006657,O002761,P0027,4.0,0.072
LI006658,O003291,P0095,4.0,0.074
LI006659,O001944,P0111,1.0,0.144
LI006660,O000958,P0051,5.0,0.091
LI006661,O000811,P0099,5.0,0.11
LI006662,O004923,P0116,3.0,0.13
LI006663,O005942,P0020,1.0,0.014
LI006664,O001534,P0080,1.0,0.166
LI006665,O004431,P0095,1.0,0.162
LI006666,O000410,P0071,3.0,0.241
LI006667,O000054,P0018,2.0,0.033
LI006668,O004797,P0008,5.0,0.008
LI006669,O005854,P0027,3.0,0.033
LI006670,O001099,P0014,3.0,0.106
LI006671,O002397,P0018,3.0,0.053
LI006672,O000975,P0065,1.0,0.054
LI006673,O004489,P0120,3.0,0.217
LI006674,O004650,P0031,2.0,0.081
LI006675,O002895,P0020,4.0,0.104
LI006676,O006225,P0070,3.0,0.171
LI006677,O003280,P0045,2.0,0.085
LI006678,O004922,P0001,1.0,0.139
LI006679,O004840,P0019,4.0,0.131
LI006680,O005567,P0039,5.0,0.065
LI006681,O002225,P0119,5.0,0.179
LI006682,O002559,P0027,1.0,0.209
LI006683,O003691,P0056,1.0,0.196
LI006684,O000139,P0016,5.0,0.099
LI006685,O003174,P0078,1.0,0.233
LI006686,O002521,P0098,5.0,0.225
LI006687,O005942,P0007,1.0,0.067
LI006688,O004638,P0020,5.0,0.031
LI006689,O002242,P0031,2.0,0.223
LI006690,O005953,P0086,1.0,0.186
LI006691,O003828,P0084,5.0,0.078
LI006692,O001338,P0079,1.0,0.076
LI006693,O004090,P0025,5.0,0.081
LI006694,O005817,P0110,5.0,0.215
LI006695,O002853,P0001,4.0,0.06
LI006696,O002295,P0017,1.0,0.163
LI006697,O002678,P0080,2.0,0.209
LI006698,O000073,P0101,3.0,0.097
LI006699,O002879,P0085,3.0,0.015
LI006700,O002142,P0027,1.0,0.19
LI006701,O004531,P0120,5.0,0.005
LI006702,O001807,P0119,5.0,0.208
LI006703,O002046,P0099,2.0,0.09
LI006704,O003503,P0024,1.0,0.2
LI006705,O004553,P0062,3.0,0.136
LI006706,O003502,P0052,2.0,0.09
LI006707,O002277,P0051,1.0,0.225
LI006708,O002078,P0066,1.0,0.192
LI006709,O001649,P0057,1.0,0.02
LI006710,O000335,P0110,4.0,0.233
LI006711,O004756,P0055,2.0,0.117
LI006712,O004665,P0053,1.0,0.037
LI006713,O004273,P0089,2.0,0.193
LI006714,O002872,P0019,3.0,0.129
LI006715,O002616,P0109,1.0,0.168
LI006716,O004873,P0013,5.0,0.174
LI006717,O005357,P0029,1.0,0.049
LI006718,O005398,P0096,1.0,0.243
LI006719,O004173,P0006,2.0,0.026
LI006720,O000933,P0120,2.0,0.151
LI006721,O000636,P0073,4.0,0.037
LI006722,O005774,P0116,1.0,0.219
LI006723,O003230,P0001,3.0,0.043
LI006724,O001191,P0024,2.0,0.11
LI006725,O005509,P0074,4.0,0.022
LI006726,O000012,P0099,5.0,0.112
LI006727,O004003,P0006,5.0,0.001
LI006728,O006313,P0048,4.0,0.111
LI006729,O004927,P0020,5.0,0.172
LI006730,O001450,P0102,1.0,0.046
LI006731,O000449,P0076,2.0,0.138
LI006732,O002497,P0067,3.0,0.119
LI006733,O005886,P0055,5.0,0.084
LI006734,O000427,P0018,1.0,0.168
LI006735,O000916,P0021,2.0,0.249
LI006736,O003170,P0099,1.0,0.234
LI006737,O004727,P0064,1.0,0.243
LI006738,O004322,P0037,2.0,0.005
LI006739,O000447,P0019,5.0,0.064
LI006740,O001911,P0089,5.0,0.231
LI006741,O003736,P0056,1.0,0.012
LI006742,O005596,P0062,4.0,0.091
LI006743,O002251,P0018,5.0,0.163
LI006744,O004771,P0104,1.0,0.246
LI006745,O005417,P0030,3.0,0.069
LI006746,O002682,P0056,3.0,0.191
LI006747,O006160,P0106,4.0,0.165
LI006748,O001402,P0115,1.0,0.153
LI006749,O003408,P0042,3.0,0.186
LI006750,O001044,P0053,5.0,0.063
LI006751,O005364,P0098,1.0,0.085
LI006752,O005364,P0074,4.0,0.14
LI006753,O003019,P0086,4.0,0.11
LI006754,O000392,P0050,5.0,0.18
LI006755,O004820,P0004,3.0,0.2
LI006756,O005985,P0063,3.0,0.132
LI006757,O001286,P0067,4.0,0.098
LI006758,O006364,P0113,2.0,0.228
LI006759,O005128,P0120,4.0,0.187
LI006760,O004110,P0056,4.0,0.168
LI006761,O002435,P0049,1.0,0.014
LI006762,O000642,P0092,5.0,0.132
LI006763,O001046,P0022,1.0,0.03
LI006764,O004321,P0012,4.0,0.165
LI006765,O006379,P0049,1.0,0.075
LI006766,O004038,P0013,3.0,0.185
LI006767,O003048,P0105,4.0,0.195
LI006768,O001158,P0033,3.0,0.075
LI006769,O003250,P0047,3.0,0.244
LI006770,O003628,P0064,5.0,0.129
LI006771,O001544,P0083,3.0,0.054
LI006772,O000792,P0105,1.0,0.194
LI006773,O005659,P0017,1.0,0.19
LI006774,O000437,P0111,2.0,0.103
LI006775,O005171,P0034,5.0,0.165
LI006776,O006044,P0068,2.0,0.005
LI006777,O003515,P0039,3.0,0.073
LI006778,O006136,P0072,4.0,0.22
LI006779,O004677,P0097,1.0,0.058
LI006780,O006099,P0001,4.0,0.226
LI006781,O004783,P0005,2.0,0.145
LI006782,O004461,P0096,2.0,0.226
LI006783,O003960,P0040,1.0,0.033
LI006784,O004365,P0063,2.0,0.116
LI006785,O001717,P0001,4.0,0.074
LI006786,O003637,P0035,2.0,0.222
LI006787,O003365,P0086,4.0,0.085
LI006788,O005491,P0093,3.0,0.147
LI006789,O005672,P0017,5.0,0.207
LI006790,O004174,P0094,1.0,0.057
LI006791,O000189,P0099,2.0,0.011
LI006792,O005727,P0060,1.0,0.124
LI006793,O005422,P0001,2.0,0.171
LI006794,O002719,P0004,3.0,0.18
LI006795,O002406,P0009,4.0,0.104
LI006796,O005055,P0045,1.0,0.02
LI006797,O003931,P0032,3.0,0.101
LI006798,O003166,P0069,3.0,0.03
LI006799,O006480,P0014,5.0,0.018
LI006800,O000903,P0051,3.0,0.076
LI006801,O000341,P0090,5.0,0.194
LI006802,O002882,P0023,3.0,0.192
LI006803,O006216,P0046,4.0,0.152
LI006804,O005162,P0086,3.0,0.207
LI006805,O004507,P0027,4.0,0.125
LI006806,O004994,P0089,2.0,0.061
LI006807,O000644,P0036,3.0,0.142
LI006808,O000021,P0068,3.0,0.231
LI006809,O003073,P0032,2.0,0.009
LI006810,O000678,P0073,5.0,0.241
LI006811,O001100,P0066,4.0,0.186
LI006812,O002651,P0042,2.0,0.172
LI006813,O003470,P0050,2.0,0.153
LI006814,O004184,P0057,1.0,0.064
LI006815,O005714,P0103,2.0,0.221
LI006816,O002065,P0117,5.0,0.243
LI006817,O003401,P0064,5.0,0.231
LI006818,O002872,P0046,5.0,0.027
LI006819,O002431,P0117,4.0,0.184
LI006820,O005685,P0089,4.0,0.139
LI006821,O002688,P0111,3.0,0.197
LI006822,O005266,P0074,2.0,0.088
LI006823,O001417,P0101,5.0,0.239
LI006824,O004406,P0089,2.0,0.078
LI006825,O000492,P0104,3.0,0.184
LI006826,O000760,P0054,3.0,0.126
LI006827,O003502,P0053,5.0,0.154
LI006828,O000001,P0029,2.0,0.029
LI006829,O002089,P0037,3.0,0.153
LI006830,O003657,P0069,1.0,0.141
LI006831,O004768,P0014,4.0,0.18
LI006832,O000212,P0097,2.0,0.072
LI006833,O005453,P0027,5.0,0.208
LI006834,O003723,P0005,3.0,0.236
LI006835,O003518,P0115,3.0,0.221
LI006836,O001966,P0118,3.0,0.098
LI006837,O000304,P0044,4.0,0.191
LI006838,O004787,P0015,2.0,0.091
LI006839,O003773,P0067,3.0,0.216
LI006840,O001782,P0001,4.0,0.094
LI006841,O005930,P0024,1.0,0.047
LI006842,O003226,P0076,2.0,0.122
LI006843,O004712,P0109,5.0,0.034
LI006844,O004619,P0062,2.0,0.147
LI006845,O002073,P0078,3.0,0.144
LI006846,O000808,P0057,5.0,0.123
LI006847,O004121,P0106,2.0,0.151
LI006848,O001777,P0020,5.0,0.244
LI006849,O003191,P0058,2.0,0.096
LI006850,O004043,P0014,1.0,0.106
LI006851,O004204,P0078,1.0,0.069
LI006852,O001354,P0109,1.0,0.046
LI006853,O000180,P0053,2.0,0.072
LI006854,O000881,P0035,5.0,0.053
LI006855,O006275,P0062,1.0,0.108
LI006856,O001831,P0061,4.0,0.058
LI006857,O004699,P0120,4.0,0.129
LI006858,O004003,P0019,1.0,0.072
LI006859,O002801,P0084,1.0,0.106
LI006860,O004264,P0042,3.0,0.032
LI006861,O000223,P0044,4.0,0.041
LI006862,O004565,P0087,4.0,0.154
LI006863,O004374,P0098,1.0,0.141
LI006864,O002238,P0001,3.0,0.043
LI006865,O002579,P0068,5.0,0.074
LI006866,O005646,P0104,3.0,0.055
LI006867,O006117,P0081,3.0,0.199
LI006868,O001779,P0090,4.0,0.091
LI006869,O000621,P0078,1.0,0.101
LI006870,O001214,P0046,1.0,0.166
LI006871,O004055,P0051,1.0,0.081
LI006872,O004314,P0032,3.0,0.094
LI006873,O005431,P0100,3.0,0.199
LI006874,O006380,P0084,2.0,0.199
LI006875,O004264,P0080,5.0,0.151
LI006876,O002828,P0115,2.0,0.14
LI006877,O002241,P0019,5.0,0.045
LI006878,O006386,P0109,2.0,0.118
LI006879,O005282,P0039,2.0,0.069
LI006880,O001363,P0088,2.0,0.182
LI006881,O002839,P0014,2.0,0.157
LI006882,O002503,P0029,3.0,0.094
LI006883,O002241,P0042,5.0,0.134
LI006884,O005522,P0014,2.0,0.105
LI006885,O005162,P0116,2.0,0.037
LI006886,O000093,P0011,1.0,0.195
LI006887,O001239,P0075,3.0,0.225
LI006888,O006493,P0047,4.0,0.233
LI006889,O004609,P0104,1.0,0.197
LI006890,O003471,P0024,4.0,0.205
LI006891,O003236,P0022,2.0,0.014
LI006892,O004202,P0049,5.0,0.195
LI006893,O005352,P0055,4.0,0.076
LI006894,O002765,P0055,4.0,0.034
LI006895,O003605,P0085,4.0,0.13
LI006896,O005297,P0070,5.0,0.143
LI006897,O005799,P0078,1.0,0.121
LI006898,O005414,P0073,3.0,0.163
LI006899,O002836,P0035,5.0,0.179
LI006900,O005972,P0044,1.0,0.034
LI006901,O005640,P0036,2.0,0.154
LI006902,O003902,P0089,1.0,0.014
LI006903,O005332,P0015,4.0,0.112
LI006904,O003235,P0045,1.0,0.025
LI006905,O003629,P0062,1.0,0.112
LI006906,O005013,P0092,2.0,0.044
LI006907,O001769,P0050,2.0,0.184
LI006908,O005173,P0078,1.0,0.225
LI006909,O005353,P0013,5.0,0.042
LI006910,O003510,P0105,2.0,0.184
LI006911,O002902,P0031,4.0,0.037
LI006912,O001542,P0005,5.0,0.108
LI006913,O005047,P0083,1.0,0.156
LI006914,O002092,P0008,4.0,0.134
LI006915,O002651,P0013,4.0,0.014
LI006916,O001732,P0041,5.0,0.091
LI006917,O005636,P0017,1.0,0.118
LI006918,O000092,P0032,4.0,0.098
LI006919,O004855,P0005,2.0,0.166
LI006920,O000731,P0009,2.0,0.222
LI006921,O005050,P0107,5.0,0.167
LI006922,O005558,P0034,2.0,0.147
LI006923,O004433,P0109,3.0,0.037
LI006924,O003815,P0001,1.0,0.087
LI006925,O005414,P0040,4.0,0.137
LI006926,O000700,P0079,4.0,0.234
LI006927,O005021,P0054,5.0,0.076
LI006928,O003015,P0032,5.0,0.084
LI006929,O002312,P0098,4.0,0.147
LI006930,O006249,P0099,2.0,0.225
LI006931,O002017,P0117,5.0,0.136
LI006932,O006368,P0113,3.0,0.044
LI006933,O003491,P0050,5.0,0.019
LI006934,O000978,P0059,2.0,0.222
LI006935,O004211,P0092,1.0,0.167
LI006936,O001259,P0081,3.0,0.055
LI006937,O003856,P0062,5.0,0.181
LI006938,O001298,P0110,1.0,0.18
LI006939,O001979,P0011,1.0,0.193
LI006940,O004130,P0023,4.0,0.223
LI006941,O005508,P0119,2.0,0.038
LI006942,O001733,P0026,4.0,0.239
LI006943,O002943,P0063,2.0,0.25
LI006944,O002510,P0046,1.0,0.004
LI006945,O000449,P0069,5.0,0.023
LI006946,O001238,P0090,2.0,0.108
LI006947,O005166,P0006,2.0,0.009
LI006948,O004501,P0051,1.0,0.184
LI006949,O000333,P0043,3.0,0.163
LI006950,O006134,P0098,1.0,0.194
LI006951,O006384,P0042,1.0,0.25
LI006952,O005374,P0013,2.0,0.233
LI006953,O004324,P0025,1.0,0.075
LI006954,O000166,P0002,4.0,0.099
LI006955,O004681,P0014,1.0,0.194
LI006956,O004833,P0017,5.0,0.097
LI006957,O005631,P0105,1.0,0.175
LI006958,O004694,P0104,1.0,0.23
LI006959,O004689,P0040,5.0,0.101
LI006960,O004028,P0039,3.0,0.14
LI006961,O002775,P0025,3.0,0.21
LI006962,O001700,P0091,3.0,0.119
LI006963,O001414,P0048,4.0,0.072
LI006964,O001447,P0115,5.0,0.065
LI006965,O005021,P0088,4.0,0.018
LI006966,O003483,P0049,4.0,0.083
LI006967,O004745,P0033,4.0,0.171
LI006968,O001688,P0027,5.0,0.015
LI006969,O000447,P0045,2.0,0.069
LI006970,O003475,P0031,2.0,0.028
LI006971,O000097,P0063,3.0,0.101
LI006972,O002427,P0112,4.0,0.023
LI006973,O002718,P0038,3.0,0.187
LI006974,O003258,P0079,4.0,0.232
LI006975,O005800,P0108,3.0,0.048
LI006976,O005364,P0120,1.0,0.063
LI006977,O004727,P0040,5.0,0.04
LI006978,O000503,P0058,4.0,0.047
LI006979,O004384,P0065,4.0,0.078
LI006980,O004465,P0011,4.0,0.07
LI006981,O000065,P0015,5.0,0.096
LI006982,O004258,P0097,1.0,0.131
LI006983,O005914,P0057,2.0,0.182
LI006984,O000662,P0112,5.0,0.221
LI006985,O003490,P0096,1.0,0.115
LI006986,O000481,P0025,3.0,0.227
LI006987,O005753,P0039,4.0,0.17
LI006988,O006413,P0033,4.0,0.182
LI006989,O005887,P0029,2.0,0.131
LI006990,O004663,P0058,3.0,0.131
LI006991,O003262,P0098,1.0,0.133
LI006992,O000406,P0072,3.0,0.123
LI006993,O004861,P0120,3.0,0.115
LI006994,O003561,P0011,2.0,0.194
LI006995,O003384,P0013,1.0,0.097
LI006996,O003668,P0069,2.0,0.052
LI006997,O006037,P0114,1.0,0.034
LI006998,O004962,P0083,5.0,0.22
LI006999,O001118,P0021,5.0,0.216
LI007000,O002438,P0003,4.0,0.061
LI007001,O003483,P0026,2.0,0.03
LI007002,O005332,P0033,5.0,0.24
LI007003,O003710,P0094,3.0,0.121
LI007004,O003441,P0022,3.0,0.023
LI007005,O000742,P0062,5.0,0.054
LI007006,O003240,P0005,2.0,0.176
LI007007,O002922,P0019,4.0,0.02
LI007008,O001832,P0009,3.0,0.108
LI007009,O004139,P0058,4.0,0.107
LI007010,O005562,P0024,3.0,0.171
LI007011,O005635,P0039,1.0,0.05
LI007012,O000911,P0076,5.0,0.246
LI007013,O004013,P0110,2.0,0.039
LI007014,O004703,P0061,3.0,0.15
LI007015,O001419,P0048,5.0,0.082
LI007016,O006382,P0109,4.0,0.033
LI007017,O005799,P0091,2.0,0.135
LI007018,O004815,P0050,2.0,0.042
LI007019,O004310,P0062,5.0,0.17
LI007020,O004039,P0106,5.0,0.008
LI007021,O003640,P0053,5.0,0.128
LI007022,O003446,P0021,1.0,0.055
LI007023,O000132,P0038,1.0,0.237
LI007024,O002057,P0118,2.0,0.178
LI007025,O005863,P0099,5.0,0.189
LI007026,O000153,P0096,1.0,0.176
LI007027,O002479,P0059,2.0,0.166
LI007028,O000483,P0100,3.0,0.035
LI007029,O006117,P0097,5.0,0.249
LI007030,O000305,P0043,1.0,0.164
LI007031,O006428,P0017,2.0,0.224
LI007032,O002520,P0069,5.0,0.126
LI007033,O006113,P0044,2.0,0.071
LI007034,O000993,P0084,3.0,0.109
LI007035,O002238,P0063,2.0,0.1
LI007036,O005648,P0023,2.0,0.004
LI007037,O002560,P0103,3.0,0.169
LI007038,O004439,P0068,4.0,0.184
LI007039,O000715,P0026,5.0,0.01
LI007040,O001710,P0094,3.0,0.061
LI007041,O001058,P0048,3.0,0.166
LI007042,O000471,P0047,5.0,0.08
LI007043,O003466,P0046,2.0,0.233
LI007044,O000741,P0029,1.0,0.028
LI007045,O003567,P0034,5.0,0.232
LI007046,O000513,P0010,3.0,0.228
LI007047,O003394,P0020,2.0,0.239
LI007048,O005235,P0088,4.0,0.019
LI007049,O003286,P0034,2.0,0.068
LI007050,O003838,P0101,1.0,0.063
LI007051,O002193,P0013,2.0,0.221
LI007052,O004655,P0087,1.0,0.202
LI007053,O004888,P0010,4.0,0.04
LI007054,O005298,P0086,4.0,0.035
LI007055,O005845,P0045,2.0,0.119
LI007056,O000360,P0078,5.0,0.043
LI007057,O000285,P0089,5.0,0.119
LI007058,O003317,P0082,5.0,0.211
LI007059,O003278,P0084,4.0,0.125
LI007060,O002632,P0119,1.0,0.181
LI007061,O001758,P0092,3.0,0.063
LI007062,O002775,P0008,2.0,0.066
LI007063,O005480,P0005,1.0,0.148
LI007064,O001523,P0085,3.0,0.213
LI007065,O005261,P0020,4.0,0.133
LI007066,O005788,P0044,3.0,0.05
LI007067,O001246,P0080,4.0,0.054
LI007068,O001413,P0058,4.0,0.154
LI007069,O005450,P0020,1.0,0.026
LI007070,O004839,P0115,5.0,0.016
LI007071,O001417,P0089,5.0,0.026
LI007072,O000358,P0071,1.0,0.098
LI007073,O003466,P0089,2.0,0.089
LI007074,O006049,P0100,4.0,0.001
LI007075,O004136,P0115,2.0,0.04
LI007076,O002950,P0074,4.0,0.087
LI007077,O006417,P0040,4.0,0.107
LI007078,O003142,P0016,5.0,0.101
LI007079,O002877,P0004,5.0,0.08
LI007080,O004554,P0010,4.0,0.203
LI007081,O006065,P0051,5.0,0.104
LI007082,O006378,P0048,5.0,0.161
LI007083,O000197,P0095,3.0,0.208
LI007084,O001875,P0076,3.0,0.213
LI007085,O005831,P0020,4.0,0.214
LI007086,O000938,P0032,5.0,0.124
LI007087,O002195,P0066,3.0,0.165
LI007088,O003531,P0060,2.0,0.079
LI007089,O004126,P0011,4.0,0.215
LI007090,O006251,P0020,4.0,0.053
LI007091,O005798,P0023,2.0,0.197
LI007092,O000390,P0077,4.0,0.117
LI007093,O002927,P0035,5.0,0.075
LI007094,O005241,P0017,3.0,0.095
LI007095,O000347,P0010,1.0,0.147
LI007096,O002845,P0104,3.0,0.232
LI007097,O000119,P0038,2.0,0.024
LI007098,O004616,P0078,1.0,0.23
LI007099,O001239,P0083,5.0,0.204
LI007100,O002781,P0032,5.0,0.147
LI007101,O002128,P0120,3.0,0.033
LI007102,O002467,P0054,4.0,0.203
LI007103,O000584,P0097,4.0,0.173
LI007104,O002760,P0057,2.0,0.124
LI007105,O001709,P0107,4.0,0.221
LI007106,O005409,P0089,5.0,0.166
LI007107,O006378,P0025,1.0,0.072
LI007108,O006405,P0014,3.0,0.011
LI007109,O006078,P0045,3.0,0.19
LI007110,O002705,P0044,3.0,0.064
LI007111,O005142,P0118,4.0,0.07
LI007112,O006222,P0038,1.0,0.112
LI007113,O004838,P0036,4.0,0.187
LI007114,O000672,P0088,4.0,0.231
LI007115,O001772,P0105,5.0,0.054
LI007116,O001686,P0039,5.0,0.221
LI007117,O002078,P0039,4.0,0.151
LI007118,O002486,P0013,2.0,0.214
LI007119,O001697,P0066,2.0,0.212
LI007120,O003602,P0034,2.0,0.098
LI007121,O004159,P0015,4.0,0.17
LI007122,O001454,P0058,1.0,0.237
LI007123,O003207,P0112,2.0,0.168
LI007124,O004253,P0059,5.0,0.115
LI007125,O002991,P0066,3.0,0.093
LI007126,O004873,P0052,3.0,0.036
LI007127,O002302,P0089,4.0,0.25
LI007128,O003259,P0069,3.0,0.164
LI007129,O006000,P0098,4.0,0.069
LI007130,O001351,P0116,3.0,0.019
LI007131,O006343,P0103,1.0,0.188
LI007132,O005435,P0005,1.0,0.214
LI007133,O004102,P0043,1.0,0.107
LI007134,O003950,P0008,1.0,0.239
LI007135,O001280,P0113,2.0,0.082
LI007136,O005999,P0078,5.0,0.189
LI007137,O000821,P0093,1.0,0.066
LI007138,O001344,P0094,2.0,0.084
LI007139,O006120,P0063,4.0,0.151
LI007140,O002296,P0101,3.0,0.009
LI007141,O000004,P0068,3.0,0.053
LI007142,O002561,P0035,2.0,0.044
LI007143,O002554,P0071,3.0,0.082
LI007144,O000031,P0090,1.0,0.194
LI007145,O005953,P0032,3.0,0.227
LI007146,O001653,P0107,1.0,0.003
LI007147,O001299,P0097,1.0,0.064
LI007148,O004805,P0118,3.0,0.006
LI007149,O000886,P0024,2.0,0.215
LI007150,O001201,P0050,4.0,0.05
LI007151,O003359,P0118,2.0,0.193
LI007152,O001980,P0059,5.0,0.008
LI007153,O004844,P0065,5.0,0.1
LI007154,O004039,P0093,1.0,0.09
LI007155,O002127,P0112,1.0,0.082
LI007156,O002291,P0109,2.0,0.143
LI007157,O003895,P0038,2.0,0.098
LI007158,O004597,P0038,1.0,0.101
LI007159,O000205,P0021,4.0,0.047
LI007160,O001484,P0023,4.0,0.104
LI007161,O005503,P0046,5.0,0.185
LI007162,O002771,P0069,4.0,0.081
LI007163,O004429,P0030,3.0,0.214
LI007164,O002651,P0040,1.0,0.042
LI007165,O004262,P0082,2.0,0.212
LI007166,O002209,P0070,1.0,0.154
LI007167,O000006,P0069,3.0,0.106
LI007168,O006349,P0042,4.0,0.009
LI007169,O000532,P0018,1.0,0.032
LI007170,O005797,P0059,3.0,0.104
LI007171,O002093,P0013,4.0,0.219
LI007172,O004553,P0119,5.0,0.239
LI007173,O000227,P0084,5.0,0.232
LI007174,O006143,P0102,5.0,0.069
LI007175,O002100,P0021,3.0,0.064
LI007176,O005839,P0068,3.0,0.185
LI007177,O004567,P0077,2.0,0.235
LI007178,O000897,P0082,2.0,0.033
LI007179,O001321,P0077,5.0,0.094
LI007180,O002662,P0077,1.0,0.209
LI007181,O002560,P0103,4.0,0.123
LI007182,O001665,P0101,2.0,0.211
LI007183,O001526,P0061,4.0,0.029
LI007184,O003751,P0099,1.0,0.194
LI007185,O005322,P0038,5.0,0.097
LI007186,O003655,P0040,4.0,0.173
LI007187,O005542,P0027,5.0,0.073
LI007188,O002568,P0058,4.0,0.173
LI007189,O004770,P0090,1.0,0.176
LI007190,O001097,P0076,2.0,0.105
LI007191,O006489,P0066,3.0,0.242
LI007192,O003099,P0043,5.0,0.0
LI007193,O003241,P0020,2.0,0.169
LI007194,O002823,P0035,4.0,0.227
LI007195,O005329,P0055,2.0,0.214
LI007196,O002928,P0074,3.0,0.141
LI007197,O004994,P0072,5.0,0.224
LI007198,O006059,P0040,5.0,0.027
LI007199,O003615,P0046,2.0,0.136
LI007200,O000848,P0100,1.0,0.245
LI007201,O006063,P0095,4.0,0.248
LI007202,O003617,P0079,2.0,0.17
LI007203,O002705,P0042,1.0,0.042
LI007204,O003894,P0018,5.0,0.028
LI007205,O003382,P0118,4.0,0.231
LI007206,O003072,P0015,5.0,0.22
LI007207,O002995,P0083,3.0,0.079
LI007208,O006324,P0088,1.0,0.233
LI007209,O004743,P0099,3.0,0.033
LI007210,O004534,P0066,3.0,0.074
LI007211,O001501,P0013,3.0,0.161
LI007212,O002443,P0109,1.0,0.043
LI007213,O001726,P0057,4.0,0.247
LI007214,O001566,P0009,5.0,0.056
LI007215,O006201,P0099,4.0,0.061
LI007216,O001744,P0066,4.0,0.119
LI007217,O000326,P0110,4.0,0.195
LI007218,O004418,P0016,5.0,0.03
LI007219,O002231,P0110,5.0,0.167
LI007220,O006379,P0100,1.0,0.025
LI007221,O002667,P0002,2.0,0.024
LI007222,O001210,P0016,5.0,0.01
LI007223,O004362,P0072,5.0,0.136
LI007224,O000842,P0001,2.0,0.109
LI007225,O004425,P0082,5.0,0.077
LI007226,O003902,P0118,4.0,0.132
LI007227,O003437,P0105,5.0,0.125
LI007228,O004779,P0026,1.0,0.118
LI007229,O002072,P0044,5.0,0.043
LI007230,O001285,P0005,2.0,0.224
LI007231,O001379,P0021,4.0,0.155
LI007232,O006340,P0035,2.0,0.032
LI007233,O002659,P0104,5.0,0.064
LI007234,O003562,P0092,5.0,0.191
LI007235,O006008,P0054,1.0,0.194
LI007236,O005453,P0090,4.0,0.181
LI007237,O001888,P0096,5.0,0.198
LI007238,O004013,P0112,1.0,0.15
LI007239,O001979,P0050,1.0,0.072
LI007240,O004728,P0108,2.0,0.089
LI007241,O004417,P0044,4.0,0.127
LI007242,O005567,P0085,3.0,0.062
LI007243,O005497,P0004,1.0,0.213
LI007244,O004299,P0042,3.0,0.187
LI007245,O003162,P0041,2.0,0.245
LI007246,O002225,P0036,1.0,0.104
LI007247,O004723,P0024,4.0,0.218
LI007248,O005965,P0097,3.0,0.195
LI007249,O002080,P0005,4.0,0.208
LI007250,O004823,P0057,3.0,0.172
LI007251,O000954,P0067,2.0,0.087
LI007252,O002868,P0011,1.0,0.061
LI007253,O002291,P0045,1.0,0.068
LI007254,O005918,P0096,2.0,0.142
LI007255,O000070,P0022,5.0,0.22
LI007256,O001095,P0011,3.0,0.112
LI007257,O005743,P0038,3.0,0.15
LI007258,O004254,P0059,5.0,0.183
LI007259,O000549,P0086,2.0,0.214
LI007260,O001840,P0004,4.0,0.162
LI007261,O001952,P0103,4.0,0.157
LI007262,O006470,P0067,2.0,0.247
LI007263,O001059,P0118,4.0,0.216
LI007264,O003552,P0010,2.0,0.183
LI007265,O002508,P0101,3.0,0.208
LI007266,O003908,P0019,3.0,0.25
LI007267,O004982,P0082,5.0,0.126
LI007268,O003491,P0028,2.0,0.176
LI007269,O004607,P0095,4.0,0.203
LI007270,O004464,P0017,2.0,0.111
LI007271,O002960,P0024,1.0,0.239
LI007272,O006007,P0001,5.0,0.096
LI007273,O000883,P0005,1.0,0.061
LI007274,O006351,P0032,5.0,0.169
LI007275,O002626,P0053,5.0,0.02
LI007276,O005894,P0081,5.0,0.032
LI007277,O005390,P0057,1.0,0.243
LI007278,O004765,P0085,5.0,0.07
LI007279,O002154,P0105,2.0,0.008
LI007280,O004762,P0043,2.0,0.119
LI007281,O003567,P0086,1.0,0.217
LI007282,O000260,P0103,3.0,0.083
LI007283,O001509,P0039,3.0,0.105
LI007284,O000313,P0034,1.0,0.039
LI007285,O002679,P0078,5.0,0.087
LI007286,O001845,P0080,5.0,0.241
LI007287,O002585,P0005,5.0,0.219
LI007288,O004015,P0018,1.0,0.185
LI007289,O003252,P0004,5.0,0.197
LI007290,O001534,P0108,2.0,0.167
LI007291,O005597,P0115,5.0,0.029
LI007292,O004770,P0092,1.0,0.029
LI007293,O001424,P0109,5.0,0.134
LI007294,O002021,P0091,2.0,0.149
LI007295,O006494,P0070,1.0,0.243
LI007296,O006359,P0011,3.0,0.113
LI007297,O005503,P0047,1.0,0.229
LI007298,O005244,P0085,4.0,0.248
LI007299,O001692,P0081,3.0,0.211
LI007300,O001729,P0031,3.0,0.1
LI007301,O000328,P0098,1.0,0.188
LI007302,O001589,P0013,4.0,0.136
LI007303,O003754,P0023,3.0,0.05
LI007304,O002895,P0065,5.0,0.032
LI007305,O000098,P0068,4.0,0.018
LI007306,O004755,P0030,4.0,0.082
LI007307,O002348,P0031,1.0,0.172
LI007308,O006174,P0047,1.0,0.228
LI007309,O001098,P0016,1.0,0.08
LI007310,O006316,P0043,4.0,0.133
LI007311,O005114,P0003,2.0,0.117
LI007312,O005019,P0012,1.0,0.027
LI007313,O006228,P0076,2.0,0.19
LI007314,O005705,P0011,3.0,0.13
LI007315,O005410,P0016,5.0,0.229
LI007316,O004735,P0029,5.0,0.209
LI007317,O000085,P0117,2.0,0.07
LI007318,O001278,P0021,4.0,0.078
LI007319,O002712,P0109,5.0,0.134
LI007320,O005944,P0108,2.0,0.031
LI007321,O000519,P0106,1.0,0.063
LI007322,O003524,P0058,2.0,0.205
LI007323,O005427,P0043,3.0,0.038
LI007324,O000184,P0114,2.0,0.137
LI007325,O000973,P0005,1.0,0.098
LI007326,O003386,P0052,2.0,0.05
LI007327,O002389,P0013,1.0,0.242
LI007328,O004323,P0081,1.0,0.206
LI007329,O004933,P0012,3.0,0.067
LI007330,O003828,P0081,3.0,0.196
LI007331,O002312,P0001,5.0,0.002
LI007332,O002498,P0008,1.0,0.069
LI007333,O005371,P0016,1.0,0.027
LI007334,O003480,P0015,1.0,0.106
LI007335,O004266,P0019,5.0,0.159
LI007336,O000566,P0025,4.0,0.043
LI007337,O001936,P0031,3.0,0.06
LI007338,O006276,P0106,3.0,0.098
LI007339,O000827,P0002,1.0,0.158
LI007340,O004702,P0059,5.0,0.078
LI007341,O003118,P0089,1.0,0.15
LI007342,O000350,P0031,3.0,0.087
LI007343,O000099,P0068,5.0,0.064
LI007344,O001770,P0068,2.0,0.214
LI007345,O001805,P0116,3.0,0.096
LI007346,O001061,P0012,2.0,0.23
LI007347,O003510,P0017,4.0,0.076
LI007348,O003057,P0085,2.0,0.136
LI007349,O004171,P0029,5.0,0.013
LI007350,O002106,P0086,2.0,0.17
LI007351,O003091,P0036,4.0,0.199
LI007352,O000402,P0104,3.0,0.243
LI007353,O000188,P0080,4.0,0.209
LI007354,O003985,P0063,5.0,0.078
LI007355,O000139,P0015,2.0,0.139
LI007356,O000143,P0030,2.0,0.148
LI007357,O004204,P0110,5.0,0.014
LI007358,O000221,P0051,1.0,0.018
LI007359,O004241,P0011,5.0,0.081
LI007360,O004606,P0057,5.0,0.186
LI007361,O002424,P0013,4.0,0.071
LI007362,O004101,P0087,4.0,0.219
LI007363,O004029,P0104,5.0,0.161
LI007364,O000388,P0055,3.0,0.117
LI007365,O003839,P0105,2.0,0.135
LI007366,O003032,P0098,5.0,0.083
LI007367,O005854,P0063,1.0,0.243
LI007368,O005992,P0084,2.0,0.044
LI007369,O000560,P0002,3.0,0.215
LI007370,O001840,P0072,5.0,0.17
LI007371,O003235,P0082,3.0,0.178
LI007372,O001772,P0056,2.0,0.209
LI007373,O005880,P0118,1.0,0.034
LI007374,O000365,P0007,2.0,0.174
LI007375,O000417,P0043,2.0,0.194
LI007376,O001636,P0031,5.0,0.246
LI007377,O002069,P0061,2.0,0.187
LI007378,O000517,P0022,5.0,0.238
LI007379,O004032,P0062,5.0,0.212
LI007380,O001221,P0028,3.0,0.219
LI007381,O000661,P0025,1.0,0.229
LI007382,O003417,P0116,5.0,0.133
LI007383,O000330,P0065,4.0,0.178
LI007384,O000378,P0032,3.0,0.031
LI007385,O003283,P0089,5.0,0.089
LI007386,O000160,P0048,5.0,0.22
LI007387,O004754,P0080,3.0,0.244
LI007388,O006498,P0093,2.0,0.028
LI007389,O001264,P0106,5.0,0.147
LI007390,O004175,P0024,1.0,0.184
LI007391,O002200,P0081,5.0,0.129
LI007392,O002565,P0042,3.0,0.058
LI007393,O002431,P0070,4.0,0.01
LI007394,O004789,P0078,3.0,0.238
LI007395,O002038,P0090,3.0,0.059
LI007396,O002400,P0092,1.0,0.075
LI007397,O001225,P0111,2.0,0.161
LI007398,O005047,P0036,1.0,0.107
LI007399,O006277,P0031,1.0,0.106
LI007400,O001989,P0027,5.0,0.021
LI007401,O006313,P0066,4.0,0.248
LI007402,O000866,P0083,3.0,0.071
LI007403,O000391,P0092,1.0,0.028
LI007404,O005978,P0045,1.0,0.17
LI007405,O001409,P0044,2.0,0.188
LI007406,O004916,P0057,2.0,0.006
LI007407,O006242,P0021,4.0,0.067
LI007408,O004031,P0055,3.0,0.049
LI007409,O004436,P0109,1.0,0.197
LI007410,O001555,P0015,5.0,0.046
LI007411,O004048,P0034,2.0,0.059
LI007412,O000132,P0104,1.0,0.247
LI007413,O003680,P0003,5.0,0.176
LI007414,O006354,P0001,1.0,0.097
LI007415,O003077,P0024,4.0,0.188
LI007416,O004473,P0043,4.0,0.117
LI007417,O004736,P0027,5.0,0.053
LI007418,O001522,P0009,2.0,0.122
LI007419,O003270,P0088,4.0,0.193
LI007420,O000441,P0017,2.0,0.045
LI007421,O001742,P0092,5.0,0.121
LI007422,O001204,P0039,5.0,0.03
LI007423,O000241,P0055,1.0,0.211
LI007424,O005906,P0068,5.0,0.205
LI007425,O003392,P0093,1.0,0.168
LI007426,O003722,P0045,2.0,0.23
LI007427,O004119,P0028,1.0,0.1
LI007428,O001204,P0056,2.0,0.033
LI007429,O001888,P0101,4.0,0.244
LI007430,O004271,P0029,2.0,0.128
LI007431,O000198,P0108,3.0,0.119
LI007432,O003526,P0116,1.0,0.016
LI007433,O004195,P0029,4.0,0.143
LI007434,O000745,P0069,2.0,0.161
LI007435,O005547,P0011,5.0,0.118
LI007436,O000453,P0002,1.0,0.228
LI007437,O003263,P0068,2.0,0.186
LI007438,O003022,P0010,4.0,0.01
LI007439,O005878,P0120,5.0,0.136
LI007440,O000499,P0103,1.0,0.248
LI007441,O003688,P0108,4.0,0.05
LI007442,O003263,P0072,5.0,0.154
LI007443,O000141,P0119,3.0,0.068
LI007444,O001715,P0087,5.0,0.093
LI007445,O002821,P0027,1.0,0.008
LI007446,O002223,P0087,3.0,0.172
LI007447,O002468,P0112,2.0,0.191
LI007448,O000676,P0098,3.0,0.193
LI007449,O003506,P0035,3.0,0.243
LI007450,O005560,P0081,3.0,0.209
LI007451,O003603,P0111,5.0,0.052
LI007452,O000918,P0050,3.0,0.058
LI007453,O001823,P0074,3.0,0.192
LI007454,O003823,P0118,2.0,0.194
LI007455,O002604,P0002,3.0,0.031
LI007456,O004804,P0017,5.0,0.002
LI007457,O001731,P0095,4.0,0.1
LI007458,O003429,P0080,4.0,0.174
LI007459,O005977,P0024,5.0,0.217
LI007460,O004657,P0057,5.0,0.041
LI007461,O005093,P0071,3.0,0.204
LI007462,O004155,P0083,5.0,0.171
LI007463,O005287,P0016,3.0,0.041
LI007464,O003719,P0097,1.0,0.218
LI007465,O005063,P0036,2.0,0.233
LI007466,O001625,P0045,2.0,0.066
LI007467,O001807,P0010,2.0,0.037
LI007468,O004359,P0063,1.0,0.242
LI007469,O001455,P0043,2.0,0.006
LI007470,O006340,P0051,3.0,0.237
LI007471,O000354,P0079,4.0,0.054
LI007472,O002934,P0107,2.0,0.11
LI007473,O000941,P0003,2.0,0.077
LI007474,O003946,P0066,3.0,0.038
LI007475,O004143,P0107,3.0,0.088
LI007476,O004849,P0106,2.0,0.135
LI007477,O005429,P0035,5.0,0.023
LI007478,O000230,P0091,1.0,0.202
LI007479,O003483,P0069,4.0,0.2
LI007480,O006021,P0079,4.0,0.199
LI007481,O004853,P0036,1.0,0.172
LI007482,O006460,P0049,2.0,0.114
LI007483,O004858,P0097,2.0,0.208
LI007484,O005197,P0001,2.0,0.213
LI007485,O006206,P0076,2.0,0.071
LI007486,O000238,P0042,2.0,0.12
LI007487,O003773,P0041,4.0,0.051
LI007488,O004174,P0073,2.0,0.064
LI007489,O002782,P0057,3.0,0.06
LI007490,O002607,P0116,5.0,0.207
LI007491,O001985,P0020,2.0,0.063
LI007492,O003096,P0094,3.0,0.137
LI007493,O001053,P0014,4.0,0.157
LI007494,O005255,P0087,3.0,0.186
LI007495,O000351,P0093,1.0,0.007
LI007496,O000913,P0115,1.0,0.119
LI007497,O004446,P0106,3.0,0.073
LI007498,O001305,P0099,2.0,0.208
LI007499,O002524,P0052,2.0,0.009
LI007500,O000292,P0091,2.0,0.052
LI007501,O001213,P0054,3.0,0.079
LI007502,O000468,P0049,1.0,0.019
LI007503,O003278,P0091,1.0,0.099
LI007504,O005362,P0030,4.0,0.186
LI007505,O006450,P0003,1.0,0.053
LI007506,O005304,P0012,1.0,0.189
LI007507,O002526,P0111,5.0,0.132
LI007508,O003576,P0031,1.0,0.086
LI007509,O003200,P0037,3.0,0.092
LI007510,O004326,P0027,2.0,0.029
LI007511,O001065,P0111,3.0,0.062
LI007512,O004889,P0116,2.0,0.183
LI007513,O003464,P0024,2.0,0.216
LI007514,O004920,P0112,4.0,0.066
LI007515,O001694,P0041,1.0,0.147
LI007516,O004932,P0104,4.0,0.009
LI007517,O002395,P0064,2.0,0.019
LI007518,O002058,P0011,5.0,0.241
LI007519,O000087,P0091,5.0,0.224
LI007520,O002593,P0073,4.0,0.02
LI007521,O004043,P0016,4.0,0.206
LI007522,O002921,P0014,1.0,0.026
LI007523,O005459,P0047,4.0,0.207
LI007524,O000004,P0030,4.0,0.228
LI007525,O003095,P0110,3.0,0.038
LI007526,O005317,P0024,4.0,0.037
LI007527,O005941,P0106,4.0,0.232
LI007528,O001522,P0013,3.0,0.075
LI007529,O002949,P0097,2.0,0.118
LI007530,O003858,P0119,2.0,0.076
LI007531,O006417,P0009,3.0,0.187
LI007532,O001978,P0049,1.0,0.053
LI007533,O001475,P0026,4.0,0.124
LI007534,O001131,P0049,1.0,0.213
LI007535,O000881,P0042,5.0,0.236
LI007536,O001402,P0045,1.0,0.088
LI007537,O001976,P0114,4.0,0.028
LI007538,O005032,P0077,2.0,0.202
LI007539,O005975,P0021,4.0,0.028
LI007540,O001751,P0029,4.0,0.195
LI007541,O000002,P0092,4.0,0.172
LI007542,O001145,P0024,1.0,0.144
LI007543,O001639,P0077,2.0,0.235
LI007544,O000149,P0120,2.0,0.081
LI007545,O004248,P0042,1.0,0.023
LI007546,O006036,P0084,1.0,0.245
LI007547,O002354,P0103,1.0,0.11
LI007548,O002044,P0071,5.0,0.108
LI007549,O001703,P0041,5.0,0.022
LI007550,O005948,P0048,4.0,0.186
LI007551,O002930,P0079,5.0,0.18
LI007552,O004571,P0089,1.0,0.036
LI007553,O001388,P0099,1.0,0.058
LI007554,O004903,P0077,1.0,0.004
LI007555,O005191,P0043,2.0,0.222
LI007556,O001664,P0008,2.0,0.061
LI007557,O002081,P0085,5.0,0.232
LI007558,O005277,P0063,3.0,0.143
LI007559,O005450,P0117,3.0,0.106
LI007560,O005827,P0120,1.0,0.002
LI007561,O001997,P0063,2.0,0.023
LI007562,O003693,P0006,4.0,0.04
LI007563,O003231,P0074,5.0,0.026
LI007564,O005659,P0113,2.0,0.064
LI007565,O001251,P0052,1.0,0.039
LI007566,O004463,P0105,1.0,0.166
LI007567,O005897,P0021,3.0,0.074
LI007568,O002037,P0014,1.0,0.18
LI007569,O006406,P0116,1.0,0.034
LI007570,O006120,P0109,4.0,0.052
LI007571,O000538,P0058,5.0,0.197
LI007572,O001555,P0097,4.0,0.159
LI007573,O006160,P0025,3.0,0.024
LI007574,O002153,P0056,2.0,0.24
LI007575,O000791,P0083,3.0,0.191
LI007576,O005323,P0009,1.0,0.138
LI007577,O001949,P0113,5.0,0.086
LI007578,O005798,P0111,1.0,0.023
LI007579,O005179,P0116,5.0,0.09
LI007580,O005105,P0101,5.0,0.081
LI007581,O004144,P0100,5.0,0.02
LI007582,O004756,P0036,2.0,0.196
LI007583,O001436,P0057,3.0,0.104
LI007584,O003250,P0079,2.0,0.222
LI007585,O002849,P0005,2.0,0.039
LI007586,O000114,P0081,2.0,0.079
LI007587,O002344,P0094,4.0,0.07
LI007588,O004534,P0007,4.0,0.216
LI007589,O006410,P0006,4.0,0.127
LI007590,O000162,P0079,2.0,0.035
LI007591,O003913,P0052,1.0,0.089
LI007592,O000504,P0110,4.0,0.236
LI007593,O005156,P0074,4.0,0.138
LI007594,O002635,P0070,2.0,0.009
LI007595,O002506,P0106,3.0,0.014
LI007596,O005102,P0055,1.0,0.059
LI007597,O005767,P0116,5.0,0.155
LI007598,O001395,P0105,5.0,0.061
LI007599,O001510,P0077,1.0,0.213
LI007600,O002320,P0014,2.0,0.157
LI007601,O003251,P0001,3.0,0.075
LI007602,O006106,P0097,3.0,0.098
LI007603,O000480,P0083,5.0,0.094
LI007604,O005053,P0073,3.0,0.079
LI007605,O004255,P0037,5.0,0.157
LI007606,O000755,P0049,4.0,0.05
LI007607,O004000,P0112,2.0,0.073
LI007608,O001837,P0012,3.0,0.021
LI007609,O000204,P0005,2.0,0.094
LI007610,O002843,P0070,4.0,0.016
LI007611,O003350,P0116,1.0,0.004
LI007612,O003215,P0119,1.0,0.161
LI007613,O003592,P0011,1.0,0.041
LI007614,O004608,P0115,5.0,0.009
LI007615,O006084,P0053,5.0,0.017
LI007616,O004212,P0102,1.0,0.05
LI007617,O000392,P0055,4.0,0.18
LI007618,O003415,P0074,5.0,0.003
LI007619,O003445,P0079,1.0,0.182
LI007620,O002774,P0050,2.0,0.149
LI007621,O002417,P0053,1.0,0.128
LI007622,O001239,P0103,1.0,0.227
LI007623,O005631,P0055,2.0,0.207
LI007624,O002949,P0092,5.0,0.105
LI007625,O000741,P0003,2.0,0.002
LI007626,O003884,P0120,5.0,0.178
LI007627,O006471,P0016,4.0,0.012
LI007628,O004133,P0045,5.0,0.07
LI007629,O005082,P0081,3.0,0.123
LI007630,O002844,P0036,5.0,0.025
LI007631,O001536,P0019,3.0,0.17
LI007632,O000369,P0004,5.0,0.08
LI007633,O002272,P0059,2.0,0.09
LI007634,O001958,P0089,5.0,0.162
LI007635,O004910,P0091,1.0,0.1
LI007636,O005833,P0012,5.0,0.056
LI007637,O005220,P0063,2.0,0.044
LI007638,O001099,P0056,2.0,0.181
LI007639,O002772,P0027,5.0,0.188
LI007640,O001392,P0068,5.0,0.049
LI007641,O006207,P0024,5.0,0.08
LI007642,O001648,P0081,4.0,0.239
LI007643,O002032,P0120,3.0,0.246
LI007644,O001679,P0026,5.0,0.146
LI007645,O002147,P0082,5.0,0.189
LI007646,O002825,P0022,3.0,0.187
LI007647,O003297,P0070,1.0,0.099
LI007648,O004171,P0019,4.0,0.012
LI007649,O005910,P0101,4.0,0.185
LI007650,O003782,P0034,1.0,0.034
LI007651,O002232,P0011,3.0,0.073
LI007652,O003365,P0120,3.0,0.079
LI007653,O003129,P0088,2.0,0.087
LI007654,O001273,P0045,3.0,0.116
LI007655,O001980,P0037,4.0,0.125
LI007656,O003698,P0023,2.0,0.121
LI007657,O002188,P0040,5.0,0.041
LI007658,O006023,P0043,5.0,0.162
LI007659,O006082,P0004,5.0,0.198
LI007660,O002407,P0082,2.0,0.115
LI007661,O001577,P0094,4.0,0.21
LI007662,O003480,P0015,3.0,0.111
LI007663,O003546,P0101,2.0,0.142
LI007664,O001470,P0023,4.0,0.017
LI007665,O000980,P0012,3.0,0.037
LI007666,O001256,P0068,1.0,0.192
LI007667,O003689,P0068,4.0,0.062
LI007668,O001642,P0052,1.0,0.023
LI007669,O000300,P0041,5.0,0.142
LI007670,O004522,P0105,5.0,0.024
LI007671,O003043,P0078,4.0,0.171
LI007672,O006305,P0059,1.0,0.172
LI007673,O000401,P0058,2.0,0.113
LI007674,O005498,P0120,3.0,0.171
LI007675,O006079,P0059,5.0,0.2
LI007676,O006038,P0072,5.0,0.049
LI007677,O001281,P0023,5.0,0.162
LI007678,O004837,P0001,5.0,0.173
LI007679,O000862,P0056,4.0,0.049
LI007680,O004590,P0075,4.0,0.182
LI007681,O005302,P0091,1.0,0.18
LI007682,O002574,P0004,2.0,0.039
LI007683,O002785,P0029,1.0,0.079
LI007684,O004186,P0017,2.0,0.235
LI007685,O004160,P0049,4.0,0.018
LI007686,O001112,P0083,5.0,0.057
LI007687,O001057,P0109,1.0,0.145
LI007688,O001096,P0051,2.0,0.242
LI007689,O005676,P0049,3.0,0.064
LI007690,O002301,P0024,2.0,0.204
LI007691,O006251,P0116,1.0,0.092
LI007692,O003992,P0044,4.0,0.088
LI007693,O000514,P0116,5.0,0.249
LI007694,O004232,P0110,3.0,0.204
LI007695,O002677,P0118,1.0,0.062
LI007696,O000121,P0041,4.0,0.046
LI007697,O001502,P0057,2.0,0.021
LI007698,O002848,P0108,4.0,0.121
LI007699,O004920,P0056,4.0,0.084
LI007700,O001118,P0032,5.0,0.095
LI007701,O000505,P0031,1.0,0.108
LI007702,O006151,P0113,4.0,0.248
LI007703,O002992,P0016,2.0,0.001
LI007704,O001624,P0032,2.0,0.107
LI007705,O002239,P0108,5.0,0.016
LI007706,O005840,P0042,4.0,0.168
LI007707,O002434,P0034,2.0,0.013
LI007708,O000803,P0099,2.0,0.192
LI007709,O004374,P0037,5.0,0.217
LI007710,O001472,P0016,4.0,0.243
LI007711,O000827,P0085,5.0,0.03
LI007712,O005041,P0013,4.0,0.245
LI007713,O006196,P0120,2.0,0.103
LI007714,O001429,P0082,1.0,0.158
LI007715,O002444,P0066,2.0,0.0
LI007716,O004875,P0120,1.0,0.093
LI007717,O004307,P0033,4.0,0.088
LI007718,O004986,P0105,4.0,0.126
LI007719,O003782,P0082,3.0,0.033
LI007720,O002026,P0092,4.0,0.173
LI007721,O002318,P0101,4.0,0.149
LI007722,O001007,P0035,3.0,0.053
LI007723,O001638,P0037,1.0,0.246
LI007724,O000845,P0076,4.0,0.001
LI007725,O005112,P0040,5.0,0.084
LI007726,O004494,P0008,4.0,0.065
LI007727,O003288,P0054,4.0,0.14
LI007728,O003504,P0089,2.0,0.222
LI007729,O005441,P0007,4.0,0.164
LI007730,O002862,P0002,4.0,0.012
LI007731,O000639,P0097,5.0,0.216
LI007732,O000493,P0056,3.0,0.066
LI007733,O002999,P0097,3.0,0.028
LI007734,O005726,P0104,3.0,0.108
LI007735,O003658,P0057,2.0,0.225
LI007736,O002176,P0049,4.0,0.009
LI007737,O006218,P0087,1.0,0.156
LI007738,O005596,P0069,1.0,0.083
LI007739,O001486,P0078,5.0,0.156
LI007740,O004544,P0008,2.0,0.067
LI007741,O005222,P0084,2.0,0.242
LI007742,O000559,P0063,4.0,0.028
LI007743,O003749,P0082,1.0,0.039
LI007744,O000970,P0087,2.0,0.011
LI007745,O005033,P0093,5.0,0.199
LI007746,O006427,P0071,1.0,0.023
LI007747,O004010,P0088,2.0,0.069
LI007748,O005324,P0046,4.0,0.051
LI007749,O000086,P0089,4.0,0.088
LI007750,O005444,P0078,4.0,0.191
LI007751,O006045,P0102,4.0,0.238
LI007752,O006308,P0067,1.0,0.22
LI007753,O004973,P0117,1.0,0.21
LI007754,O003129,P0046,2.0,0.104
LI007755,O004302,P0078,5.0,0.2
LI007756,O006028,P0067,3.0,0.194
LI007757,O005549,P0042,3.0,0.062
LI007758,O002196,P0064,4.0,0.066
LI007759,O004887,P0073,2.0,0.125
LI007760,O004054,P0053,3.0,0.241
LI007761,O005410,P0071,3.0,0.027
LI007762,O000947,P0090,3.0,0.247
LI007763,O003209,P0007,3.0,0.04
LI007764,O001994,P0007,3.0,0.121
LI007765,O003441,P0108,2.0,0.076
LI007766,O001546,P0036,3.0,0.105
LI007767,O004653,P0116,3.0,0.239
LI007768,O003508,P0013,2.0,0.158
LI007769,O000030,P0067,1.0,0.074
LI007770,O001472,P0020,1.0,0.157
LI007771,O006369,P0073,1.0,0.113
LI007772,O001410,P0053,3.0,0.236
LI007773,O003761,P0086,2.0,0.088
LI007774,O003680,P0052,1.0,0.146
LI007775,O000529,P0109,4.0,0.212
LI007776,O005148,P0097,4.0,0.24
LI007777,O000126,P0061,2.0,0.2
LI007778,O004909,P0087,3.0,0.234
LI007779,O003857,P0087,1.0,0.116
LI007780,O003259,P0102,3.0,0.191
LI007781,O000654,P0116,1.0,0.024
LI007782,O004234,P0090,5.0,0.148
LI007783,O005457,P0096,5.0,0.003
LI007784,O000741,P0061,3.0,0.065
LI007785,O002262,P0056,4.0,0.166
LI007786,O000291,P0092,3.0,0.043
LI007787,O002992,P0094,1.0,0.05
LI007788,O003642,P0040,3.0,0.015
LI007789,O002578,P0081,3.0,0.187
LI007790,O002740,P0063,1.0,0.112
LI007791,O001694,P0057,4.0,0.222
LI007792,O005888,P0120,5.0,0.091
LI007793,O004645,P0082,1.0,0.109
LI007794,O001320,P0089,3.0,0.124
LI007795,O002822,P0004,2.0,0.215
LI007796,O003663,P0026,3.0,0.073
LI007797,O003230,P0095,3.0,0.013
LI007798,O005195,P0062,2.0,0.157
LI007799,O001396,P0076,3.0,0.206
LI007800,O002968,P0054,2.0,0.139
LI007801,O003962,P0112,3.0,0.08
LI007802,O002615,P0062,4.0,0.158
LI007803,O001545,P0018,5.0,0.248
LI007804,O005226,P0010,4.0,0.144
LI007805,O003902,P0036,1.0,0.079
LI007806,O004498,P0002,1.0,0.061
LI007807,O001781,P0060,3.0,0.25
LI007808,O002151,P0089,1.0,0.213
LI007809,O004883,P0047,1.0,0.07
LI007810,O006469,P0073,3.0,0.066
LI007811,O004469,P0111,3.0,0.201
LI007812,O004434,P0032,5.0,0.248
LI007813,O001057,P0069,2.0,0.116
LI007814,O001446,P0051,3.0,0.057
LI007815,O005389,P0067,5.0,0.058
LI007816,O001969,P0081,4.0,0.199
LI007817,O001097,P0077,1.0,0.151
LI007818,O001882,P0120,2.0,0.158
LI007819,O001205,P0067,4.0,0.049
LI007820,O001921,P0092,3.0,0.033
LI007821,O003584,P0068,4.0,0.003
LI007822,O003140,P0082,5.0,0.229
LI007823,O003975,P0056,3.0,0.089
LI007824,O003420,P0099,3.0,0.189
LI007825,O002039,P0014,2.0,0.221
LI007826,O001733,P0016,5.0,0.15
LI007827,O005927,P0076,1.0,0.106
LI007828,O000032,P0075,4.0,0.01
LI007829,O001969,P0066,2.0,0.084
LI007830,O002975,P0033,2.0,0.08
LI007831,O003331,P0013,3.0,0.142
LI007832,O003569,P0030,4.0,0.191
LI007833,O002926,P0026,2.0,0.178
LI007834,O002223,P0114,3.0,0.217
LI007835,O003439,P0082,3.0,0.012
LI007836,O000015,P0013,5.0,0.151
LI007837,O003123,P0068,3.0,0.047
LI007838,O000107,P0033,1.0,0.243
LI007839,O003794,P0015,5.0,0.102
LI007840,O004565,P0017,5.0,0.156
LI007841,O000202,P0006,1.0,0.088
LI007842,O006008,P0005,1.0,0.055
LI007843,O001795,P0033,2.0,0.172
LI007844,O001409,P0054,2.0,0.235
LI007845,O000917,P0016,1.0,0.015
LI007846,O004432,P0046,2.0,0.206
LI007847,O001685,P0024,1.0,0.085
LI007848,O006249,P0005,1.0,0.03
LI007849,O006347,P0067,3.0,0.178
LI007850,O003167,P0099,2.0,0.021
LI007851,O000065,P0091,5.0,0.182
LI007852,O004649,P0076,5.0,0.109
LI007853,O004320,P0050,2.0,0.041
LI007854,O003651,P0041,2.0,0.039
LI007855,O006399,P0089,2.0,0.187
LI007856,O002016,P0055,2.0,0.207
LI007857,O001322,P0081,3.0,0.171
LI007858,O004025,P0113,1.0,0.18
LI007859,O006315,P0020,2.0,0.212
LI007860,O000613,P0092,2.0,0.107
LI007861,O000652,P0050,1.0,0.042
LI007862,O004814,P0035,1.0,0.094
LI007863,O001388,P0050,1.0,0.245
LI007864,O002867,P0079,4.0,0.112
LI007865,O002121,P0033,5.0,0.231
LI007866,O005180,P0067,2.0,0.176
LI007867,O006480,P0071,3.0,0.184
LI007868,O004764,P0010,3.0,0.048
LI007869,O003196,P0105,1.0,0.092
LI007870,O004110,P0090,3.0,0.183
LI007871,O005536,P0041,5.0,0.164
LI007872,O006171,P0040,2.0,0.216
LI007873,O003829,P0006,3.0,0.052
LI007874,O005170,P0033,5.0,0.187
LI007875,O006331,P0016,5.0,0.01
LI007876,O003129,P0024,4.0,0.075
LI007877,O004867,P0120,4.0,0.158
LI007878,O005086,P0094,3.0,0.245
LI007879,O003106,P0060,5.0,0.247
LI007880,O000538,P0074,1.0,0.11
LI007881,O006117,P0011,4.0,0.191
LI007882,O005032,P0044,5.0,0.15
LI007883,O002419,P0086,4.0,0.177
LI007884,O006230,P0003,2.0,0.183
LI007885,O002208,P0038,5.0,0.137
LI007886,O005999,P0040,5.0,0.203
LI007887,O005832,P0087,2.0,0.146
LI007888,O003178,P0109,4.0,0.025
LI007889,O005511,P0120,2.0,0.247
LI007890,O002323,P0019,3.0,0.076
LI007891,O005409,P0040,1.0,0.241
LI007892,O002038,P0053,4.0,0.073
LI007893,O004354,P0119,5.0,0.213
LI007894,O000963,P0077,3.0,0.172
LI007895,O001244,P0036,4.0,0.089
LI007896,O000533,P0067,1.0,0.235
LI007897,O001870,P0086,5.0,0.146
LI007898,O003131,P0089,2.0,0.207
LI007899,O005480,P0020,1.0,0.199
LI007900,O001654,P0028,4.0,0.012
LI007901,O000113,P0057,5.0,0.067
LI007902,O001300,P0003,4.0,0.118
LI007903,O002305,P0086,1.0,0.233
LI007904,O004425,P0108,5.0,0.016
LI007905,O003307,P0037,1.0,0.046
LI007906,O004147,P0102,4.0,0.156
LI007907,O001702,P0018,5.0,0.163
LI007908,O003815,P0084,5.0,0.041
LI007909,O000221,P0046,5.0,0.237
LI007910,O002831,P0005,4.0,0.044
LI007911,O002644,P0107,3.0,0.046
LI007912,O005350,P0073,4.0,0.159
LI007913,O003881,P0093,2.0,0.105
LI007914,O004318,P0081,3.0,0.007
LI007915,O005039,P0076,4.0,0.23
LI007916,O005174,P0057,2.0,0.019
LI007917,O005751,P0026,1.0,0.039
LI007918,O003782,P0033,2.0,0.224
LI007919,O001959,P0097,5.0,0.069
LI007920,O001297,P0036,3.0,0.204
LI007921,O006342,P0093,4.0,0.043
LI007922,O006272,P0022,4.0,0.012
LI007923,O005724,P0082,5.0,0.059
LI007924,O001033,P0017,3.0,0.186
LI007925,O005083,P0044,3.0,0.166
LI007926,O004323,P0052,5.0,0.078
LI007927,O002606,P0088,3.0,0.158
LI007928,O006084,P0022,5.0,0.166
LI007929,O006359,P0108,2.0,0.141
LI007930,O003184,P0069,5.0,0.234
LI007931,O004951,P0001,4.0,0.198
LI007932,O003229,P0083,1.0,0.204
LI007933,O001476,P0030,2.0,0.106
LI007934,O002366,P0039,4.0,0.171
LI007935,O002408,P0079,2.0,0.046
LI007936,O000936,P0110,4.0,0.074
LI007937,O005054,P0035,3.0,0.126
LI007938,O002968,P0069,5.0,0.204
LI007939,O002950,P0070,4.0,0.084
LI007940,O005416,P0089,4.0,0.11
LI007941,O002246,P0011,3.0,0.239
LI007942,O005690,P0051,1.0,0.071
LI007943,O002638,P0063,1.0,0.155
LI007944,O004338,P0086,5.0,0.025
LI007945,O003951,P0034,3.0,0.103
LI007946,O002659,P0108,2.0,0.083
LI007947,O006150,P0055,4.0,0.003
LI007948,O001815,P0078,5.0,0.146
LI007949,O003284,P0073,1.0,0.083
LI007950,O001297,P0020,2.0,0.063
LI007951,O003156,P0080,3.0,0.223
LI007952,O001648,P0058,4.0,0.057
LI007953,O000360,P0081,4.0,0.101
LI007954,O003453,P0017,1.0,0.237
LI007955,O003612,P0034,1.0,0.02
LI007956,O001165,P0106,5.0,0.235
LI007957,O005630,P0075,4.0,0.098
LI007958,O003245,P0099,4.0,0.198
LI007959,O004026,P0062,4.0,0.089
LI007960,O006097,P0034,4.0,0.104
LI007961,O003701,P0100,2.0,0.109
LI007962,O000503,P0072,3.0,0.237
LI007963,O005686,P0019,2.0,0.138
LI007964,O006371,P0116,3.0,0.054
LI007965,O004205,P0114,2.0,0.153
LI007966,O004839,P0097,5.0,0.222
LI007967,O001344,P0120,3.0,0.054
LI007968,O003380,P0087,4.0,0.084
LI007969,O003813,P0066,3.0,0.143
LI007970,O000811,P0072,4.0,0.247
LI007971,O000786,P0093,5.0,0.116
LI007972,O000228,P0042,3.0,0.146
LI007973,O004948,P0051,1.0,0.034
LI007974,O000828,P0071,4.0,0.19
LI007975,O000379,P0049,3.0,0.055
LI007976,O005703,P0029,2.0,0.082
LI007977,O003812,P0095,3.0,0.177
LI007978,O002026,P0030,4.0,0.178
LI007979,O006257,P0099,1.0,0.08
LI007980,O003365,P0025,1.0,0.213
LI007981,O003377,P0111,2.0,0.199
LI007982,O002339,P0068,5.0,0.154
LI007983,O001129,P0113,1.0,0.045
LI007984,O006083,P0107,5.0,0.226
LI007985,O000291,P0062,4.0,0.132
LI007986,O003549,P0038,3.0,0.094
LI007987,O002725,P0017,5.0,0.232
LI007988,O000060,P0074,4.0,0.243
LI007989,O005432,P0001,4.0,0.179
LI007990,O004202,P0018,4.0,0.198
LI007991,O002671,P0063,2.0,0.062
LI007992,O006233,P0046,2.0,0.065
LI007993,O003340,P0019,5.0,0.142
LI007994,O002790,P0050,4.0,0.246
LI007995,O003655,P0120,5.0,0.186
LI007996,O003191,P0096,1.0,0.186
LI007997,O004996,P0054,5.0,0.064
LI007998,O002493,P0031,3.0,0.105
LI007999,O005549,P0097,4.0,0.086
LI008000,O005103,P0086,5.0,0.076
LI008001,O006066,P0065,2.0,0.183
LI008002,O004402,P0105,3.0,0.025
LI008003,O002663,P0046,5.0,0.041
LI008004,O000202,P0035,5.0,0.103
LI008005,O005143,P0108,5.0,0.076
LI008006,O003162,P0049,2.0,0.226
LI008007,O000471,P0081,5.0,0.05
LI008008,O003027,P0034,1.0,0.062
LI008009,O003357,P0029,1.0,0.045
LI008010,O003755,P0006,1.0,0.215
LI008011,O002357,P0001,5.0,0.051
LI008012,O003974,P0055,3.0,0.088
LI008013,O004829,P0027,2.0,0.167
LI008014,O002584,P0012,1.0,0.019
LI008015,O004472,P0004,1.0,0.204
LI008016,O003786,P0119,3.0,0.177
LI008017,O002547,P0080,1.0,0.065
LI008018,O002684,P0052,2.0,0.098
LI008019,O004238,P0011,3.0,0.155
LI008020,O003124,P0052,4.0,0.237
LI008021,O003142,P0084,2.0,0.157
LI008022,O002308,P0026,2.0,0.063
LI008023,O005818,P0028,5.0,0.121
LI008024,O006004,P0106,4.0,0.112
LI008025,O003791,P0072,4.0,0.133
LI008026,O005936,P0066,3.0,0.13
LI008027,O003111,P0104,1.0,0.091
LI008028,O000348,P0090,4.0,0.218
LI008029,O001602,P0027,3.0,0.083
LI008030,O003597,P0097,4.0,0.132
LI008031,O003778,P0055,2.0,0.065
LI008032,O004924,P0071,4.0,0.109
LI008033,O002554,P0054,1.0,0.17
LI008034,O004521,P0046,3.0,0.189
LI008035,O005920,P0036,1.0,0.202
LI008036,O005556,P0021,5.0,0.184
LI008037,O003779,P0049,1.0,0.117
LI008038,O000322,P0034,1.0,0.009
LI008039,O003662,P0087,3.0,0.131
LI008040,O002298,P0034,2.0,0.014
LI008041,O005864,P0040,4.0,0.242
LI008042,O000180,P0007,4.0,0.094
LI008043,O003966,P0090,3.0,0.126
LI008044,O005100,P0104,3.0,0.032
LI008045,O001713,P0052,2.0,0.249
LI008046,O000029,P0049,2.0,0.123
LI008047,O003568,P0119,5.0,0.075
LI008048,O002034,P0081,4.0,0.048
LI008049,O000738,P0095,4.0,0.162
LI008050,O003720,P0103,5.0,0.109
LI008051,O006331,P0089,3.0,0.079
LI008052,O000055,P0037,4.0,0.002
LI008053,O002926,P0062,1.0,0.009
LI008054,O001434,P0015,3.0,0.173
LI008055,O002065,P0002,3.0,0.12
LI008056,O003643,P0011,2.0,0.212
LI008057,O004184,P0096,5.0,0.188
LI008058,O003295,P0094,3.0,0.143
LI008059,O003856,P0017,2.0,0.14
LI008060,O005178,P0088,1.0,0.186
LI008061,O002752,P0045,1.0,0.185
LI008062,O003634,P0068,4.0,0.084
LI008063,O000725,P0120,5.0,0.026
LI008064,O001254,P0114,5.0,0.193
LI008065,O001178,P0061,2.0,0.056
LI008066,O001297,P0046,4.0,0.198
LI008067,O005166,P0032,5.0,0.155
LI008068,O000895,P0019,4.0,0.089
LI008069,O002500,P0067,2.0,0.213
LI008070,O001330,P0004,4.0,0.173
LI008071,O002475,P0025,3.0,0.136
LI008072,O006262,P0073,3.0,0.075
LI008073,O005118,P0021,3.0,0.247
LI008074,O002628,P0087,3.0,0.21
LI008075,O004347,P0110,1.0,0.034
LI008076,O002451,P0093,1.0,0.202
LI008077,O005862,P0094,5.0,0.03
LI008078,O002969,P0089,1.0,0.062
LI008079,O006344,P0113,4.0,0.239
LI008080,O001170,P0093,4.0,0.217
LI008081,O005171,P0098,1.0,0.152
LI008082,O003440,P0014,4.0,0.175
LI008083,O002368,P0022,5.0,0.022
LI008084,O004295,P0048,2.0,0.083
LI008085,O001465,P0051,1.0,0.081
LI008086,O002193,P0080,3.0,0.008
LI008087,O005179,P0011,4.0,0.176
LI008088,O001731,P0059,4.0,0.077
LI008089,O006287,P0014,2.0,0.158
LI008090,O003295,P0007,5.0,0.007
LI008091,O001124,P0069,4.0,0.0
LI008092,O004622,P0058,3.0,0.043
LI008093,O006266,P0040,2.0,0.176
LI008094,O001489,P0093,4.0,0.151
LI008095,O000265,P0081,3.0,0.05
LI008096,O002030,P0094,4.0,0.131
LI008097,O001244,P0025,3.0,0.155
LI008098,O003767,P0078,2.0,0.235
LI008099,O000396,P0042,5.0,0.191
LI008100,O001481,P0086,1.0,0.034
LI008101,O000108,P0044,1.0,0.068
LI008102,O003564,P0005,5.0,0.101
LI008103,O002907,P0104,4.0,0.026
LI008104,O004732,P0028,2.0,0.139
LI008105,O005580,P0076,3.0,0.227
LI008106,O005029,P0100,2.0,0.077
LI008107,O006036,P0060,5.0,0.246
LI008108,O003439,P0077,4.0,0.062
LI008109,O003197,P0021,4.0,0.118
LI008110,O001186,P0096,5.0,0.086
LI008111,O004132,P0049,2.0,0.077
LI008112,O003076,P0056,1.0,0.094
LI008113,O000413,P0057,2.0,0.008
LI008114,O003159,P0085,4.0,0.133
LI008115,O000483,P0061,4.0,0.185
LI008116,O002960,P0101,5.0,0.216
LI008117,O003848,P0038,2.0,0.081
LI008118,O000603,P0073,1.0,0.138
LI008119,O001082,P0101,2.0,0.223
LI008120,O005260,P0002,4.0,0.2
LI008121,O004268,P0003,2.0,0.116
LI008122,O004356,P0043,4.0,0.041
LI008123,O000025,P0074,4.0,0.14
LI008124,O000198,P0035,3.0,0.247
LI008125,O002627,P0073,1.0,0.189
LI008126,O000423,P0040,5.0,0.212
LI008127,O001142,P0112,1.0,0.047
LI008128,O002054,P0118,2.0,0.226
LI008129,O001121,P0096,3.0,0.004
LI008130,O004168,P0085,4.0,0.216
LI008131,O004528,P0058,1.0,0.06
LI008132,O004476,P0034,4.0,0.156
LI008133,O001794,P0025,4.0,0.073
LI008134,O004904,P0106,3.0,0.034
LI008135,O000056,P0056,1.0,0.062
LI008136,O005223,P0032,3.0,0.118
LI008137,O002264,P0110,4.0,0.23
LI008138,O000021,P0101,1.0,0.097
LI008139,O003699,P0022,4.0,0.014
LI008140,O006354,P0089,4.0,0.006
LI008141,O000291,P0065,1.0,0.052
LI008142,O001995,P0109,5.0,0.013
LI008143,O000835,P0100,3.0,0.093
LI008144,O004284,P0021,2.0,0.096
LI008145,O005271,P0105,4.0,0.243
LI008146,O006081,P0080,3.0,0.077
LI008147,O006335,P0096,3.0,0.15
LI008148,O004310,P0021,1.0,0.205
LI008149,O001915,P0117,1.0,0.128
LI008150,O002602,P0028,1.0,0.174
LI008151,O001502,P0019,3.0,0.244
LI008152,O003322,P0120,1.0,0.081
LI008153,O004689,P0014,2.0,0.019
LI008154,O004137,P0087,3.0,0.108
LI008155,O000020,P0024,1.0,0.135
LI008156,O001033,P0020,4.0,0.145
LI008157,O000825,P0032,3.0,0.185
LI008158,O005756,P0104,5.0,0.225
LI008159,O003275,P0074,5.0,0.125
LI008160,O006033,P0052,3.0,0.036
LI008161,O003662,P0065,3.0,0.101
LI008162,O003794,P0095,5.0,0.039
LI008163,O006162,P0052,4.0,0.046
LI008164,O000748,P0101,4.0,0.0
LI008165,O004082,P0058,4.0,0.232
LI008166,O002367,P0079,2.0,0.186
LI008167,O000968,P0104,2.0,0.025
LI008168,O003548,P0095,4.0,0.23
LI008169,O004348,P0092,5.0,0.218
LI008170,O004436,P0010,2.0,0.227
LI008171,O002799,P0070,1.0,0.024
LI008172,O003016,P0015,2.0,0.02
LI008173,O001805,P0047,5.0,0.017
LI008174,O002679,P0091,5.0,0.242
LI008175,O002024,P0010,3.0,0.165
LI008176,O000401,P0021,5.0,0.044
LI008177,O002419,P0019,4.0,0.232
LI008178,O006426,P0068,5.0,0.111
LI008179,O004433,P0022,2.0,0.196
LI008180,O001924,P0063,2.0,0.159
LI008181,O001369,P0038,2.0,0.162
LI008182,O002321,P0015,5.0,0.11
LI008183,O003325,P0070,4.0,0.099
LI008184,O001878,P0114,4.0,0.04
LI008185,O002688,P0075,3.0,0.018
LI008186,O001398,P0044,1.0,0.232
LI008187,O003676,P0030,4.0,0.234
LI008188,O001920,P0104,2.0,0.16
LI008189,O000006,P0024,3.0,0.097
LI008190,O005534,P0086,4.0,0.006
LI008191,O000586,P0094,4.0,0.112
LI008192,O001522,P0046,1.0,0.165
LI008193,O005176,P0004,1.0,0.075
LI008194,O003879,P0114,1.0,0.086
LI008195,O003470,P0006,4.0,0.118
LI008196,O000822,P0038,4.0,0.124
LI008197,O004334,P0026,2.0,0.186
LI008198,O003094,P0019,5.0,0.125
LI008199,O003113,P0002,1.0,0.211
LI008200,O000858,P0068,2.0,0.121
LI008201,O002306,P0120,2.0,0.008
LI008202,O006192,P0069,3.0,0.035
LI008203,O002551,P0047,2.0,0.18
LI008204,O002187,P0099,1.0,0.113
LI008205,O001226,P0029,5.0,0.115
LI008206,O002557,P0064,2.0,0.245
LI008207,O000654,P0080,4.0,0.143
LI008208,O001340,P0109,4.0,0.029
LI008209,O004557,P0012,2.0,0.108
LI008210,O002718,P0085,1.0,0.14
LI008211,O003393,P0073,5.0,0.009
LI008212,O005295,P0011,5.0,0.091
LI008213,O001063,P0008,1.0,0.242
LI008214,O006123,P0060,4.0,0.188
LI008215,O004529,P0026,4.0,0.093
LI008216,O002533,P0032,3.0,0.066
LI008217,O001609,P0039,2.0,0.071
LI008218,O001082,P0004,2.0,0.207
LI008219,O006106,P0098,4.0,0.1
LI008220,O002649,P0092,2.0,0.211
LI008221,O005905,P0089,1.0,0.227
LI008222,O005254,P0115,5.0,0.116
LI008223,O004751,P0118,3.0,0.236
LI008224,O005629,P0119,1.0,0.075
LI008225,O006083,P0044,1.0,0.065
LI008226,O002655,P0099,1.0,0.027
LI008227,O000156,P0083,2.0,0.061
LI008228,O004297,P0035,5.0,0.193
LI008229,O003070,P0051,3.0,0.101
LI008230,O001964,P0051,4.0,0.037
LI008231,O004595,P0103,1.0,0.027
LI008232,O005522,P0029,1.0,0.123
LI008233,O006304,P0078,1.0,0.135
LI008234,O001235,P0085,4.0,0.199
LI008235,O006143,P0036,2.0,0.179
LI008236,O001477,P0102,2.0,0.042
LI008237,O003756,P0078,5.0,0.069
LI008238,O000831,P0104,2.0,0.173
LI008239,O005068,P0114,2.0,0.045
LI008240,O005434,P0060,3.0,0.201
LI008241,O005502,P0015,3.0,0.164
LI008242,O006122,P0051,2.0,0.134
LI008243,O003729,P0050,3.0,0.161
LI008244,O006075,P0094,5.0,0.025
LI008245,O001343,P0111,2.0,0.137
LI008246,O002165,P0055,3.0,0.113
LI008247,O002745,P0012,4.0,0.128
LI008248,O004299,P0050,3.0,0.084
LI008249,O001845,P0062,3.0,0.117
LI008250,O005058,P0005,4.0,0.221
LI008251,O000462,P0027,5.0,0.086
LI008252,O005970,P0079,4.0,0.011
LI008253,O002992,P0090,5.0,0.064
LI008254,O001579,P0009,4.0,0.114
LI008255,O000201,P0104,5.0,0.133
LI008256,O000516,P0104,5.0,0.107
LI008257,O005872,P0035,1.0,0.207
LI008258,O005326,P0013,1.0,0.229
LI008259,O005451,P0109,3.0,0.122
LI008260,O004840,P0044,4.0,0.019
LI008261,O004971,P0111,5.0,0.105
LI008262,O006491,P0046,1.0,0.045
LI008263,O002397,P0097,3.0,0.071
LI008264,O003232,P0098,3.0,0.208
LI008265,O003697,P0119,3.0,0.134
LI008266,O001276,P0068,1.0,0.207
LI008267,O003294,P0077,2.0,0.246
LI008268,O001630,P0074,3.0,0.136
LI008269,O004019,P0053,2.0,0.228
LI008270,O004490,P0109,2.0,0.171
LI008271,O002017,P0001,2.0,0.025
LI008272,O005074,P0011,3.0,0.104
LI008273,O000167,P0050,5.0,0.165
LI008274,O000976,P0009,2.0,0.176
LI008275,O006125,P0038,1.0,0.215
LI008276,O004548,P0087,1.0,0.159
LI008277,O000860,P0013,2.0,0.023
LI008278,O003945,P0005,2.0,0.036
LI008279,O000210,P0025,2.0,0.082
LI008280,O004864,P0010,1.0,0.074
LI008281,O001609,P0005,4.0,0.055
LI008282,O000214,P0022,5.0,0.154
LI008283,O005898,P0042,4.0,0.107
LI008284,O003432,P0089,1.0,0.171
LI008285,O005783,P0101,1.0,0.097
LI008286,O000973,P0020,3.0,0.069
LI008287,O003800,P0028,4.0,0.138
LI008288,O005517,P0021,2.0,0.024
LI008289,O000304,P0011,2.0,0.247
LI008290,O001836,P0093,1.0,0.164
LI008291,O000861,P0069,3.0,0.031
LI008292,O004048,P0037,4.0,0.156
LI008293,O001856,P0049,3.0,0.019
LI008294,O003462,P0117,5.0,0.127
LI008295,O002168,P0069,3.0,0.073
LI008296,O005960,P0033,5.0,0.175
LI008297,O001634,P0045,4.0,0.122
LI008298,O002475,P0100,2.0,0.196
LI008299,O005664,P0008,5.0,0.057
LI008300,O005041,P0116,2.0,0.164
LI008301,O002378,P0119,3.0,0.172
LI008302,O005346,P0006,3.0,0.119
LI008303,O001751,P0015,4.0,0.215
LI008304,O002683,P0015,2.0,0.037
LI008305,O003412,P0117,4.0,0.19
LI008306,O004660,P0112,5.0,0.033
LI008307,O004276,P0009,3.0,0.039
LI008308,O004386,P0061,3.0,0.05
LI008309,O004283,P0056,3.0,0.165
LI008310,O000486,P0005,3.0,0.16
LI008311,O001361,P0026,3.0,0.111
LI008312,O000773,P0087,5.0,0.079
LI008313,O003778,P0080,5.0,0.153
LI008314,O001833,P0057,4.0,0.036
LI008315,O005154,P0103,1.0,0.157
LI008316,O001300,P0035,3.0,0.003
LI008317,O000182,P0010,3.0,0.036
LI008318,O001263,P0091,1.0,0.177
LI008319,O003906,P0080,4.0,0.218
LI008320,O005468,P0021,5.0,0.019
LI008321,O000146,P0012,3.0,0.16
LI008322,O005164,P0009,4.0,0.015
LI008323,O003943,P0016,1.0,0.22
LI008324,O001840,P0073,5.0,0.098
LI008325,O004595,P0120,5.0,0.185
LI008326,O000803,P0093,4.0,0.043
LI008327,O001999,P0054,2.0,0.215
LI008328,O003951,P0023,2.0,0.107
LI008329,O001319,P0039,2.0,0.052
LI008330,O006119,P0107,1.0,0.143
LI008331,O004627,P0113,2.0,0.072
LI008332,O003799,P0088,4.0,0.072
LI008333,O002259,P0022,5.0,0.029
LI008334,O002941,P0055,4.0,0.053
LI008335,O004062,P0031,4.0,0.199
LI008336,O005459,P0074,3.0,0.131
LI008337,O002053,P0047,1.0,0.089
LI008338,O006455,P0106,5.0,0.232
LI008339,O003853,P0027,3.0,0.199
LI008340,O006306,P0098,1.0,0.078
LI008341,O000216,P0048,5.0,0.028
LI008342,O000786,P0039,3.0,0.046
LI008343,O001636,P0088,2.0,0.169
LI008344,O006088,P0021,4.0,0.141
LI008345,O006081,P0015,2.0,0.245
LI008346,O002300,P0081,5.0,0.003
LI008347,O003753,P0118,3.0,0.219
LI008348,O003110,P0045,3.0,0.004
LI008349,O004324,P0019,3.0,0.106
LI008350,O006054,P0053,4.0,0.229
LI008351,O005005,P0089,3.0,0.165
LI008352,O005757,P0055,1.0,0.146
LI008353,O000285,P0104,1.0,0.078
LI008354,O003582,P0086,1.0,0.242
LI008355,O002011,P0105,2.0,0.042
LI008356,O002414,P0115,5.0,0.067
LI008357,O001644,P0049,2.0,0.113
LI008358,O001128,P0106,2.0,0.032
LI008359,O003473,P0078,4.0,0.106
LI008360,O001270,P0061,2.0,0.01
LI008361,O005797,P0060,4.0,0.231
LI008362,O006336,P0092,1.0,0.081
LI008363,O003779,P0076,1.0,0.158
LI008364,O000644,P0091,2.0,0.218
LI008365,O002779,P0116,2.0,0.205
LI008366,O000026,P0024,1.0,0.218
LI008367,O003323,P0086,3.0,0.18
LI008368,O002046,P0039,1.0,0.048
LI008369,O003938,P0061,3.0,0.092
LI008370,O004808,P0105,1.0,0.128
LI008371,O006337,P0114,5.0,0.084
LI008372,O001026,P0103,4.0,0.239
LI008373,O003831,P0100,4.0,0.202
LI008374,O005723,P0023,5.0,0.2
LI008375,O001069,P0072,3.0,0.09
LI008376,O000939,P0092,2.0,0.189
LI008377,O004099,P0114,2.0,0.154
LI008378,O001473,P0093,4.0,0.094
LI008379,O003648,P0079,2.0,0.077
LI008380,O005255,P0039,3.0,0.197
LI008381,O005411,P0072,2.0,0.149
LI008382,O002326,P0092,1.0,0.009
LI008383,O000176,P0097,5.0,0.005
LI008384,O006426,P0011,4.0,0.21
LI008385,O001144,P0042,2.0,0.022
LI008386,O005894,P0101,3.0,0.13
LI008387,O003511,P0025,2.0,0.152
LI008388,O004063,P0034,5.0,0.229
LI008389,O000951,P0022,1.0,0.129
LI008390,O004437,P0002,4.0,0.049
LI008391,O002745,P0051,4.0,0.065
LI008392,O000121,P0016,3.0,0.012
LI008393,O004671,P0011,1.0,0.056
LI008394,O001921,P0078,2.0,0.204
LI008395,O001685,P0096,2.0,0.189
LI008396,O005613,P0086,3.0,0.02
LI008397,O006420,P0069,1.0,0.12
LI008398,O000969,P0100,3.0,0.075
LI008399,O006173,P0087,5.0,0.162
LI008400,O005931,P0062,5.0,0.24
LI008401,O003809,P0019,2.0,0.158
LI008402,O004781,P0029,5.0,0.186
LI008403,O003316,P0042,3.0,0.1
LI008404,O006465,P0023,4.0,0.008
LI008405,O004739,P0060,5.0,0.105
LI008406,O006496,P0073,3.0,0.128
LI008407,O001105,P0018,4.0,0.123
LI008408,O005413,P0095,4.0,0.058
LI008409,O004390,P0101,5.0,0.119
LI008410,O005617,P0081,1.0,0.179
LI008411,O002506,P0055,5.0,0.078
LI008412,O004843,P0018,5.0,0.159
LI008413,O003885,P0027,1.0,0.038
LI008414,O000733,P0085,5.0,0.07
LI008415,O001582,P0001,3.0,0.221
LI008416,O003680,P0096,1.0,0.157
LI008417,O003853,P0014,3.0,0.021
LI008418,O002428,P0059,4.0,0.066
LI008419,O000324,P0110,1.0,0.248
LI008420,O003700,P0078,4.0,0.068
LI008421,O005182,P0033,2.0,0.145
LI008422,O002993,P0036,2.0,0.138
LI008423,O000362,P0119,3.0,0.101
LI008424,O002101,P0039,4.0,0.008
LI008425,O004498,P0120,4.0,0.071
LI008426,O005683,P0076,1.0,0.238
LI008427,O004777,P0045,2.0,0.005
LI008428,O001893,P0025,3.0,0.179
LI008429,O005089,P0015,3.0,0.223
LI008430,O002755,P0020,1.0,0.191
LI008431,O001473,P0034,1.0,0.081
LI008432,O001107,P0058,3.0,0.13
LI008433,O002427,P0060,1.0,0.217
LI008434,O005029,P0078,4.0,0.244
LI008435,O001804,P0030,3.0,0.024
LI008436,O002028,P0108,5.0,0.031
LI008437,O000081,P0013,2.0,0.239
LI008438,O002969,P0078,2.0,0.218
LI008439,O002542,P0093,5.0,0.053
LI008440,O005356,P0090,5.0,0.243
LI008441,O003740,P0067,4.0,0.052
LI008442,O002989,P0089,3.0,0.022
LI008443,O004837,P0091,1.0,0.17
LI008444,O005777,P0045,2.0,0.135
LI008445,O000325,P0040,5.0,0.06
LI008446,O005176,P0080,3.0,0.232
LI008447,O002362,P0038,1.0,0.101
LI008448,O001235,P0075,2.0,0.101
LI008449,O000103,P0093,3.0,0.158
LI008450,O004913,P0047,2.0,0.058
LI008451,O000747,P0115,4.0,0.147
LI008452,O006182,P0088,2.0,0.091
LI008453,O004909,P0029,4.0,0.174
LI008454,O003692,P0034,4.0,0.062
LI008455,O003486,P0011,4.0,0.046
LI008456,O001248,P0020,1.0,0.062
LI008457,O003065,P0020,1.0,0.234
LI008458,O005413,P0073,4.0,0.212
LI008459,O001720,P0056,3.0,0.207
LI008460,O002203,P0023,4.0,0.195
LI008461,O005152,P0100,3.0,0.159
LI008462,O003306,P0119,2.0,0.025
LI008463,O006027,P0113,1.0,0.081
LI008464,O002537,P0091,3.0,0.14
LI008465,O005882,P0088,3.0,0.026
LI008466,O005453,P0104,3.0,0.008
LI008467,O003486,P0025,5.0,0.023
LI008468,O001790,P0089,1.0,0.027
LI008469,O005778,P0112,5.0,0.027
LI008470,O001765,P0033,2.0,0.048
LI008471,O006384,P0031,3.0,0.125
LI008472,O003358,P0074,1.0,0.071
LI008473,O006490,P0103,1.0,0.215
LI008474,O005495,P0079,1.0,0.219
LI008475,O006160,P0001,3.0,0.23
LI008476,O004683,P0054,4.0,0.118
LI008477,O002998,P0016,4.0,0.194
LI008478,O000260,P0085,4.0,0.148
LI008479,O001919,P0059,5.0,0.036
LI008480,O005519,P0066,3.0,0.159
LI008481,O006043,P0003,2.0,0.209
LI008482,O001787,P0015,5.0,0.087
LI008483,O000100,P0032,1.0,0.187
LI008484,O003906,P0120,4.0,0.194
LI008485,O002343,P0050,1.0,0.161
LI008486,O003234,P0111,5.0,0.221
LI008487,O005025,P0091,4.0,0.036
LI008488,O003250,P0100,3.0,0.211
LI008489,O005564,P0099,4.0,0.153
LI008490,O000328,P0060,4.0,0.214
LI008491,O001352,P0103,4.0,0.133
LI008492,O002812,P0088,5.0,0.082
LI008493,O005162,P0116,4.0,0.224
LI008494,O002290,P0118,5.0,0.219
LI008495,O001366,P0115,1.0,0.067
LI008496,O003163,P0119,3.0,0.186
LI008497,O003100,P0008,4.0,0.023
LI008498,O004555,P0007,5.0,0.021
LI008499,O003703,P0004,4.0,0.128
LI008500,O001409,P0094,4.0,0.009
LI008501,O001511,P0010,4.0,0.108
LI008502,O000220,P0060,2.0,0.198
LI008503,O004955,P0025,3.0,0.222
LI008504,O006408,P0042,3.0,0.064
LI008505,O002169,P0047,5.0,0.019
LI008506,O005400,P0096,1.0,0.158
LI008507,O003187,P0120,1.0,0.066
LI008508,O003240,P0118,1.0,0.006
LI008509,O004531,P0096,4.0,0.033
LI008510,O001270,P0114,5.0,0.235
LI008511,O004376,P0032,4.0,0.219
LI008512,O003818,P0074,2.0,0.207
LI008513,O000068,P0119,5.0,0.085
LI008514,O001672,P0073,5.0,0.179
LI008515,O000743,P0025,5.0,0.239
LI008516,O005384,P0089,2.0,0.142
LI008517,O002013,P0105,5.0,0.083
LI008518,O001706,P0118,2.0,0.2
LI008519,O001447,P0016,1.0,0.108
LI008520,O003070,P0049,5.0,0.144
LI008521,O000291,P0016,4.0,0.135
LI008522,O006313,P0094,3.0,0.054
LI008523,O005582,P0038,2.0,0.0
LI008524,O003680,P0005,1.0,0.25
LI008525,O003911,P0007,1.0,0.104
LI008526,O004652,P0077,3.0,0.071
LI008527,O000353,P0008,5.0,0.191
LI008528,O001264,P0033,4.0,0.148
LI008529,O001827,P0062,3.0,0.22
LI008530,O004379,P0074,5.0,0.195
LI008531,O001606,P0116,5.0,0.07
LI008532,O003837,P0084,2.0,0.148
LI008533,O003399,P0032,4.0,0.126
LI008534,O004552,P0093,4.0,0.239
LI008535,O003007,P0001,2.0,0.06
LI008536,O001005,P0091,5.0,0.071
LI008537,O005968,P0020,5.0,0.23
LI008538,O006429,P0055,4.0,0.114
LI008539,O002079,P0063,4.0,0.114
LI008540,O002496,P0078,4.0,0.217
LI008541,O002262,P0079,4.0,0.074
LI008542,O003765,P0006,5.0,0.174
LI008543,O001738,P0052,4.0,0.18
LI008544,O003097,P0002,5.0,0.111
LI008545,O002445,P0093,2.0,0.083
LI008546,O000337,P0039,1.0,0.187
LI008547,O002984,P0120,2.0,0.064
LI008548,O000968,P0032,2.0,0.205
LI008549,O004999,P0116,3.0,0.104
LI008550,O000672,P0051,2.0,0.005
LI008551,O001304,P0069,3.0,0.142
LI008552,O004865,P0086,3.0,0.049
LI008553,O002671,P0092,3.0,0.117
LI008554,O002607,P0032,2.0,0.202
LI008555,O001715,P0093,1.0,0.048
LI008556,O002596,P0104,3.0,0.052
LI008557,O002971,P0003,4.0,0.118
LI008558,O003270,P0062,4.0,0.119
LI008559,O002602,P0095,5.0,0.113
LI008560,O000479,P0013,4.0,0.174
LI008561,O000844,P0070,4.0,0.067
LI008562,O001626,P0021,3.0,0.065
LI008563,O001881,P0061,2.0,0.006
LI008564,O003652,P0119,4.0,0.095
LI008565,O002118,P0014,2.0,0.049
LI008566,O000505,P0089,1.0,0.148
LI008567,O000110,P0071,4.0,0.045
LI008568,O001406,P0107,1.0,0.224
LI008569,O004493,P0022,1.0,0.212
LI008570,O003481,P0032,5.0,0.191
LI008571,O000351,P0041,2.0,0.202
LI008572,O001558,P0032,2.0,0.24
LI008573,O003043,P0042,5.0,0.08
LI008574,O002837,P0052,3.0,0.245
LI008575,O003629,P0094,5.0,0.223
LI008576,O005018,P0081,5.0,0.09
LI008577,O002042,P0104,5.0,0.216
LI008578,O000111,P0054,1.0,0.224
LI008579,O004305,P0102,2.0,0.009
LI008580,O001766,P0062,3.0,0.219
LI008581,O001202,P0085,4.0,0.108
LI008582,O002979,P0090,4.0,0.203
LI008583,O005882,P0043,4.0,0.028
LI008584,O002473,P0003,3.0,0.043
LI008585,O002376,P0038,4.0,0.245
LI008586,O006004,P0081,3.0,0.104
LI008587,O000011,P0039,4.0,0.2
LI008588,O004952,P0070,4.0,0.188
LI008589,O005355,P0085,3.0,0.197
LI008590,O002302,P0045,2.0,0.191
LI008591,O001590,P0046,3.0,0.228
LI008592,O001502,P0115,3.0,0.148
LI008593,O000129,P0104,5.0,0.106
LI008594,O003604,P0013,1.0,0.231
LI008595,O004196,P0052,1.0,0.089
LI008596,O000290,P0009,2.0,0.158
LI008597,O005689,P0057,2.0,0.214
LI008598,O001677,P0069,2.0,0.229
LI008599,O005245,P0043,1.0,0.237
LI008600,O001845,P0007,2.0,0.165
LI008601,O003636,P0102,2.0,0.18
LI008602,O002694,P0044,3.0,0.124
LI008603,O001828,P0044,3.0,0.071
LI008604,O004761,P0102,1.0,0.004
LI008605,O001371,P0095,3.0,0.056
LI008606,O004794,P0068,2.0,0.245
LI008607,O003823,P0077,3.0,0.202
LI008608,O000183,P0044,5.0,0.12
LI008609,O000351,P0079,3.0,0.086
LI008610,O003587,P0040,1.0,0.016
LI008611,O005916,P0077,2.0,0.003
LI008612,O001402,P0043,2.0,0.189
LI008613,O002756,P0107,1.0,0.246
LI008614,O005585,P0062,3.0,0.063
LI008615,O004774,P0043,2.0,0.069
LI008616,O002850,P0090,2.0,0.234
LI008617,O004436,P0019,5.0,0.151
LI008618,O003213,P0117,1.0,0.043
LI008619,O004207,P0049,3.0,0.011
LI008620,O006405,P0065,3.0,0.141
LI008621,O003968,P0077,2.0,0.113
LI008622,O005308,P0025,4.0,0.108
LI008623,O003928,P0084,5.0,0.242
LI008624,O003430,P0041,5.0,0.066
LI008625,O005817,P0023,5.0,0.122
LI008626,O005919,P0058,2.0,0.053
LI008627,O005826,P0088,1.0,0.08
LI008628,O003489,P0043,1.0,0.191
LI008629,O001896,P0105,5.0,0.049
LI008630,O002909,P0113,4.0,0.169
LI008631,O001412,P0103,4.0,0.032
LI008632,O005458,P0040,3.0,0.048
LI008633,O003383,P0030,4.0,0.006
LI008634,O001944,P0034,5.0,0.158
LI008635,O004000,P0110,3.0,0.248
LI008636,O005449,P0010,5.0,0.164
LI008637,O003119,P0105,1.0,0.231
LI008638,O000656,P0060,5.0,0.132
LI008639,O006293,P0001,3.0,0.17
LI008640,O000350,P0012,5.0,0.231
LI008641,O006467,P0046,2.0,0.022
LI008642,O003999,P0115,3.0,0.149
LI008643,O001144,P0093,4.0,0.144
LI008644,O005101,P0075,1.0,0.008
LI008645,O000398,P0105,4.0,0.039
LI008646,O000646,P0017,5.0,0.138
LI008647,O004509,P0084,4.0,0.124
LI008648,O004133,P0058,3.0,0.086
LI008649,O002235,P0038,2.0,0.174
LI008650,O004516,P0006,4.0,0.09
LI008651,O002773,P0062,5.0,0.192
LI008652,O001484,P0084,4.0,0.202
LI008653,O002235,P0074,4.0,0.161
LI008654,O005198,P0010,3.0,0.07
LI008655,O001984,P0095,5.0,0.201
LI008656,O001963,P0026,5.0,0.063
LI008657,O005494,P0058,2.0,0.076
LI008658,O000810,P0017,3.0,0.152
LI008659,O006474,P0053,3.0,0.172
LI008660,O003197,P0078,1.0,0.093
LI008661,O005054,P0005,2.0,0.148
LI008662,O004416,P0067,2.0,0.062
LI008663,O000514,P0107,5.0,0.199
LI008664,O000334,P0115,5.0,0.248
LI008665,O005191,P0020,2.0,0.175
LI008666,O002513,P0051,3.0,0.08
LI008667,O004096,P0046,1.0,0.087
LI008668,O004820,P0079,5.0,0.008
LI008669,O000008,P0067,1.0,0.162
LI008670,O005816,P0003,2.0,0.15
LI008671,O002004,P0023,3.0,0.239
LI008672,O004260,P0009,1.0,0.101
LI008673,O004877,P0011,4.0,0.233
LI008674,O005415,P0047,2.0,0.19
LI008675,O002129,P0049,3.0,0.072
LI008676,O001299,P0120,2.0,0.004
LI008677,O005017,P0044,2.0,0.182
LI008678,O002947,P0113,1.0,0.124
LI008679,O005737,P0105,1.0,0.24
LI008680,O001845,P0013,4.0,0.006
LI008681,O003612,P0008,5.0,0.13
LI008682,O005687,P0063,4.0,0.197
LI008683,O003066,P0022,3.0,0.197
LI008684,O001103,P0038,3.0,0.168
LI008685,O000680,P0027,2.0,0.099
LI008686,O005348,P0026,1.0,0.017
LI008687,O004534,P0023,2.0,0.075
LI008688,O003370,P0120,5.0,0.163
LI008689,O004048,P0103,2.0,0.193
LI008690,O005042,P0095,3.0,0.204
LI008691,O005380,P0093,3.0,0.194
LI008692,O002824,P0065,4.0,0.081
LI008693,O000010,P0074,2.0,0.174
LI008694,O004254,P0047,1.0,0.242
LI008695,O002832,P0061,5.0,0.034
LI008696,O005278,P0046,5.0,0.183
LI008697,O006464,P0004,1.0,0.102
LI008698,O003948,P0031,5.0,0.056
LI008699,O005322,P0004,1.0,0.08
LI008700,O004217,P0029,1.0,0.042
LI008701,O002187,P0073,4.0,0.204
LI008702,O000674,P0079,2.0,0.097
LI008703,O002028,P0044,3.0,0.234
LI008704,O005380,P0105,3.0,0.242
LI008705,O001457,P0003,2.0,0.241
LI008706,O000044,P0059,5.0,0.039
LI008707,O004912,P0079,1.0,0.087
LI008708,O005475,P0053,3.0,0.078
LI008709,O004194,P0011,4.0,0.231
LI008710,O003610,P0006,5.0,0.022
LI008711,O001895,P0047,4.0,0.147
LI008712,O003782,P0007,3.0,0.121
LI008713,O002287,P0115,2.0,0.244
LI008714,O004571,P0110,2.0,0.241
LI008715,O002572,P0068,4.0,0.106
LI008716,O001416,P0085,5.0,0.11
LI008717,O000009,P0001,3.0,0.096
LI008718,O005633,P0056,1.0,0.197
LI008719,O005509,P0087,2.0,0.025
LI008720,O001863,P0077,4.0,0.029
LI008721,O001234,P0043,3.0,0.176
LI008722,O003126,P0028,5.0,0.004
LI008723,O004712,P0029,1.0,0.168
LI008724,O006296,P0018,1.0,0.032
LI008725,O002458,P0087,2.0,0.197
LI008726,O000010,P0092,1.0,0.185
LI008727,O003005,P0073,3.0,0.046
LI008728,O004648,P0117,2.0,0.189
LI008729,O004976,P0062,2.0,0.198
LI008730,O000268,P0107,2.0,0.231
LI008731,O003862,P0006,3.0,0.181
LI008732,O002715,P0016,4.0,0.217
LI008733,O004547,P0101,1.0,0.159
LI008734,O002642,P0001,1.0,0.156
LI008735,O003807,P0022,4.0,0.169
LI008736,O001392,P0046,2.0,0.102
LI008737,O001083,P0062,5.0,0.057
LI008738,O000294,P0023,3.0,0.103
LI008739,O004080,P0021,2.0,0.148
LI008740,O002836,P0051,2.0,0.173
LI008741,O005048,P0095,2.0,0.114
LI008742,O004965,P0038,1.0,0.083
LI008743,O004206,P0028,1.0,0.062
LI008744,O005662,P0044,5.0,0.046
LI008745,O002155,P0091,3.0,0.119
LI008746,O005109,P0039,2.0,0.177
LI008747,O002345,P0042,1.0,0.207
LI008748,O003924,P0042,4.0,0.086
LI008749,O001855,P0060,1.0,0.153
LI008750,O006085,P0057,2.0,0.119
LI008751,O003869,P0077,2.0,0.242
LI008752,O003791,P0096,1.0,0.221
LI008753,O003033,P0007,4.0,0.221
LI008754,O000845,P0051,4.0,0.145
LI008755,O001708,P0097,2.0,0.109
LI008756,O006223,P0111,1.0,0.163
LI008757,O002008,P0110,3.0,0.04
LI008758,O001274,P0077,3.0,0.221
LI008759,O004435,P0032,2.0,0.068
LI008760,O002105,P0007,4.0,0.207
LI008761,O002968,P0076,3.0,0.075
LI008762,O004243,P0040,1.0,0.131
LI008763,O004842,P0015,5.0,0.193
LI008764,O005137,P0059,5.0,0.098
LI008765,O001213,P0113,4.0,0.09
LI008766,O002296,P0085,5.0,0.222
LI008767,O002198,P0012,1.0,0.017
LI008768,O004810,P0077,2.0,0.21
LI008769,O003285,P0104,2.0,0.232
LI008770,O002265,P0042,1.0,0.141
LI008771,O001611,P0039,2.0,0.174
LI008772,O001419,P0063,1.0,0.215
LI008773,O001787,P0002,1.0,0.109
LI008774,O004400,P0029,5.0,0.22
LI008775,O005678,P0061,5.0,0.093
LI008776,O003483,P0112,4.0,0.077
LI008777,O001878,P0029,5.0,0.246
LI008778,O002908,P0100,2.0,0.008
LI008779,O000380,P0038,5.0,0.08
LI008780,O003301,P0007,1.0,0.115
LI008781,O000694,P0030,5.0,0.078
LI008782,O003577,P0087,2.0,0.071
LI008783,O005715,P0115,4.0,0.093
LI008784,O006289,P0092,3.0,0.1
LI008785,O004146,P0056,1.0,0.018
LI008786,O001448,P0087,2.0,0.194
LI008787,O002391,P0036,2.0,0.042
LI008788,O001756,P0042,3.0,0.01
LI008789,O003085,P0093,4.0,0.148
LI008790,O001880,P0004,1.0,0.167
LI008791,O002810,P0084,4.0,0.19
LI008792,O000848,P0005,3.0,0.022
LI008793,O002972,P0046,1.0,0.043
LI008794,O004062,P0075,5.0,0.046
LI008795,O001196,P0002,4.0,0.148
LI008796,O001513,P0105,5.0,0.222
LI008797,O003903,P0054,1.0,0.177
LI008798,O005479,P0108,3.0,0.079
LI008799,O006333,P0088,5.0,0.213
LI008800,O005649,P0059,5.0,0.167
LI008801,O003321,P0033,2.0,0.172
LI008802,O002458,P0022,1.0,0.239
LI008803,O003463,P0047,3.0,0.238
LI008804,O003451,P0006,2.0,0.096
LI008805,O000227,P0024,4.0,0.159
LI008806,O001808,P0093,3.0,0.051
LI008807,O004309,P0049,2.0,0.103
LI008808,O000419,P0096,4.0,0.068
LI008809,O001876,P0117,3.0,0.092
LI008810,O003156,P0111,2.0,0.169
LI008811,O000919,P0094,3.0,0.053
LI008812,O004873,P0110,5.0,0.045
LI008813,O004055,P0051,2.0,0.095
LI008814,O005650,P0118,5.0,0.025
LI008815,O006365,P0041,2.0,0.203
LI008816,O003819,P0067,5.0,0.24
LI008817,O004272,P0089,1.0,0.2
LI008818,O002632,P0092,5.0,0.133
LI008819,O003675,P0079,1.0,0.169
LI008820,O001346,P0081,3.0,0.201
LI008821,O004631,P0002,4.0,0.017
LI008822,O005514,P0091,4.0,0.105
LI008823,O001830,P0100,4.0,0.036
LI008824,O001664,P0078,1.0,0.023
LI008825,O004420,P0043,4.0,0.19
LI008826,O000085,P0032,4.0,0.215
LI008827,O003813,P0012,5.0,0.021
LI008828,O000887,P0023,4.0,0.045
LI008829,O003340,P0016,1.0,0.055
LI008830,O004208,P0044,5.0,0.214
LI008831,O002676,P0002,1.0,0.228
LI008832,O005045,P0007,2.0,0.191
LI008833,O002798,P0021,4.0,0.199
LI008834,O005518,P0058,1.0,0.086
LI008835,O004148,P0095,1.0,0.102
LI008836,O002132,P0023,5.0,0.07
LI008837,O003695,P0060,2.0,0.24
LI008838,O002760,P0025,2.0,0.182
LI008839,O002779,P0035,4.0,0.085
LI008840,O000741,P0099,3.0,0.034
LI008841,O002877,P0045,3.0,0.049
LI008842,O004521,P0007,5.0,0.051
LI008843,O005141,P0069,4.0,0.154
LI008844,O001712,P0032,5.0,0.226
LI008845,O000056,P0053,4.0,0.217
LI008846,O003363,P0069,2.0,0.017
LI008847,O002860,P0025,3.0,0.177
LI008848,O000807,P0095,1.0,0.042
LI008849,O003057,P0084,3.0,0.078
LI008850,O004751,P0086,4.0,0.136
LI008851,O001007,P0102,3.0,0.21
LI008852,O005004,P0077,1.0,0.059
LI008853,O004104,P0103,2.0,0.218
LI008854,O006268,P0002,2.0,0.184
LI008855,O001782,P0086,4.0,0.169
LI008856,O005221,P0061,3.0,0.033
LI008857,O000990,P0009,4.0,0.119
LI008858,O003934,P0051,3.0,0.069
LI008859,O003165,P0002,5.0,0.147
LI008860,O005200,P0045,4.0,0.168
LI008861,O003370,P0032,3.0,0.016
LI008862,O002079,P0072,5.0,0.161
LI008863,O000378,P0080,4.0,0.125
LI008864,O002378,P0097,2.0,0.21
LI008865,O006046,P0075,5.0,0.198
LI008866,O005419,P0032,4.0,0.103
LI008867,O000282,P0008,1.0,0.244
LI008868,O005132,P0096,2.0,0.147
LI008869,O004735,P0085,5.0,0.241
LI008870,O002920,P0089,3.0,0.18
LI008871,O004165,P0020,1.0,0.102
LI008872,O003595,P0065,3.0,0.058
LI008873,O001839,P0021,1.0,0.116
LI008874,O006167,P0007,4.0,0.234
LI008875,O004433,P0089,4.0,0.033
LI008876,O002893,P0009,3.0,0.115
LI008877,O006353,P0086,3.0,0.087
LI008878,O000215,P0002,3.0,0.217
LI008879,O004731,P0117,5.0,0.201
LI008880,O004519,P0019,2.0,0.138
LI008881,O002121,P0060,3.0,0.104
LI008882,O003794,P0070,4.0,0.171
LI008883,O002871,P0059,4.0,0.238
LI008884,O000786,P0069,3.0,0.025
LI008885,O000938,P0045,3.0,0.225
LI008886,O005868,P0062,4.0,0.074
LI008887,O001690,P0010,5.0,0.001
LI008888,O005394,P0065,1.0,0.185
LI008889,O003712,P0026,4.0,0.197
LI008890,O001257,P0090,1.0,0.076
LI008891,O003113,P0060,3.0,0.195
LI008892,O006433,P0018,2.0,0.2
LI008893,O004535,P0059,3.0,0.169
LI008894,O001338,P0021,3.0,0.01
LI008895,O005630,P0046,3.0,0.167
LI008896,O005514,P0012,4.0,0.233
LI008897,O006172,P0102,4.0,0.155
LI008898,O000270,P0078,2.0,0.092
LI008899,O001491,P0113,1.0,0.141
LI008900,O006042,P0032,1.0,0.248
LI008901,O002122,P0039,1.0,0.118
LI008902,O001681,P0099,3.0,0.21
LI008903,O004770,P0081,2.0,0.035
LI008904,O006390,P0055,3.0,0.014
LI008905,O003854,P0055,2.0,0.098
LI008906,O000410,P0010,5.0,0.034
LI008907,O001442,P0035,4.0,0.083
LI008908,O002259,P0080,3.0,0.179
LI008909,O000792,P0006,5.0,0.111
LI008910,O005343,P0068,1.0,0.08
LI008911,O000360,P0062,5.0,0.223
LI008912,O004678,P0116,4.0,0.002
LI008913,O005140,P0009,4.0,0.204
LI008914,O000423,P0029,4.0,0.155
LI008915,O000121,P0071,5.0,0.012
LI008916,O002221,P0080,1.0,0.009
LI008917,O004130,P0006,3.0,0.043
LI008918,O002966,P0044,1.0,0.244
LI008919,O000071,P0064,2.0,0.021
LI008920,O004641,P0067,2.0,0.185
LI008921,O005064,P0044,3.0,0.1
LI008922,O003693,P0116,4.0,0.059
LI008923,O004631,P0078,3.0,0.144
LI008924,O003730,P0014,5.0,0.092
LI008925,O000014,P0009,4.0,0.078
LI008926,O005426,P0100,3.0,0.06
LI008927,O003901,P0023,3.0,0.114
LI008928,O003620,P0057,5.0,0.042
LI008929,O000271,P0116,5.0,0.213
LI008930,O005893,P0057,1.0,0.148
LI008931,O003125,P0015,2.0,0.016
LI008932,O005614,P0064,3.0,0.114
LI008933,O001584,P0007,1.0,0.157
LI008934,O004559,P0020,4.0,0.215
LI008935,O000523,P0064,4.0,0.006
LI008936,O002818,P0019,2.0,0.114
LI008937,O004951,P0006,4.0,0.176
LI008938,O002840,P0051,2.0,0.049
LI008939,O006142,P0039,4.0,0.055
LI008940,O000443,P0065,4.0,0.122
LI008941,O006395,P0071,3.0,0.221
LI008942,O006304,P0099,5.0,0.1
LI008943,O002084,P0025,3.0,0.121
LI008944,O002928,P0102,1.0,0.159
LI008945,O001222,P0023,5.0,0.078
LI008946,O003450,P0089,3.0,0.217
LI008947,O002441,P0102,5.0,0.24
LI008948,O005324,P0058,5.0,0.163
LI008949,O006188,P0011,5.0,0.16
LI008950,O002363,P0034,4.0,0.168
LI008951,O004504,P0031,5.0,0.048
LI008952,O000895,P0038,4.0,0.183
LI008953,O003903,P0118,5.0,0.087
LI008954,O002254,P0114,4.0,0.248
LI008955,O005361,P0119,5.0,0.188
LI008956,O006185,P0046,1.0,0.146
LI008957,O002011,P0012,3.0,0.228
LI008958,O005483,P0009,5.0,0.243
LI008959,O004994,P0013,1.0,0.205
LI008960,O004191,P0064,3.0,0.189
LI008961,O004636,P0020,2.0,0.015
LI008962,O003216,P0059,5.0,0.177
LI008963,O006203,P0085,2.0,0.084
LI008964,O004605,P0022,3.0,0.232
LI008965,O002561,P0065,3.0,0.153
LI008966,O002847,P0104,5.0,0.093
LI008967,O001046,P0060,1.0,0.085
LI008968,O004834,P0041,5.0,0.139
LI008969,O005324,P0081,1.0,0.123
LI008970,O002935,P0045,5.0,0.098
LI008971,O000471,P0004,1.0,0.052
LI008972,O004380,P0070,4.0,0.199
LI008973,O000372,P0045,1.0,0.108
LI008974,O005618,P0058,1.0,0.025
LI008975,O003404,P0113,3.0,0.021
LI008976,O006273,P0083,2.0,0.06
LI008977,O001404,P0094,5.0,0.138
LI008978,O004603,P0023,3.0,0.037
LI008979,O003947,P0032,2.0,0.054
LI008980,O004076,P0063,3.0,0.125
LI008981,O005215,P0120,3.0,0.054
LI008982,O004674,P0093,5.0,0.215
LI008983,O005297,P0008,4.0,0.148
LI008984,O002521,P0085,3.0,0.021
LI008985,O001008,P0081,5.0,0.035
LI008986,O003347,P0081,1.0,0.049
LI008987,O000668,P0120,2.0,0.157
LI008988,O001447,P0085,5.0,0.026
LI008989,O003967,P0079,4.0,0.011
LI008990,O001908,P0091,5.0,0.182
LI008991,O002368,P0025,5.0,0.12
LI008992,O002106,P0033,1.0,0.212
LI008993,O004369,P0066,2.0,0.198
LI008994,O005318,P0116,2.0,0.068
LI008995,O003030,P0106,4.0,0.048
LI008996,O000041,P0016,2.0,0.129
LI008997,O004834,P0055,1.0,0.02
LI008998,O005893,P0036,4.0,0.158
LI008999,O005365,P0072,1.0,0.003
LI009000,O004805,P0080,1.0,0.201
LI009001,O006380,P0007,5.0,0.223
LI009002,O000126,P0069,5.0,0.249
LI009003,O000778,P0087,5.0,0.086
LI009004,O000836,P0008,3.0,0.14
LI009005,O006284,P0003,1.0,0.216
LI009006,O000879,P0035,2.0,0.116
LI009007,O004490,P0114,4.0,0.082
LI009008,O004924,P0036,3.0,0.012
LI009009,O006271,P0100,5.0,0.099
LI009010,O006040,P0079,3.0,0.02
LI009011,O000837,P0030,3.0,0.091
LI009012,O000525,P0015,1.0,0.086
LI009013,O001252,P0093,1.0,0.162
LI009014,O004242,P0068,2.0,0.092
LI009015,O000735,P0098,4.0,0.096
LI009016,O006020,P0087,4.0,0.072
LI009017,O000169,P0058,5.0,0.152
LI009018,O005658,P0099,2.0,0.097
LI009019,O001149,P0028,4.0,0.237
LI009020,O000300,P0095,3.0,0.223
LI009021,O003322,P0042,3.0,0.059
LI009022,O005034,P0097,4.0,0.101
LI009023,O000522,P0018,3.0,0.159
LI009024,O006249,P0005,3.0,0.004
LI009025,O000618,P0009,5.0,0.057
LI009026,O005065,P0084,3.0,0.071
LI009027,O003585,P0102,4.0,0.101
LI009028,O001718,P0115,1.0,0.222
LI009029,O006032,P0009,3.0,0.024
LI009030,O004602,P0018,4.0,0.016
LI009031,O000302,P0056,3.0,0.166
LI009032,O000653,P0015,2.0,0.091
LI009033,O003302,P0079,5.0,0.044
LI009034,O004160,P0078,1.0,0.175
LI009035,O002638,P0062,3.0,0.061
LI009036,O002280,P0035,4.0,0.141
LI009037,O001623,P0040,1.0,0.102
LI009038,O004415,P0051,3.0,0.09
LI009039,O001682,P0107,2.0,0.18
LI009040,O004925,P0060,4.0,0.153
LI009041,O000092,P0100,5.0,0.128
LI009042,O003707,P0111,3.0,0.032
LI009043,O000961,P0056,4.0,0.146
LI009044,O004160,P0106,3.0,0.173
LI009045,O000844,P0084,5.0,0.204
LI009046,O000219,P0075,2.0,0.075
LI009047,O000704,P0041,5.0,0.066
LI009048,O004715,P0054,5.0,0.187
LI009049,O006029,P0017,5.0,0.117
LI009050,O000247,P0105,1.0,0.101
LI009051,O005060,P0025,4.0,0.04
LI009052,O005593,P0093,3.0,0.109
LI009053,O004038,P0087,2.0,0.182
LI009054,O005110,P0009,3.0,0.113
LI009055,O000057,P0056,1.0,0.218
LI009056,O005165,P0089,2.0,0.001
LI009057,O003960,P0105,1.0,0.045
LI009058,O005206,P0023,3.0,0.154
LI009059,O006125,P0118,2.0,0.168
LI009060,O005158,P0002,3.0,0.069
LI009061,O006326,P0045,4.0,0.235
LI009062,O006308,P0119,1.0,0.083
LI009063,O004853,P0065,4.0,0.103
LI009064,O001859,P0038,4.0,0.244
LI009065,O001913,P0006,3.0,0.12
LI009066,O004222,P0048,3.0,0.153
LI009067,O000267,P0044,5.0,0.135
LI009068,O006498,P0079,5.0,0.044
LI009069,O003483,P0007,2.0,0.248
LI009070,O005719,P0066,3.0,0.015
LI009071,O001681,P0062,1.0,0.246
LI009072,O003194,P0030,3.0,0.117
LI009073,O001532,P0093,3.0,0.047
LI009074,O002007,P0076,4.0,0.042
LI009075,O004706,P0052,4.0,0.164
LI009076,O004565,P0098,5.0,0.178
LI009077,O004897,P0094,2.0,0.225
LI009078,O004229,P0036,2.0,0.059
LI009079,O003451,P0035,3.0,0.108
LI009080,O001020,P0066,1.0,0.243
LI009081,O000318,P0050,4.0,0.107
LI009082,O001601,P0003,1.0,0.115
LI009083,O000711,P0106,4.0,0.072
LI009084,O003197,P0076,3.0,0.218
LI009085,O000451,P0004,2.0,0.091
LI009086,O001882,P0055,3.0,0.159
LI009087,O001744,P0052,4.0,0.046
LI009088,O001324,P0059,2.0,0.154
LI009089,O003561,P0071,1.0,0.233
LI009090,O002681,P0020,1.0,0.194
LI009091,O004238,P0019,5.0,0.017
LI009092,O003052,P0008,1.0,0.158
LI009093,O005594,P0067,5.0,0.14
LI009094,O004665,P0027,2.0,0.085
LI009095,O002352,P0079,3.0,0.211
LI009096,O002705,P0008,3.0,0.198
LI009097,O005676,P0018,2.0,0.162
LI009098,O002641,P0029,2.0,0.186
LI009099,O005985,P0046,4.0,0.048
LI009100,O004126,P0115,1.0,0.23
LI009101,O003449,P0036,1.0,0.167
LI009102,O005363,P0003,1.0,0.117
LI009103,O000695,P0118,5.0,0.048
LI009104,O004254,P0009,1.0,0.171
LI009105,O002194,P0010,4.0,0.024
LI009106,O000340,P0104,3.0,0.08
LI009107,O001769,P0084,3.0,0.143
LI009108,O000092,P0066,5.0,0.162
LI009109,O004425,P0001,4.0,0.004
LI009110,O000172,P0091,2.0,0.002
LI009111,O002750,P0004,3.0,0.028
LI009112,O003103,P0048,4.0,0.192
LI009113,O000621,P0101,2.0,0.142
LI009114,O006416,P0096,5.0,0.152
LI009115,O005215,P0018,1.0,0.151
LI009116,O000989,P0078,4.0,0.009
LI009117,O000077,P0045,3.0,0.043
LI009118,O002199,P0112,5.0,0.182
LI009119,O004238,P0015,4.0,0.161
LI009120,O000231,P0051,5.0,0.111
LI009121,O005890,P0061,2.0,0.005
LI009122,O006028,P0004,4.0,0.104
LI009123,O005050,P0019,1.0,0.062
LI009124,O002176,P0088,2.0,0.174
LI009125,O002908,P0094,1.0,0.206
LI009126,O005856,P0077,5.0,0.126
LI009127,O002545,P0011,1.0,0.101
LI009128,O005925,P0028,2.0,0.068
LI009129,O003613,P0114,2.0,0.023
LI009130,O002858,P0057,2.0,0.093
LI009131,O001554,P0075,5.0,0.17
LI009132,O006275,P0054,3.0,0.167
LI009133,O005581,P0065,5.0,0.103
LI009134,O004365,P0047,2.0,0.241
LI009135,O002666,P0120,5.0,0.235
LI009136,O003741,P0106,4.0,0.219
LI009137,O000962,P0118,4.0,0.109
LI009138,O005691,P0004,3.0,0.187
LI009139,O001628,P0102,5.0,0.232
LI009140,O001968,P0034,5.0,0.184
LI009141,O003332,P0113,4.0,0.079
LI009142,O001075,P0076,2.0,0.017
LI009143,O003205,P0054,1.0,0.24
LI009144,O005799,P0088,2.0,0.248
LI009145,O001029,P0061,3.0,0.173
LI009146,O000648,P0101,1.0,0.079
LI009147,O004834,P0120,2.0,0.216
LI009148,O005304,P0096,5.0,0.238
LI009149,O003163,P0083,5.0,0.127
LI009150,O005556,P0093,4.0,0.078
LI009151,O004916,P0102,5.0,0.102
LI009152,O000903,P0113,5.0,0.018
LI009153,O006333,P0093,3.0,0.141
LI009154,O004068,P0083,1.0,0.095
LI009155,O001504,P0020,2.0,0.221
LI009156,O005077,P0117,2.0,0.069
LI009157,O002863,P0003,3.0,0.002
LI009158,O004479,P0040,1.0,0.184
LI009159,O002898,P0069,5.0,0.002
LI009160,O001346,P0023,3.0,0.136
LI009161,O005563,P0069,5.0,0.045
LI009162,O000490,P0094,2.0,0.153
LI009163,O005253,P0032,3.0,0.049
LI009164,O000426,P0024,3.0,0.125
LI009165,O006394,P0113,3.0,0.084
LI009166,O006079,P0051,2.0,0.046
LI009167,O005682,P0115,2.0,0.152
LI009168,O005542,P0058,4.0,0.021
LI009169,O005596,P0042,2.0,0.235
LI009170,O002732,P0035,2.0,0.195
LI009171,O003992,P0032,5.0,0.229
LI009172,O001408,P0054,2.0,0.011
LI009173,O006463,P0045,1.0,0.001
LI009174,O005116,P0048,5.0,0.089
LI009175,O006369,P0108,4.0,0.154
LI009176,O000423,P0086,1.0,0.061
LI009177,O002956,P0085,4.0,0.137
LI009178,O001215,P0092,3.0,0.152
LI009179,O003943,P0049,3.0,0.038
LI009180,O001801,P0034,3.0,0.192
LI009181,O005876,P0016,2.0,0.234
LI009182,O006223,P0011,2.0,0.16
LI009183,O004951,P0097,5.0,0.237
LI009184,O004461,P0108,1.0,0.062
LI009185,O002070,P0102,1.0,0.009
LI009186,O004644,P0019,3.0,0.062
LI009187,O002378,P0092,3.0,0.162
LI009188,O002104,P0029,2.0,0.149
LI009189,O001272,P0101,4.0,0.067
LI009190,O005021,P0054,1.0,0.102
LI009191,O004357,P0053,1.0,0.092
LI009192,O003844,P0067,4.0,0.238
LI009193,O000435,P0082,1.0,0.079
LI009194,O003599,P0082,1.0,0.048
LI009195,O003550,P0076,2.0,0.141
LI009196,O003772,P0082,1.0,0.031
LI009197,O000535,P0032,3.0,0.127
LI009198,O000381,P0106,3.0,0.172
LI009199,O002151,P0100,5.0,0.236
LI009200,O004125,P0116,2.0,0.223
LI009201,O003926,P0083,2.0,0.21
LI009202,O005603,P0056,3.0,0.098
LI009203,O003129,P0063,2.0,0.223
LI009204,O005168,P0004,2.0,0.179
LI009205,O005487,P0120,5.0,0.11
LI009206,O004050,P0011,4.0,0.141
LI009207,O000547,P0003,1.0,0.109
LI009208,O003617,P0027,5.0,0.049
LI009209,O004423,P0111,4.0,0.113
LI009210,O006410,P0080,1.0,0.202
LI009211,O001752,P0044,3.0,0.067
LI009212,O004825,P0018,4.0,0.16
LI009213,O003116,P0030,1.0,0.138
LI009214,O000219,P0088,5.0,0.23
LI009215,O000126,P0070,1.0,0.187
LI009216,O004978,P0047,2.0,0.09
LI009217,O005499,P0034,1.0,0.14
LI009218,O004415,P0119,3.0,0.228
LI009219,O001329,P0076,5.0,0.057
LI009220,O001224,P0042,4.0,0.119
LI009221,O004181,P0023,1.0,0.055
LI009222,O005161,P0100,5.0,0.105
LI009223,O002771,P0040,3.0,0.015
LI009224,O001575,P0015,4.0,0.219
LI009225,O005483,P0115,1.0,0.245
LI009226,O001943,P0080,3.0,0.142
LI009227,O003341,P0109,2.0,0.139
LI009228,O004458,P0057,5.0,0.239
LI009229,O002415,P0111,5.0,0.098
LI009230,O005301,P0014,1.0,0.155
LI009231,O001255,P0079,3.0,0.209
LI009232,O000988,P0012,4.0,0.126
LI009233,O001849,P0107,4.0,0.055
LI009234,O005354,P0117,4.0,0.203
LI009235,O003902,P0035,4.0,0.068
LI009236,O005549,P0025,1.0,0.211
LI009237,O004927,P0078,1.0,0.236
LI009238,O003720,P0002,5.0,0.137
LI009239,O001318,P0018,3.0,0.012
LI009240,O001372,P0035,2.0,0.239
LI009241,O004972,P0009,1.0,0.208
LI009242,O000361,P0011,4.0,0.029
LI009243,O005995,P0090,2.0,0.157
LI009244,O000358,P0067,5.0,0.079
LI009245,O003202,P0069,4.0,0.083
LI009246,O005503,P0096,3.0,0.145
LI009247,O003891,P0105,2.0,0.178
LI009248,O002784,P0074,5.0,0.003
LI009249,O000064,P0038,1.0,0.038
LI009250,O005516,P0070,3.0,0.226
LI009251,O002229,P0075,4.0,0.124
LI009252,O002635,P0081,2.0,0.123
LI009253,O003850,P0059,5.0,0.21
LI009254,O006333,P0066,2.0,0.032
LI009255,O003939,P0041,3.0,0.178
LI009256,O001516,P0024,1.0,0.127
LI009257,O000580,P0050,1.0,0.185
LI009258,O006314,P0005,3.0,0.17
LI009259,O004418,P0021,4.0,0.167
LI009260,O005292,P0006,2.0,0.214
LI009261,O002332,P0004,4.0,0.138
LI009262,O002414,P0009,5.0,0.102
LI009263,O002159,P0069,4.0,0.05
LI009264,O002126,P0068,3.0,0.086
LI009265,O003770,P0009,1.0,0.217
LI009266,O006397,P0018,3.0,0.084
LI009267,O002284,P0059,3.0,0.246
LI009268,O006237,P0043,2.0,0.152
LI009269,O003767,P0080,3.0,0.204
LI009270,O003106,P0066,5.0,0.123
LI009271,O003553,P0029,2.0,0.164
LI009272,O003476,P0048,2.0,0.247
LI009273,O001839,P0051,4.0,0.125
LI009274,O000222,P0042,3.0,0.066
LI009275,O000896,P0036,4.0,0.162
LI009276,O005610,P0076,4.0,0.23
LI009277,O005914,P0105,2.0,0.004
LI009278,O003412,P0045,4.0,0.248
LI009279,O003009,P0101,4.0,0.136
LI009280,O000985,P0098,2.0,0.2
LI009281,O001633,P0035,2.0,0.03
LI009282,O003671,P0104,1.0,0.073
LI009283,O002891,P0006,3.0,0.244
LI009284,O006396,P0037,1.0,0.072
LI009285,O002044,P0036,2.0,0.103
LI009286,O006286,P0084,5.0,0.07
LI009287,O006455,P0016,4.0,0.117
LI009288,O001409,P0072,4.0,0.04
LI009289,O003873,P0108,2.0,0.127
LI009290,O004678,P0022,4.0,0.075
LI009291,O001336,P0069,1.0,0.204
LI009292,O003638,P0069,4.0,0.097
LI009293,O006490,P0118,5.0,0.198
LI009294,O003459,P0063,3.0,0.16
LI009295,O004398,P0109,1.0,0.229
LI009296,O005884,P0075,3.0,0.203
LI009297,O006391,P0107,3.0,0.225
LI009298,O003601,P0019,5.0,0.131
LI009299,O006044,P0103,5.0,0.228
LI009300,O005469,P0081,5.0,0.039
LI009301,O004887,P0101,5.0,0.021
LI009302,O005008,P0102,1.0,0.132
LI009303,O001376,P0018,5.0,0.207
LI009304,O006298,P0114,1.0,0.053
LI009305,O001534,P0073,4.0,0.242
LI009306,O001953,P0114,3.0,0.046
LI009307,O003258,P0115,4.0,0.177
LI009308,O002992,P0017,4.0,0.229
LI009309,O004691,P0041,2.0,0.241
LI009310,O005687,P0033,4.0,0.165
LI009311,O003497,P0084,4.0,0.144
LI009312,O004158,P0055,2.0,0.023
LI009313,O003473,P0082,4.0,0.005
LI009314,O002918,P0024,2.0,0.246
LI009315,O001166,P0077,1.0,0.069
LI009316,O004562,P0040,3.0,0.018
LI009317,O005269,P0028,5.0,0.135
LI009318,O002359,P0110,4.0,0.078
LI009319,O003239,P0067,1.0,0.089
LI009320,O004912,P0100,3.0,0.088
LI009321,O002151,P0075,1.0,0.062
LI009322,O002076,P0039,2.0,0.242
LI009323,O003668,P0021,1.0,0.066
LI009324,O004604,P0037,4.0,0.139
LI009325,O002182,P0002,4.0,0.06
LI009326,O000059,P0006,5.0,0.19
LI009327,O006214,P0052,5.0,0.057
LI009328,O001959,P0005,4.0,0.154
LI009329,O000185,P0047,1.0,0.208
LI009330,O002620,P0043,4.0,0.068
LI009331,O005594,P0096,1.0,0.201
LI009332,O001681,P0101,4.0,0.023
LI009333,O006312,P0114,3.0,0.029
LI009334,O000578,P0040,1.0,0.1
LI009335,O003955,P0011,2.0,0.102
LI009336,O005244,P0081,2.0,0.129
LI009337,O005333,P0014,5.0,0.006
LI009338,O004278,P0002,3.0,0.029
LI009339,O000071,P0039,2.0,0.003
LI009340,O000556,P0063,4.0,0.239
LI009341,O000852,P0063,2.0,0.078
LI009342,O001219,P0119,4.0,0.172
LI009343,O003641,P0018,3.0,0.152
LI009344,O005412,P0097,5.0,0.181
LI009345,O005177,P0094,2.0,0.221
LI009346,O001913,P0079,5.0,0.058
LI009347,O002731,P0093,3.0,0.106
LI009348,O005420,P0090,1.0,0.082
LI009349,O002366,P0001,3.0,0.021
LI009350,O004925,P0017,3.0,0.008
LI009351,O006238,P0054,3.0,0.191
LI009352,O000267,P0039,1.0,0.032
LI009353,O003917,P0048,1.0,0.004
LI009354,O005496,P0066,3.0,0.11
LI009355,O004710,P0015,1.0,0.081
LI009356,O001401,P0022,4.0,0.017
LI009357,O004674,P0020,3.0,0.013
LI009358,O003694,P0093,2.0,0.228
LI009359,O004728,P0089,4.0,0.235
LI009360,O002327,P0043,3.0,0.121
LI009361,O002802,P0056,2.0,0.212
LI009362,O005553,P0024,2.0,0.2
LI009363,O006386,P0098,5.0,0.145
LI009364,O002035,P0043,5.0,0.188
LI009365,O005342,P0021,2.0,0.233
LI009366,O002831,P0048,3.0,0.142
LI009367,O000985,P0066,3.0,0.128
LI009368,O004100,P0115,3.0,0.001
LI009369,O006464,P0016,3.0,0.136
LI009370,O005441,P0040,2.0,0.204
LI009371,O005128,P0021,1.0,0.191
LI009372,O001076,P0052,1.0,0.161
LI009373,O001024,P0101,3.0,0.006
LI009374,O005262,P0008,5.0,0.231
LI009375,O003898,P0078,2.0,0.107
LI009376,O004875,P0110,1.0,0.143
LI009377,O000280,P0055,2.0,0.099
LI009378,O001112,P0086,5.0,0.087
LI009379,O001184,P0082,2.0,0.128
LI009380,O005081,P0058,5.0,0.124
LI009381,O002076,P0005,5.0,0.089
LI009382,O003600,P0042,4.0,0.201
LI009383,O004906,P0111,5.0,0.013
LI009384,O003943,P0109,4.0,0.029
LI009385,O000272,P0030,5.0,0.021
LI009386,O001124,P0095,5.0,0.141
LI009387,O003980,P0009,2.0,0.103
LI009388,O001228,P0095,4.0,0.113
LI009389,O000190,P0095,1.0,0.144
LI009390,O000546,P0041,1.0,0.081
LI009391,O002342,P0051,2.0,0.046
LI009392,O003967,P0057,1.0,0.077
LI009393,O006100,P0073,1.0,0.248
LI009394,O004015,P0101,5.0,0.238
LI009395,O004944,P0061,3.0,0.239
LI009396,O005464,P0006,3.0,0.007
LI009397,O004867,P0119,1.0,0.022
LI009398,O000769,P0106,2.0,0.011
LI009399,O006197,P0026,2.0,0.204
LI009400,O003776,P0074,4.0,0.248
LI009401,O002732,P0006,2.0,0.136
LI009402,O005167,P0053,2.0,0.175
LI009403,O001011,P0061,5.0,0.088
LI009404,O004799,P0033,5.0,0.191
LI009405,O000465,P0116,1.0,0.164
LI009406,O002601,P0045,2.0,0.2
LI009407,O000917,P0094,3.0,0.125
LI009408,O001453,P0040,2.0,0.049
LI009409,O006127,P0024,2.0,0.119
LI009410,O003469,P0092,1.0,0.078
LI009411,O004290,P0045,3.0,0.174
LI009412,O000066,P0038,1.0,0.034
LI009413,O002603,P0029,2.0,0.083
LI009414,O001726,P0115,3.0,0.002
LI009415,O004697,P0108,2.0,0.204
LI009416,O001500,P0079,1.0,0.102
LI009417,O005808,P0008,1.0,0.194
LI009418,O001905,P0064,5.0,0.024
LI009419,O004572,P0087,3.0,0.048
LI009420,O003965,P0107,5.0,0.213
LI009421,O002810,P0073,3.0,0.149
LI009422,O004091,P0051,4.0,0.001
LI009423,O000887,P0075,3.0,0.226
LI009424,O003809,P0006,2.0,0.246
LI009425,O004178,P0047,3.0,0.165
LI009426,O001961,P0049,5.0,0.182
LI009427,O002748,P0076,1.0,0.033
LI009428,O000044,P0120,1.0,0.192
LI009429,O005598,P0098,3.0,0.025
LI009430,O003843,P0085,4.0,0.222
LI009431,O004706,P0032,1.0,0.126
LI009432,O001889,P0054,1.0,0.035
LI009433,O003899,P0036,1.0,0.022
LI009434,O005449,P0089,4.0,0.11
LI009435,O005534,P0099,5.0,0.001
LI009436,O003893,P0098,3.0,0.24
LI009437,O005884,P0019,4.0,0.043
LI009438,O000720,P0037,3.0,0.105
LI009439,O000691,P0017,2.0,0.152
LI009440,O001946,P0080,3.0,0.169
LI009441,O000110,P0016,1.0,0.141
LI009442,O004315,P0058,4.0,0.045
LI009443,O004559,P0044,4.0,0.118
LI009444,O000515,P0068,5.0,0.081
LI009445,O000637,P0049,2.0,0.022
LI009446,O003329,P0094,5.0,0.097
LI009447,O005313,P0051,5.0,0.152
LI009448,O000627,P0098,2.0,0.026
LI009449,O000070,P0005,1.0,0.041
LI009450,O002507,P0097,4.0,0.022
LI009451,O003890,P0058,3.0,0.0
LI009452,O005614,P0046,2.0,0.234
LI009453,O006241,P0055,5.0,0.21
LI009454,O003800,P0073,3.0,0.058
LI009455,O001851,P0017,2.0,0.144
LI009456,O004320,P0012,2.0,0.2
LI009457,O005962,P0024,1.0,0.092
LI009458,O002879,P0056,1.0,0.185
LI009459,O003353,P0055,4.0,0.217
LI009460,O003978,P0116,4.0,0.125
LI009461,O001635,P0076,3.0,0.222
LI009462,O005902,P0079,4.0,0.052
LI009463,O003477,P0016,2.0,0.225
LI009464,O002544,P0087,2.0,0.201
LI009465,O005876,P0082,2.0,0.21
LI009466,O005158,P0022,2.0,0.001
LI009467,O000769,P0110,1.0,0.166
LI009468,O005972,P0044,2.0,0.1
LI009469,O005765,P0095,2.0,0.151
LI009470,O002604,P0043,2.0,0.021
LI009471,O000992,P0079,5.0,0.059
LI009472,O001729,P0117,3.0,0.088
LI009473,O002029,P0021,3.0,0.18
LI009474,O001530,P0008,2.0,0.138
LI009475,O000489,P0049,2.0,0.004
LI009476,O004153,P0104,3.0,0.084
LI009477,O000512,P0100,4.0,0.235
LI009478,O003320,P0106,5.0,0.045
LI009479,O002152,P0102,5.0,0.059
LI009480,O002605,P0006,4.0,0.077
LI009481,O002108,P0081,2.0,0.067
LI009482,O005698,P0104,3.0,0.03
LI009483,O000735,P0109,5.0,0.078
LI009484,O005679,P0047,4.0,0.135
LI009485,O003310,P0036,4.0,0.169
LI009486,O000371,P0092,1.0,0.161
LI009487,O002074,P0111,4.0,0.041
LI009488,O005939,P0023,1.0,0.154
LI009489,O004702,P0031,1.0,0.09
LI009490,O004206,P0110,5.0,0.205
LI009491,O004869,P0075,2.0,0.091
LI009492,O002302,P0062,2.0,0.244
LI009493,O001831,P0084,4.0,0.154
LI009494,O001860,P0096,3.0,0.107
LI009495,O005924,P0081,3.0,0.126
LI009496,O000917,P0057,1.0,0.044
LI009497,O003176,P0106,4.0,0.17
LI009498,O002663,P0102,4.0,0.241
LI009499,O002635,P0070,2.0,0.129
LI009500,O004693,P0065,3.0,0.248
LI009501,O001238,P0037,5.0,0.038
LI009502,O002161,P0068,4.0,0.159
LI009503,O001336,P0095,4.0,0.169
LI009504,O002617,P0075,2.0,0.078
LI009505,O005051,P0017,5.0,0.088
LI009506,O002944,P0007,5.0,0.236
LI009507,O005221,P0052,5.0,0.153
LI009508,O000762,P0035,5.0,0.195
LI009509,O003719,P0002,3.0,0.181
LI009510,O005034,P0040,1.0,0.153
LI009511,O002701,P0037,5.0,0.012
LI009512,O002132,P0057,1.0,0.166
LI009513,O004815,P0101,1.0,0.086
LI009514,O001954,P0010,2.0,0.117
LI009515,O000949,P0076,5.0,0.213
LI009516,O000302,P0081,3.0,0.242
LI009517,O004025,P0046,2.0,0.174
LI009518,O005337,P0090,2.0,0.058
LI009519,O002589,P0005,1.0,0.079
LI009520,O003695,P0005,4.0,0.035
LI009521,O006236,P0120,3.0,0.145
LI009522,O002702,P0102,5.0,0.232
LI009523,O001476,P0111,5.0,0.203
LI009524,O000614,P0027,3.0,0.136
LI009525,O006215,P0005,5.0,0.235
LI009526,O005645,P0061,4.0,0.224
LI009527,O005521,P0008,4.0,0.09
LI009528,O000669,P0031,5.0,0.137
LI009529,O002129,P0097,2.0,0.074
LI009530,O000218,P0021,5.0,0.002
LI009531,O002932,P0099,5.0,0.113
LI009532,O000749,P0021,3.0,0.188
LI009533,O004221,P0051,4.0,0.159
LI009534,O000201,P0079,2.0,0.232
LI009535,O002622,P0100,3.0,0.171
LI009536,O005140,P0059,3.0,0.035
LI009537,O000722,P0002,2.0,0.067
LI009538,O000952,P0030,2.0,0.031
LI009539,O001882,P0058,3.0,0.199
LI009540,O002228,P0092,5.0,0.238
LI009541,O001433,P0081,2.0,0.057
LI009542,O005182,P0108,1.0,0.191
LI009543,O002321,P0020,2.0,0.109
LI009544,O001777,P0040,3.0,0.089
LI009545,O000699,P0029,1.0,0.247
LI009546,O002969,P0005,3.0,0.086
LI009547,O000622,P0089,4.0,0.165
LI009548,O002588,P0010,4.0,0.178
LI009549,O005082,P0083,5.0,0.193
LI009550,O000460,P0061,2.0,0.216
LI009551,O001085,P0105,3.0,0.142
LI009552,O000300,P0112,1.0,0.151
LI009553,O002545,P0001,2.0,0.178
LI009554,O001276,P0047,5.0,0.037
LI009555,O001431,P0098,3.0,0.05
LI009556,O005376,P0057,3.0,0.191
LI009557,O003453,P0014,4.0,0.034
LI009558,O002389,P0025,5.0,0.172
LI009559,O005926,P0090,3.0,0.008
LI009560,O001822,P0021,4.0,0.084
LI009561,O006432,P0016,4.0,0.166
LI009562,O000989,P0074,1.0,0.177
LI009563,O000214,P0032,5.0,0.158
LI009564,O000532,P0108,5.0,0.11
LI009565,O002918,P0045,3.0,0.064
LI009566,O005696,P0064,1.0,0.153
LI009567,O003620,P0084,2.0,0.046
LI009568,O001985,P0073,3.0,0.015
LI009569,O002259,P0060,4.0,0.005
LI009570,O002219,P0098,2.0,0.067
LI009571,O004634,P0095,2.0,0.007
LI009572,O005383,P0019,3.0,0.062
LI009573,O004772,P0047,1.0,0.072
LI009574,O004486,P0095,5.0,0.086
LI009575,O002110,P0064,1.0,0.178
LI009576,O006230,P0030,3.0,0.11
LI009577,O003061,P0047,5.0,0.246
LI009578,O001609,P0088,2.0,0.237
LI009579,O006204,P0033,4.0,0.245
LI009580,O002525,P0082,1.0,0.103
LI009581,O004416,P0021,5.0,0.011
LI009582,O000690,P0095,1.0,0.215
LI009583,O002100,P0063,5.0,0.109
LI009584,O004753,P0103,4.0,0.16
LI009585,O004924,P0042,3.0,0.211
LI009586,O001101,P0061,3.0,0.152
LI009587,O000119,P0105,5.0,0.184
LI009588,O002769,P0115,5.0,0.062
LI009589,O005302,P0043,3.0,0.049
LI009590,O000506,P0068,2.0,0.139
LI009591,O002201,P0026,2.0,0.159
LI009592,O001042,P0033,2.0,0.218
LI009593,O003136,P0108,4.0,0.205
LI009594,O000497,P0033,5.0,0.247
LI009595,O005868,P0049,1.0,0.242
LI009596,O004175,P0084,1.0,0.156
LI009597,O000059,P0041,5.0,0.126
LI009598,O005531,P0072,3.0,0.19
LI009599,O003133,P0036,5.0,0.065
LI009600,O003539,P0072,2.0,0.088
LI009601,O001654,P0095,2.0,0.192
LI009602,O005869,P0119,1.0,0.237
LI009603,O005959,P0022,5.0,0.224
LI009604,O001707,P0106,1.0,0.018
LI009605,O005608,P0114,3.0,0.058
LI009606,O000244,P0047,4.0,0.068
LI009607,O002256,P0083,4.0,0.096
LI009608,O005207,P0020,3.0,0.018
LI009609,O001675,P0087,2.0,0.058
LI009610,O002693,P0024,2.0,0.179
LI009611,O006074,P0043,2.0,0.061
LI009612,O000039,P0088,1.0,0.236
LI009613,O003248,P0100,1.0,0.106
LI009614,O001616,P0073,4.0,0.025
LI009615,O000020,P0104,2.0,0.211
LI009616,O000221,P0016,2.0,0.229
LI009617,O005969,P0027,3.0,0.232
LI009618,O006419,P0045,4.0,0.123
LI009619,O003772,P0037,1.0,0.23
LI009620,O000251,P0013,4.0,0.177
LI009621,O004308,P0051,2.0,0.049
LI009622,O004515,P0002,2.0,0.133
LI009623,O005292,P0076,1.0,0.108
LI009624,O000507,P0105,1.0,0.113
LI009625,O004742,P0097,4.0,0.103
LI009626,O005748,P0087,5.0,0.044
LI009627,O000869,P0059,2.0,0.098
LI009628,O003991,P0014,2.0,0.128
LI009629,O004588,P0103,5.0,0.071
LI009630,O006439,P0049,4.0,0.044
LI009631,O001170,P0030,3.0,0.05
LI009632,O005358,P0119,3.0,0.048
LI009633,O000740,P0110,2.0,0.112
LI009634,O001791,P0113,3.0,0.052
LI009635,O000424,P0098,4.0,0.179
LI009636,O003056,P0009,3.0,0.084
LI009637,O004388,P0079,1.0,0.235
LI009638,O002204,P0024,4.0,0.016
LI009639,O001984,P0112,5.0,0.077
LI009640,O003923,P0041,2.0,0.185
LI009641,O002398,P0060,4.0,0.171
LI009642,O001958,P0089,3.0,0.105
LI009643,O004339,P0100,4.0,0.218
LI009644,O005327,P0032,5.0,0.018
LI009645,O001790,P0047,4.0,0.127
LI009646,O006402,P0021,5.0,0.05
LI009647,O000585,P0042,5.0,0.093
LI009648,O006179,P0103,4.0,0.175
LI009649,O003201,P0070,2.0,0.025
LI009650,O001343,P0111,2.0,0.011
LI009651,O004191,P0089,3.0,0.105
LI009652,O006364,P0002,4.0,0.068
LI009653,O004397,P0031,4.0,0.18
LI009654,O005757,P0056,1.0,0.016
LI009655,O001209,P0030,2.0,0.242
LI009656,O002823,P0063,5.0,0.155
LI009657,O003694,P0015,1.0,0.125
LI009658,O002448,P0018,4.0,0.103
LI009659,O004786,P0032,1.0,0.187
LI009660,O001166,P0014,2.0,0.089
LI009661,O005089,P0062,4.0,0.194
LI009662,O006278,P0082,2.0,0.178
LI009663,O004757,P0099,1.0,0.138
LI009664,O006026,P0052,3.0,0.222
LI009665,O006022,P0022,5.0,0.086
LI009666,O002306,P0014,5.0,0.014
LI009667,O001063,P0102,3.0,0.094
LI009668,O004401,P0078,3.0,0.219
LI009669,O003355,P0034,3.0,0.019
LI009670,O001848,P0086,2.0,0.191
LI009671,O000526,P0080,4.0,0.206
LI009672,O004503,P0056,3.0,0.107
LI009673,O001383,P0112,2.0,0.049
LI009674,O004982,P0053,1.0,0.089
LI009675,O004969,P0049,1.0,0.1
LI009676,O006067,P0063,3.0,0.233
LI009677,O005086,P0016,1.0,0.071
LI009678,O005401,P0080,3.0,0.243
LI009679,O005685,P0040,1.0,0.027
LI009680,O004107,P0038,1.0,0.244
LI009681,O002723,P0018,4.0,0.056
LI009682,O001988,P0023,4.0,0.042
LI009683,O004068,P0110,1.0,0.03
LI009684,O005069,P0048,4.0,0.079
LI009685,O004105,P0104,3.0,0.154
LI009686,O004124,P0082,5.0,0.167
LI009687,O000686,P0046,3.0,0.092
LI009688,O002550,P0113,4.0,0.058
LI009689,O004678,P0022,2.0,0.249
LI009690,O003867,P0054,1.0,0.068
LI009691,O002826,P0040,4.0,0.095
LI009692,O003735,P0030,4.0,0.12
LI009693,O001242,P0112,4.0,0.185
LI009694,O003501,P0055,3.0,0.038
LI009695,O001662,P0056,1.0,0.067
LI009696,O002051,P0042,5.0,0.249
LI009697,O005307,P0042,4.0,0.206
LI009698,O004139,P0062,2.0,0.111
LI009699,O005731,P0117,1.0,0.027
LI009700,O005531,P0082,5.0,0.217
LI009701,O003262,P0053,2.0,0.196
LI009702,O004138,P0082,5.0,0.145
LI009703,O003844,P0105,5.0,0.101
LI009704,O004826,P0053,1.0,0.234
LI009705,O001982,P0064,3.0,0.074
LI009706,O000648,P0001,2.0,0.08
LI009707,O003924,P0112,4.0,0.219
LI009708,O002705,P0106,5.0,0.157
LI009709,O001983,P0079,2.0,0.238
LI009710,O001929,P0069,1.0,0.161
LI009711,O005256,P0027,2.0,0.008
LI009712,O002558,P0017,4.0,0.044
LI009713,O005639,P0063,4.0,0.07
LI009714,O004133,P0041,1.0,0.217
LI009715,O002020,P0058,2.0,0.208
LI009716,O000823,P0057,3.0,0.198
LI009717,O004675,P0096,3.0,0.138
LI009718,O002565,P0038,5.0,0.035
LI009719,O002833,P0090,5.0,0.033
LI009720,O001021,P0066,2.0,0.032
LI009721,O001082,P0092,5.0,0.214
LI009722,O006299,P0045,4.0,0.035
LI009723,O005992,P0023,1.0,0.202
LI009724,O002023,P0114,5.0,0.211
LI009725,O004209,P0020,3.0,0.026
LI009726,O003676,P0036,4.0,0.226
LI009727,O002884,P0042,3.0,0.224
LI009728,O001780,P0119,5.0,0.16
LI009729,O001820,P0022,5.0,0.128
LI009730,O004697,P0060,4.0,0.162
LI009731,O004538,P0011,3.0,0.101
LI009732,O003762,P0028,1.0,0.147
LI009733,O000228,P0045,1.0,0.242
LI009734,O000874,P0119,4.0,0.028
LI009735,O003651,P0022,5.0,0.058
LI009736,O005242,P0081,4.0,0.131
LI009737,O004767,P0063,3.0,0.065
LI009738,O003429,P0031,1.0,0.248
LI009739,O001292,P0011,5.0,0.18
LI009740,O004791,P0036,3.0,0.108
LI009741,O005605,P0078,1.0,0.226
LI009742,O002917,P0035,1.0,0.036
LI009743,O001028,P0023,2.0,0.072
LI009744,O003550,P0029,5.0,0.239
LI009745,O000121,P0023,4.0,0.139
LI009746,O000742,P0108,2.0,0.23
LI009747,O003882,P0100,1.0,0.246
LI009748,O001510,P0016,5.0,0.09
LI009749,O001243,P0103,5.0,0.144
LI009750,O004790,P0084,2.0,0.212
LI009751,O004353,P0089,3.0,0.068
LI009752,O002091,P0019,3.0,0.112
LI009753,O002918,P0090,4.0,0.038
LI009754,O005650,P0096,5.0,0.163
LI009755,O003782,P0063,2.0,0.001
LI009756,O001713,P0050,1.0,0.112
LI009757,O002636,P0085,3.0,0.232
LI009758,O005009,P0073,2.0,0.224
LI009759,O003765,P0043,4.0,0.201
LI009760,O000594,P0019,4.0,0.035
LI009761,O001034,P0113,5.0,0.13
LI009762,O002840,P0085,4.0,0.18
LI009763,O000212,P0018,4.0,0.025
LI009764,O005772,P0006,3.0,0.037
LI009765,O006058,P0035,3.0,0.01
LI009766,O001406,P0014,4.0,0.081
LI009767,O005509,P0064,5.0,0.219
LI009768,O005018,P0009,3.0,0.127
LI009769,O003812,P0035,3.0,0.213
LI009770,O006480,P0002,4.0,0.021
LI009771,O003077,P0115,5.0,0.014
LI009772,O000922,P0006,4.0,0.201
LI009773,O006227,P0099,1.0,0.124
LI009774,O002040,P0025,1.0,0.118
LI009775,O002200,P0073,5.0,0.119
LI009776,O004063,P0050,1.0,0.095
LI009777,O005855,P0095,5.0,0.222
LI009778,O003239,P0007,1.0,0.13
LI009779,O001494,P0063,2.0,0.243
LI009780,O004174,P0028,3.0,0.212
LI009781,O004508,P0002,4.0,0.184
LI009782,O001578,P0065,5.0,0.159
LI009783,O001598,P0101,1.0,0.209
LI009784,O002429,P0059,2.0,0.22
LI009785,O002996,P0024,1.0,0.033
LI009786,O000313,P0062,2.0,0.09
LI009787,O002443,P0099,4.0,0.201
LI009788,O003982,P0071,3.0,0.055
LI009789,O004076,P0038,3.0,0.147
LI009790,O000004,P0093,2.0,0.195
LI009791,O004205,P0062,1.0,0.056
LI009792,O000886,P0065,3.0,0.101
LI009793,O004189,P0119,1.0,0.229
LI009794,O005219,P0051,5.0,0.089
LI009795,O000192,P0094,1.0,0.151
LI009796,O002381,P0052,5.0,0.108
LI009797,O001236,P0110,5.0,0.219
LI009798,O003279,P0096,3.0,0.106
LI009799,O004723,P0074,5.0,0.09
LI009800,O003034,P0098,1.0,0.043
LI009801,O004669,P0063,4.0,0.087
LI009802,O002404,P0011,1.0,0.167
LI009803,O006022,P0048,2.0,0.044
LI009804,O004292,P0113,2.0,0.176
LI009805,O000262,P0101,1.0,0.003
LI009806,O002370,P0054,2.0,0.092
LI009807,O002468,P0091,4.0,0.116
LI009808,O001935,P0050,2.0,0.024
LI009809,O004428,P0112,3.0,0.171
LI009810,O005416,P0074,4.0,0.026
LI009811,O001260,P0038,3.0,0.022
LI009812,O004777,P0086,3.0,0.092
LI009813,O002055,P0088,4.0,0.185
LI009814,O000534,P0008,3.0,0.241
LI009815,O002120,P0006,2.0,0.194
LI009816,O001524,P0119,1.0,0.117
LI009817,O002666,P0068,4.0,0.068
LI009818,O002187,P0069,1.0,0.075
LI009819,O003458,P0006,4.0,0.071
LI009820,O002590,P0111,4.0,0.07
LI009821,O004420,P0032,3.0,0.017
LI009822,O001941,P0038,1.0,0.055
LI009823,O003737,P0115,2.0,0.027
LI009824,O000073,P0057,1.0,0.002
LI009825,O002888,P0084,4.0,0.071
LI009826,O005509,P0104,2.0,0.088
LI009827,O005358,P0109,3.0,0.232
LI009828,O000988,P0100,2.0,0.249
LI009829,O001346,P0064,2.0,0.145
LI009830,O003413,P0054,1.0,0.225
LI009831,O001787,P0113,4.0,0.155
LI009832,O005425,P0014,4.0,0.124
LI009833,O001032,P0064,4.0,0.011
LI009834,O002007,P0050,5.0,0.011
LI009835,O001231,P0047,3.0,0.008
LI009836,O000411,P0054,1.0,0.038
LI009837,O002306,P0019,4.0,0.019
LI009838,O001820,P0075,2.0,0.049
LI009839,O006270,P0039,5.0,0.13
LI009840,O003093,P0065,3.0,0.126
LI009841,O005290,P0099,4.0,0.086
LI009842,O002592,P0083,5.0,0.166
LI009843,O002503,P0060,3.0,0.098
LI009844,O000662,P0033,2.0,0.055
LI009845,O001230,P0032,5.0,0.173
LI009846,O001357,P0036,1.0,0.245
LI009847,O003093,P0024,3.0,0.203
LI009848,O001674,P0043,5.0,0.104
LI009849,O001089,P0071,5.0,0.094
LI009850,O003649,P0071,3.0,0.01
LI009851,O006232,P0046,5.0,0.164
LI009852,O005955,P0047,5.0,0.056
LI009853,O003551,P0069,3.0,0.171
LI009854,O005163,P0014,2.0,0.19
LI009855,O006003,P0045,1.0,0.22
LI009856,O001961,P0052,3.0,0.137
LI009857,O003446,P0090,4.0,0.207
LI009858,O000500,P0118,5.0,0.181
LI009859,O005399,P0050,1.0,0.088
LI009860,O000326,P0065,1.0,0.027
LI009861,O005538,P0077,3.0,0.061
LI009862,O004649,P0064,4.0,0.211
LI009863,O006034,P0023,4.0,0.134
LI009864,O000888,P0084,2.0,0.166
LI009865,O000996,P0071,4.0,0.202
LI009866,O003674,P0070,3.0,0.167
LI009867,O003041,P0059,1.0,0.214
LI009868,O000929,P0073,1.0,0.022
LI009869,O002969,P0092,4.0,0.226
LI009870,O004404,P0074,5.0,0.203
LI009871,O005427,P0054,2.0,0.226
LI009872,O001923,P0099,4.0,0.183
LI009873,O004566,P0071,3.0,0.069
LI009874,O003256,P0089,2.0,0.028
LI009875,O001655,P0094,4.0,0.032
LI009876,O000625,P0107,2.0,0.125
LI009877,O006435,P0026,5.0,0.098
LI009878,O004345,P0044,3.0,0.164
LI009879,O002372,P0076,4.0,0.126
LI009880,O005563,P0013,1.0,0.031
LI009881,O004700,P0054,3.0,0.001
LI009882,O000059,P0119,5.0,0.032
LI009883,O005117,P0040,5.0,0.037
LI009884,O002317,P0004,1.0,0.18
LI009885,O005438,P0053,3.0,0.071
LI009886,O006238,P0116,4.0,0.023
LI009887,O001278,P0001,1.0,0.189
LI009888,O000687,P0006,4.0,0.235
LI009889,O004611,P0055,2.0,0.025
LI009890,O000533,P0066,4.0,0.241
LI009891,O003176,P0118,2.0,0.238
LI009892,O003905,P0110,4.0,0.131
LI009893,O004498,P0091,2.0,0.074
LI009894,O003853,P0018,3.0,0.035
LI009895,O003405,P0106,5.0,0.206
LI009896,O002769,P0029,3.0,0.151
LI009897,O002925,P0053,1.0,0.163
LI009898,O002656,P0033,3.0,0.215
LI009899,O002141,P0003,3.0,0.111
LI009900,O000574,P0020,5.0,0.092
LI009901,O001566,P0004,3.0,0.191
LI009902,O005067,P0082,1.0,0.074
LI009903,O001806,P0008,3.0,0.082
LI009904,O000437,P0086,3.0,0.095
LI009905,O003082,P0105,3.0,0.214
LI009906,O002504,P0086,3.0,0.195
LI009907,O002463,P0083,5.0,0.073
LI009908,O003590,P0028,5.0,0.036
LI009909,O006099,P0066,1.0,0.098
LI009910,O001399,P0073,1.0,0.156
LI009911,O001555,P0099,1.0,0.169
LI009912,O002752,P0086,3.0,0.05
LI009913,O005735,P0026,4.0,0.062
LI009914,O002930,P0034,3.0,0.233
LI009915,O004858,P0071,4.0,0.096
LI009916,O003828,P0094,1.0,0.079
LI009917,O003922,P0049,3.0,0.174
LI009918,O005559,P0089,1.0,0.117
LI009919,O003267,P0049,5.0,0.062
LI009920,O006409,P0073,1.0,0.102
LI009921,O002694,P0027,3.0,0.036
LI009922,O002945,P0065,5.0,0.07
LI009923,O003498,P0033,5.0,0.105
LI009924,O004072,P0072,4.0,0.129
LI009925,O004957,P0049,2.0,0.185
LI009926,O001975,P0063,5.0,0.096
LI009927,O000867,P0032,2.0,0.136
LI009928,O005219,P0104,1.0,0.238
LI009929,O001054,P0019,1.0,0.205
LI009930,O005411,P0100,5.0,0.059
LI009931,O002535,P0050,4.0,0.053
LI009932,O006059,P0109,1.0,0.166
LI009933,O000028,P0022,2.0,0.149
LI009934,O003218,P0103,5.0,0.137
LI009935,O002336,P0090,5.0,0.039
LI009936,O004677,P0067,4.0,0.091
LI009937,O002998,P0110,5.0,0.19
LI009938,O006396,P0009,3.0,0.181
LI009939,O005023,P0035,2.0,0.041
LI009940,O002158,P0071,3.0,0.107
LI009941,O005985,P0079,3.0,0.111
LI009942,O002692,P0004,2.0,0.127
LI009943,O003343,P0037,5.0,0.115
LI009944,O001556,P0028,5.0,0.125
LI009945,O000276,P0009,3.0,0.203
LI009946,O002737,P0035,2.0,0.097
LI009947,O003683,P0112,1.0,0.138
LI009948,O006391,P0112,2.0,0.152
LI009949,O001348,P0115,3.0,0.236
LI009950,O003090,P0025,2.0,0.164
LI009951,O002173,P0009,2.0,0.033
LI009952,O003392,P0061,1.0,0.146
LI009953,O000153,P0052,4.0,0.165
LI009954,O001605,P0097,4.0,0.002
LI009955,O005998,P0017,1.0,0.019
LI009956,O002068,P0076,2.0,0.005
LI009957,O001827,P0009,3.0,0.012
LI009958,O000247,P0054,1.0,0.022
LI009959,O005510,P0005,4.0,0.239
LI009960,O001371,P0063,4.0,0.052
LI009961,O003548,P0047,1.0,0.051
LI009962,O005323,P0090,2.0,0.214
LI009963,O005129,P0109,5.0,0.188
LI009964,O005812,P0019,3.0,0.169
LI009965,O001692,P0099,5.0,0.105
LI009966,O002151,P0066,3.0,0.008
LI009967,O002645,P0045,5.0,0.207
LI009968,O003391,P0071,5.0,0.215
LI009969,O002399,P0073,3.0,0.12
LI009970,O002282,P0086,3.0,0.161
LI009971,O001671,P0106,4.0,0.119
LI009972,O000037,P0033,2.0,0.074
LI009973,O003417,P0118,2.0,0.135
LI009974,O001628,P0080,4.0,0.172
LI009975,O002340,P0043,5.0,0.039
LI009976,O006161,P0088,3.0,0.133
LI009977,O006234,P0072,1.0,0.194
LI009978,O001372,P0094,5.0,0.119
LI009979,O000677,P0026,2.0,0.039
LI009980,O005073,P0045,3.0,0.217
LI009981,O005564,P0112,4.0,0.168
LI009982,O000253,P0035,5.0,0.158
LI009983,O002865,P0109,1.0,0.163
LI009984,O001617,P0081,5.0,0.061
LI009985,O002017,P0053,4.0,0.123
LI009986,O002232,P0102,1.0,0.081
LI009987,O006434,P0010,5.0,0.208
LI009988,O000761,P0041,4.0,0.147
LI009989,O003287,P0114,5.0,0.179
LI009990,O006302,P0017,3.0,0.165
LI009991,O000393,P0071,5.0,0.121
LI009992,O003092,P0066,4.0,0.201
LI009993,O003543,P0011,2.0,0.154
LI009994,O000431,P0063,4.0,0.057
LI009995,O003731,P0114,5.0,0.073
LI009996,O000997,P0067,3.0,0.207
LI009997,O001092,P0046,2.0,0.235
LI009998,O001101,P0020,4.0,0.137
LI009999,O000102,P0013,2.0,0.096
LI010000,O002700,P0087,3.0,0.156
LI010001,O000893,P0017,1.0,0.121
LI010002,O006351,P0093,2.0,0.21
LI010003,O002261,P0118,4.0,0.208
LI010004,O006223,P0107,3.0,0.114
LI010005,O001789,P0103,4.0,0.201
LI010006,O002181,P0032,3.0,0.048
LI010007,O005317,P0099,4.0,0.093
LI010008,O003097,P0099,3.0,0.02
LI010009,O004568,P0098,5.0,0.202
LI010010,O003685,P0085,4.0,0.244
LI010011,O001781,P0016,3.0,0.144
LI010012,O003615,P0023,1.0,0.192
LI010013,O004014,P0011,3.0,0.1
LI010014,O006434,P0014,1.0,0.14
LI010015,O001280,P0067,2.0,0.087
LI010016,O004009,P0071,3.0,0.174
LI010017,O005595,P0104,2.0,0.062
LI010018,O003287,P0045,2.0,0.038
LI010019,O002682,P0115,5.0,0.225
LI010020,O004518,P0075,3.0,0.216
LI010021,O002629,P0033,5.0,0.209
LI010022,O000539,P0083,5.0,0.205
LI010023,O005803,P0045,2.0,0.182
LI010024,O001781,P0054,4.0,0.219
LI010025,O003527,P0113,2.0,0.053
LI010026,O002349,P0105,2.0,0.218
LI010027,O005408,P0051,1.0,0.229
LI010028,O001961,P0115,4.0,0.179
LI010029,O003092,P0087,2.0,0.15
LI010030,O003563,P0023,4.0,0.059
LI010031,O005082,P0029,1.0,0.217
LI010032,O004902,P0006,4.0,0.144
LI010033,O002305,P0039,3.0,0.153
LI010034,O002501,P0005,1.0,0.152
LI010035,O002486,P0096,4.0,0.217
LI010036,O002446,P0040,5.0,0.034
LI010037,O005273,P0090,4.0,0.015
LI010038,O000649,P0078,1.0,0.056
LI010039,O002270,P0082,5.0,0.123
LI010040,O005821,P0021,4.0,0.117
LI010041,O005556,P0059,4.0,0.128
LI010042,O003816,P0089,1.0,0.029
LI010043,O006280,P0020,5.0,0.198
LI010044,O001552,P0024,5.0,0.076
LI010045,O004722,P0003,4.0,0.228
LI010046,O004872,P0086,3.0,0.21
LI010047,O001303,P0072,1.0,0.016
LI010048,O002633,P0110,1.0,0.013
LI010049,O002533,P0057,2.0,0.157
LI010050,O001269,P0110,5.0,0.019
LI010051,O001774,P0093,5.0,0.143
LI010052,O003090,P0071,2.0,0.02
LI010053,O003628,P0070,4.0,0.12
LI010054,O001167,P0070,4.0,0.105
LI010055,O002549,P0076,1.0,0.148
LI010056,O001551,P0063,4.0,0.089
LI010057,O002141,P0086,3.0,0.035
LI010058,O005503,P0047,3.0,0.211
LI010059,O006009,P0090,3.0,0.075
LI010060,O006423,P0089,2.0,0.017
LI010061,O005847,P0019,3.0,0.125
LI010062,O003521,P0100,2.0,0.219
LI010063,O003655,P0099,1.0,0.07
LI010064,O000621,P0013,1.0,0.113
LI010065,O005408,P0089,3.0,0.101
LI010066,O002524,P0112,2.0,0.012
LI010067,O004768,P0045,3.0,0.217
LI010068,O004897,P0032,4.0,0.19
LI010069,O000171,P0030,2.0,0.024
LI010070,O005645,P0085,2.0,0.033
LI010071,O002420,P0042,2.0,0.003
LI010072,O002780,P0109,2.0,0.246
LI010073,O001417,P0104,4.0,0.104
LI010074,O006078,P0108,3.0,0.233
LI010075,O006329,P0072,1.0,0.105
LI010076,O000939,P0105,5.0,0.026
LI010077,O004931,P0042,5.0,0.086
LI010078,O006353,P0007,2.0,0.105
LI010079,O006143,P0003,2.0,0.044
LI010080,O005481,P0037,1.0,0.013
LI010081,O002032,P0003,5.0,0.079
LI010082,O005561,P0018,2.0,0.135
LI010083,O003178,P0115,4.0,0.064
LI010084,O002772,P0042,5.0,0.24
LI010085,O005352,P0009,4.0,0.12
LI010086,O005101,P0057,1.0,0.033
LI010087,O003797,P0024,1.0,0.103
LI010088,O002885,P0007,5.0,0.177
LI010089,O001732,P0097,3.0,0.122
LI010090,O001273,P0089,5.0,0.083
LI010091,O005437,P0042,4.0,0.027
LI010092,O006408,P0098,3.0,0.115
LI010093,O001753,P0102,4.0,0.024
LI010094,O001957,P0058,4.0,0.093
LI010095,O003488,P0085,4.0,0.029
LI010096,O005009,P0102,2.0,0.169
LI010097,O001692,P0056,3.0,0.193
LI010098,O004166,P0104,2.0,0.061
LI010099,O001258,P0058,2.0,0.019
LI010100,O000432,P0018,4.0,0.087
LI010101,O005174,P0039,1.0,0.14
LI010102,O004266,P0050,5.0,0.192
LI010103,O002084,P0033,1.0,0.101
LI010104,O003906,P0028,4.0,0.091
LI010105,O006047,P0056,5.0,0.227
LI010106,O006081,P0025,5.0,0.112
LI010107,O004355,P0014,4.0,0.112
LI010108,O002299,P0055,2.0,0.102
LI010109,O006157,P0084,5.0,0.091
LI010110,O002105,P0103,5.0,0.182
LI010111,O005100,P0084,5.0,0.07
LI010112,O001185,P0007,5.0,0.095
LI010113,O000437,P0004,3.0,0.071
LI010114,O004326,P0095,2.0,0.143
LI010115,O004927,P0030,3.0,0.24
LI010116,O004937,P0062,3.0,0.098
LI010117,O005313,P0057,4.0,0.242
LI010118,O004716,P0037,2.0,0.164
LI010119,O002400,P0055,1.0,0.199
LI010120,O005378,P0120,2.0,0.083
LI010121,O000622,P0085,1.0,0.056
LI010122,O003714,P0065,5.0,0.144
LI010123,O000635,P0052,1.0,0.248
LI010124,O003013,P0003,1.0,0.178
LI010125,O001994,P0077,1.0,0.17
LI010126,O002676,P0007,5.0,0.113
LI010127,O005862,P0070,5.0,0.22
LI010128,O002341,P0070,3.0,0.174
LI010129,O001410,P0034,1.0,0.169
LI010130,O003817,P0096,2.0,0.073
LI010131,O000829,P0016,4.0,0.239
LI010132,O002282,P0102,3.0,0.063
LI010133,O005823,P0008,1.0,0.131
LI010134,O000537,P0021,3.0,0.085
LI010135,O001403,P0011,1.0,0.045
LI010136,O000805,P0050,1.0,0.036
LI010137,O006133,P0087,3.0,0.073
LI010138,O003282,P0006,1.0,0.172
LI010139,O000852,P0110,1.0,0.244
LI010140,O002226,P0015,4.0,0.213
LI010141,O000556,P0011,2.0,0.055
LI010142,O003144,P0027,5.0,0.02
LI010143,O005342,P0079,4.0,0.172
LI010144,O005044,P0045,5.0,0.008
LI010145,O004324,P0038,5.0,0.215
LI010146,O001865,P0004,2.0,0.206
LI010147,O006030,P0078,4.0,0.198
LI010148,O004350,P0045,1.0,0.138
LI010149,O006150,P0010,2.0,0.243
LI010150,O002095,P0054,1.0,0.115
LI010151,O003479,P0029,1.0,0.247
LI010152,O002931,P0012,1.0,0.22
LI010153,O002628,P0056,1.0,0.032
LI010154,O000254,P0040,4.0,0.224
LI010155,O003521,P0084,5.0,0.076
LI010156,O000059,P0037,5.0,0.192
LI010157,O003703,P0066,4.0,0.0
LI010158,O001722,P0020,5.0,0.069
LI010159,O002608,P0012,2.0,0.19
LI010160,O005111,P0038,1.0,0.243
LI010161,O005311,P0030,1.0,0.043
LI010162,O000265,P0047,1.0,0.115
LI010163,O001708,P0082,3.0,0.147
LI010164,O005678,P0114,2.0,0.238
LI010165,O003215,P0074,3.0,0.113
LI010166,O002294,P0071,4.0,0.233
LI010167,O003288,P0042,3.0,0.245
LI010168,O002485,P0005,5.0,0.235
LI010169,O002736,P0048,5.0,0.187
LI010170,O002524,P0093,2.0,0.032
LI010171,O003456,P0115,3.0,0.151
LI010172,O000938,P0099,3.0,0.188
LI010173,O000878,P0103,1.0,0.239
LI010174,O002705,P0051,2.0,0.194
LI010175,O000547,P0012,1.0,0.135
LI010176,O002463,P0010,2.0,0.051
LI010177,O003204,P0037,2.0,0.114
LI010178,O004494,P0066,3.0,0.16
LI010179,O003579,P0067,1.0,0.081
LI010180,O006136,P0014,4.0,0.114
LI010181,O003632,P0047,1.0,0.004
LI010182,O002216,P0020,4.0,0.22
LI010183,O003847,P0109,5.0,0.009
LI010184,O005727,P0113,2.0,0.102
LI010185,O005948,P0052,1.0,0.128
LI010186,O000230,P0068,2.0,0.243
LI010187,O004799,P0115,1.0,0.234
LI010188,O001428,P0026,5.0,0.162
LI010189,O006288,P0047,1.0,0.146
LI010190,O001700,P0079,5.0,0.092
LI010191,O005651,P0073,2.0,0.01
LI010192,O003970,P0003,3.0,0.067
LI010193,O006212,P0002,4.0,0.212
LI010194,O003066,P0103,2.0,0.162
LI010195,O002146,P0041,3.0,0.204
LI010196,O000007,P0118,2.0,0.209
LI010197,O004273,P0030,2.0,0.016
LI010198,O001230,P0037,1.0,0.084
LI010199,O004395,P0081,5.0,0.169
LI010200,O001824,P0003,5.0,0.213
LI010201,O003985,P0009,1.0,0.2
LI010202,O002277,P0008,1.0,0.106
LI010203,O002944,P0009,2.0,0.233
LI010204,O000631,P0120,5.0,0.075
LI010205,O000270,P0017,2.0,0.094
LI010206,O004177,P0024,3.0,0.045
LI010207,O005792,P0072,3.0,0.057
LI010208,O003772,P0117,1.0,0.002
LI010209,O004916,P0014,5.0,0.077
LI010210,O000501,P0054,3.0,0.077
LI010211,O005607,P0080,5.0,0.017
LI010212,O005608,P0018,5.0,0.085
LI010213,O005086,P0113,4.0,0.075
LI010214,O005598,P0088,3.0,0.2
LI010215,O002751,P0039,3.0,0.039
LI010216,O001313,P0116,2.0,0.181
LI010217,O002154,P0047,2.0,0.032
LI010218,O004737,P0027,5.0,0.124
LI010219,O000609,P0092,1.0,0.184
LI010220,O003044,P0071,2.0,0.152
LI010221,O005105,P0098,2.0,0.161
LI010222,O005696,P0091,5.0,0.052
LI010223,O001664,P0034,3.0,0.207
LI010224,O003295,P0103,2.0,0.238
LI010225,O005925,P0019,1.0,0.039
LI010226,O001998,P0006,5.0,0.222
LI010227,O002430,P0030,3.0,0.099
LI010228,O006023,P0092,4.0,0.175
LI010229,O004200,P0012,1.0,0.127
LI010230,O002712,P0015,3.0,0.198
LI010231,O003186,P0109,5.0,0.011
LI010232,O001532,P0039,4.0,0.081
LI010233,O006084,P0103,1.0,0.012
LI010234,O005175,P0064,2.0,0.235
LI010235,O004217,P0064,2.0,0.043
LI010236,O003707,P0015,1.0,0.106
LI010237,O003075,P0058,2.0,0.16
LI010238,O004503,P0100,5.0,0.115
LI010239,O000676,P0067,1.0,0.134
LI010240,O001655,P0001,1.0,0.051
LI010241,O004528,P0007,2.0,0.017
LI010242,O005005,P0009,1.0,0.064
LI010243,O004157,P0001,4.0,0.079
LI010244,O003545,P0005,1.0,0.104
LI010245,O005367,P0047,2.0,0.074
LI010246,O003819,P0100,2.0,0.009
LI010247,O003444,P0010,2.0,0.024
LI010248,O005710,P0002,2.0,0.168
LI010249,O001048,P0023,5.0,0.016
LI010250,O002454,P0103,2.0,0.012
LI010251,O001332,P0093,4.0,0.203
LI010252,O004083,P0056,1.0,0.01
LI010253,O002661,P0019,3.0,0.017
LI010254,O002263,P0038,3.0,0.137
LI010255,O004358,P0047,5.0,0.111
LI010256,O005533,P0084,3.0,0.241
LI010257,O006267,P0076,2.0,0.234
LI010258,O000764,P0075,3.0,0.165
LI010259,O002368,P0099,4.0,0.018
LI010260,O003409,P0052,2.0,0.126
LI010261,O006302,P0049,3.0,0.011
LI010262,O001685,P0071,2.0,0.227
LI010263,O005185,P0023,5.0,0.165
LI010264,O004465,P0119,4.0,0.143
LI010265,O000870,P0050,1.0,0.107
LI010266,O005124,P0017,2.0,0.127
LI010267,O002734,P0048,4.0,0.1
LI010268,O000914,P0002,5.0,0.025
LI010269,O005876,P0069,5.0,0.165
LI010270,O003132,P0062,4.0,0.249
LI010271,O001631,P0085,3.0,0.028
LI010272,O000543,P0013,4.0,0.249
LI010273,O002204,P0061,3.0,0.225
LI010274,O002936,P0011,3.0,0.224
LI010275,O000752,P0088,4.0,0.208
LI010276,O002112,P0097,5.0,0.231
LI010277,O000421,P0027,1.0,0.062
LI010278,O002371,P0119,1.0,0.109
LI010279,O001487,P0035,4.0,0.12
LI010280,O005700,P0018,2.0,0.017
LI010281,O000547,P0085,4.0,0.245
LI010282,O006395,P0068,1.0,0.172
LI010283,O004962,P0061,4.0,0.113
LI010284,O002558,P0041,5.0,0.248
LI010285,O001572,P0096,1.0,0.068
LI010286,O000454,P0043,1.0,0.084
LI010287,O002692,P0049,1.0,0.048
LI010288,O001758,P0011,5.0,0.047
LI010289,O004775,P0067,1.0,0.047
LI010290,O004370,P0051,2.0,0.153
LI010291,O000060,P0052,1.0,0.074
LI010292,O004438,P0119,4.0,0.238
LI010293,O001418,P0085,2.0,0.204
LI010294,O002161,P0043,3.0,0.04
LI010295,O005911,P0058,1.0,0.208
LI010296,O006212,P0078,3.0,0.086
LI010297,O001339,P0070,3.0,0.057
LI010298,O000467,P0115,5.0,0.196
LI010299,O002311,P0117,4.0,0.214
LI010300,O002472,P0029,4.0,0.24
LI010301,O000720,P0031,3.0,0.105
LI010302,O001236,P0111,5.0,0.141
LI010303,O000563,P0028,2.0,0.154
LI010304,O000983,P0107,1.0,0.157
LI010305,O002967,P0050,2.0,0.101
LI010306,O002336,P0036,1.0,0.038
LI010307,O004521,P0092,3.0,0.018
LI010308,O004650,P0019,5.0,0.226
LI010309,O004855,P0067,5.0,0.092
LI010310,O001731,P0012,4.0,0.045
LI010311,O004340,P0100,4.0,0.246
LI010312,O003048,P0088,2.0,0.201
LI010313,O001358,P0076,4.0,0.245
LI010314,O002376,P0024,1.0,0.07
LI010315,O002763,P0065,5.0,0.116
LI010316,O005226,P0092,5.0,0.202
LI010317,O001786,P0080,3.0,0.138
LI010318,O006007,P0021,3.0,0.089
LI010319,O001963,P0094,2.0,0.04
LI010320,O001189,P0098,3.0,0.14
LI010321,O005966,P0026,1.0,0.15
LI010322,O002679,P0118,4.0,0.18
LI010323,O006106,P0035,4.0,0.198
LI010324,O005177,P0095,2.0,0.03
LI010325,O005056,P0080,4.0,0.157
LI010326,O003008,P0058,5.0,0.195
LI010327,O005308,P0042,4.0,0.097
LI010328,O003124,P0029,3.0,0.069
LI010329,O003144,P0029,5.0,0.12
LI010330,O002801,P0009,3.0,0.078
LI010331,O000324,P0078,3.0,0.127
LI010332,O003684,P0072,2.0,0.077
LI010333,O002203,P0002,2.0,0.106
LI010334,O006203,P0075,5.0,0.229
LI010335,O001795,P0002,4.0,0.229
LI010336,O002249,P0111,1.0,0.248
LI010337,O002343,P0018,4.0,0.122
LI010338,O003394,P0069,5.0,0.042
LI010339,O003401,P0057,1.0,0.222
LI010340,O001976,P0071,3.0,0.149
LI010341,O005510,P0023,3.0,0.187
LI010342,O003046,P0019,1.0,0.041
LI010343,O001308,P0019,3.0,0.08
LI010344,O006493,P0058,4.0,0.069
LI010345,O001456,P0112,2.0,0.14
LI010346,O000963,P0083,4.0,0.249
LI010347,O001718,P0049,3.0,0.153
LI010348,O002430,P0045,2.0,0.143
LI010349,O005392,P0104,4.0,0.19
LI010350,O002540,P0028,3.0,0.082
LI010351,O003619,P0075,4.0,0.063
LI010352,O002379,P0050,3.0,0.21
LI010353,O000875,P0011,5.0,0.24
LI010354,O003671,P0055,1.0,0.105
LI010355,O002206,P0009,3.0,0.01
LI010356,O004528,P0014,4.0,0.045
LI010357,O001140,P0098,3.0,0.214
LI010358,O003592,P0093,3.0,0.03
LI010359,O004715,P0113,4.0,0.191
LI010360,O004715,P0021,4.0,0.155
LI010361,O002674,P0048,2.0,0.182
LI010362,O004531,P0058,3.0,0.064
LI010363,O001546,P0069,5.0,0.005
LI010364,O002844,P0097,1.0,0.01
LI010365,O005028,P0009,3.0,0.181
LI010366,O004668,P0067,4.0,0.153
LI010367,O000266,P0078,2.0,0.21
LI010368,O000102,P0018,3.0,0.1
LI010369,O002757,P0012,5.0,0.139
LI010370,O003974,P0087,4.0,0.196
LI010371,O001535,P0078,5.0,0.124
LI010372,O002270,P0016,5.0,0.248
LI010373,O002963,P0037,1.0,0.186
LI010374,O002484,P0020,1.0,0.171
LI010375,O001214,P0020,3.0,0.2
LI010376,O004736,P0015,1.0,0.194
LI010377,O002993,P0105,3.0,0.055
LI010378,O004430,P0025,3.0,0.053
LI010379,O000907,P0017,4.0,0.152
LI010380,O001582,P0012,4.0,0.109
LI010381,O001605,P0109,2.0,0.218
LI010382,O006495,P0042,1.0,0.073
LI010383,O005996,P0039,2.0,0.083
LI010384,O000570,P0056,5.0,0.042
LI010385,O006259,P0053,3.0,0.245
LI010386,O001546,P0071,3.0,0.029
LI010387,O000909,P0072,4.0,0.246
LI010388,O004463,P0088,5.0,0.177
LI010389,O004084,P0047,3.0,0.022
LI010390,O003341,P0025,3.0,0.038
LI010391,O002426,P0085,5.0,0.082
LI010392,O003219,P0050,5.0,0.065
LI010393,O002166,P0118,3.0,0.243
LI010394,O001014,P0033,5.0,0.153
LI010395,O003207,P0074,1.0,0.019
LI010396,O001873,P0086,5.0,0.131
LI010397,O004910,P0083,2.0,0.224
LI010398,O000206,P0029,2.0,0.104
LI010399,O000816,P0003,3.0,0.167
LI010400,O000066,P0039,3.0,0.193
LI010401,O004046,P0004,4.0,0.046
LI010402,O002052,P0037,5.0,0.214
LI010403,O000003,P0095,2.0,0.112
LI010404,O005835,P0006,4.0,0.014
LI010405,O000325,P0092,3.0,0.22
LI010406,O005360,P0010,1.0,0.141
LI010407,O006135,P0012,5.0,0.05
LI010408,O000605,P0110,4.0,0.079
LI010409,O004892,P0118,1.0,0.142
LI010410,O002583,P0066,3.0,0.094
LI010411,O005918,P0003,2.0,0.058
LI010412,O002647,P0065,4.0,0.12
LI010413,O003123,P0064,4.0,0.046
LI010414,O003115,P0035,3.0,0.061
LI010415,O003276,P0024,3.0,0.207
LI010416,O000347,P0047,2.0,0.057
LI010417,O005178,P0112,2.0,0.174
LI010418,O004155,P0052,2.0,0.063
LI010419,O002728,P0034,1.0,0.053
LI010420,O005806,P0084,1.0,0.063
LI010421,O002559,P0080,3.0,0.117
LI010422,O003390,P0094,4.0,0.037
LI010423,O003444,P0111,1.0,0.027
LI010424,O002255,P0103,3.0,0.189
LI010425,O000111,P0025,1.0,0.006
LI010426,O000023,P0069,2.0,0.096
LI010427,O005548,P0029,3.0,0.099
LI010428,O003817,P0101,2.0,0.223
LI010429,O001964,P0092,5.0,0.194
LI010430,O004883,P0064,4.0,0.128
LI010431,O001708,P0053,2.0,0.12
LI010432,O003083,P0058,4.0,0.141
LI010433,O006054,P0041,3.0,0.089
LI010434,O003816,P0087,5.0,0.175
LI010435,O000747,P0096,4.0,0.172
LI010436,O000515,P0110,1.0,0.144
LI010437,O006288,P0051,3.0,0.014
LI010438,O003040,P0018,5.0,0.032
LI010439,O005862,P0041,1.0,0.01
LI010440,O002857,P0099,1.0,0.18
LI010441,O002342,P0061,5.0,0.119
LI010442,O000325,P0107,2.0,0.239
LI010443,O006337,P0024,5.0,0.238
LI010444,O003363,P0047,5.0,0.2
LI010445,O003491,P0028,5.0,0.111
LI010446,O002508,P0036,4.0,0.079
LI010447,O006116,P0021,2.0,0.05
LI010448,O005168,P0056,3.0,0.058
LI010449,O003179,P0069,1.0,0.248
LI010450,O003325,P0026,4.0,0.133
LI010451,O001563,P0114,2.0,0.003
LI010452,O001545,P0054,5.0,0.011
LI010453,O005852,P0087,4.0,0.115
LI010454,O003230,P0044,4.0,0.111
LI010455,O000526,P0033,1.0,0.101
LI010456,O005015,P0026,3.0,0.206
LI010457,O006173,P0022,2.0,0.176
LI010458,O004634,P0020,2.0,0.027
LI010459,O001750,P0002,2.0,0.091
LI010460,O006287,P0041,5.0,0.149
LI010461,O004723,P0054,5.0,0.096
LI010462,O000841,P0057,4.0,0.052
LI010463,O002266,P0018,3.0,0.157
LI010464,O004689,P0005,1.0,0.151
LI010465,O000713,P0118,1.0,0.244
LI010466,O000067,P0096,3.0,0.14
LI010467,O000761,P0046,2.0,0.219
LI010468,O006288,P0075,3.0,0.237
LI010469,O005261,P0021,1.0,0.109
LI010470,O005466,P0022,5.0,0.013
LI010471,O000465,P0003,3.0,0.036
LI010472,O004192,P0009,4.0,0.126
LI010473,O004504,P0002,5.0,0.223
LI010474,O003190,P0110,4.0,0.164
LI010475,O005950,P0028,4.0,0.05
LI010476,O004900,P0034,3.0,0.175
LI010477,O001468,P0053,4.0,0.224
LI010478,O004853,P0059,2.0,0.008
LI010479,O006102,P0010,3.0,0.061
LI010480,O002761,P0083,1.0,0.038
LI010481,O006422,P0093,2.0,0.196
LI010482,O004457,P0002,5.0,0.223
LI010483,O001394,P0048,3.0,0.139
LI010484,O003694,P0006,1.0,0.212
LI010485,O004308,P0044,1.0,0.164
LI010486,O005379,P0054,3.0,0.164
LI010487,O001700,P0071,2.0,0.145
LI010488,O001121,P0036,1.0,0.013
LI010489,O005330,P0008,3.0,0.234
LI010490,O001572,P0083,3.0,0.089
LI010491,O004874,P0010,4.0,0.201
LI010492,O006165,P0033,3.0,0.202
LI010493,O000729,P0101,1.0,0.241
LI010494,O003505,P0102,4.0,0.082
LI010495,O000616,P0091,1.0,0.249
LI010496,O000371,P0093,2.0,0.075
LI010497,O003465,P0019,2.0,0.113
LI010498,O005339,P0018,1.0,0.177
LI010499,O005624,P0115,5.0,0.039
LI010500,O004728,P0051,5.0,0.067
LI010501,O004857,P0023,5.0,0.182
LI010502,O004943,P0001,1.0,0.244
LI010503,O000948,P0059,3.0,0.183
LI010504,O001120,P0116,4.0,0.216
LI010505,O001456,P0107,3.0,0.009
LI010506,O006332,P0003,1.0,0.144
LI010507,O002549,P0010,3.0,0.229
LI010508,O002423,P0071,2.0,0.171
LI010509,O005264,P0049,4.0,0.169
LI010510,O003612,P0056,1.0,0.051
LI010511,O002547,P0090,4.0,0.215
LI010512,O006150,P0016,5.0,0.216
LI010513,O001341,P0039,5.0,0.154
LI010514,O003846,P0109,2.0,0.107
LI010515,O005350,P0096,1.0,0.206
LI010516,O001519,P0076,5.0,0.116
LI010517,O005826,P0044,4.0,0.206
LI010518,O001960,P0008,4.0,0.121
LI010519,O000711,P0008,2.0,0.145
LI010520,O004571,P0045,5.0,0.187
LI010521,O000574,P0011,3.0,0.066
LI010522,O002844,P0097,5.0,0.062
LI010523,O000508,P0025,2.0,0.167
LI010524,O002223,P0017,5.0,0.238
LI010525,O004788,P0095,1.0,0.112
LI010526,O001295,P0083,2.0,0.225
LI010527,O001698,P0109,3.0,0.13
LI010528,O000788,P0055,4.0,0.243
LI010529,O003790,P0079,5.0,0.198
LI010530,O004668,P0056,4.0,0.215
LI010531,O002234,P0044,2.0,0.17
LI010532,O000587,P0053,4.0,0.217
LI010533,O003166,P0113,1.0,0.148
LI010534,O003651,P0035,2.0,0.142
LI010535,O004610,P0039,2.0,0.218
LI010536,O003250,P0002,5.0,0.004
LI010537,O002702,P0098,2.0,0.12
LI010538,O006072,P0025,1.0,0.218
LI010539,O004037,P0038,5.0,0.049
LI010540,O000556,P0068,1.0,0.24
LI010541,O001710,P0080,3.0,0.185
LI010542,O003976,P0032,5.0,0.191
LI010543,O004391,P0079,2.0,0.166
LI010544,O003308,P0106,2.0,0.112
LI010545,O005213,P0078,2.0,0.115
LI010546,O001511,P0041,3.0,0.21
LI010547,O006188,P0079,1.0,0.035
LI010548,O002587,P0071,2.0,0.131
LI010549,O005904,P0007,4.0,0.077
LI010550,O003547,P0072,2.0,0.246
LI010551,O006183,P0083,5.0,0.001
LI010552,O004077,P0018,5.0,0.016
LI010553,O003507,P0017,4.0,0.242
LI010554,O006079,P0082,3.0,0.136
LI010555,O006433,P0083,5.0,0.035
LI010556,O004344,P0117,3.0,0.112
LI010557,O003634,P0104,3.0,0.081
LI010558,O002407,P0077,4.0,0.228
LI010559,O001462,P0059,5.0,0.172
LI010560,O005915,P0011,2.0,0.033
LI010561,O006353,P0051,3.0,0.134
LI010562,O002172,P0007,3.0,0.034
LI010563,O005071,P0027,5.0,0.166
LI010564,O005974,P0059,5.0,0.182
LI010565,O000403,P0037,4.0,0.141
LI010566,O000284,P0005,1.0,0.241
LI010567,O006116,P0062,1.0,0.236
LI010568,O000241,P0072,1.0,0.051
LI010569,O004263,P0074,3.0,0.0
LI010570,O005872,P0101,4.0,0.166
LI010571,O004657,P0090,1.0,0.119
LI010572,O002196,P0079,5.0,0.084
LI010573,O000701,P0055,3.0,0.229
LI010574,O002671,P0016,3.0,0.245
LI010575,O001920,P0093,5.0,0.233
LI010576,O004361,P0092,4.0,0.125
LI010577,O002549,P0074,4.0,0.176
LI010578,O002327,P0056,1.0,0.043
LI010579,O002797,P0104,5.0,0.238
LI010580,O002207,P0051,2.0,0.071
LI010581,O005180,P0068,4.0,0.048
LI010582,O004595,P0046,1.0,0.015
LI010583,O001611,P0061,3.0,0.138
LI010584,O000488,P0104,4.0,0.237
LI010585,O000465,P0117,2.0,0.034
LI010586,O004324,P0078,3.0,0.03
LI010587,O000666,P0108,3.0,0.068
LI010588,O005476,P0033,5.0,0.166
LI010589,O001490,P0055,5.0,0.137
LI010590,O000799,P0115,4.0,0.024
LI010591,O002801,P0018,2.0,0.111
LI010592,O003299,P0012,5.0,0.017
LI010593,O003241,P0074,1.0,0.213
LI010594,O003356,P0021,3.0,0.027
LI010595,O003930,P0097,1.0,0.118
LI010596,O004358,P0078,3.0,0.128
LI010597,O003874,P0073,1.0,0.133
LI010598,O000860,P0026,3.0,0.152
LI010599,O000364,P0079,5.0,0.175
LI010600,O006143,P0021,1.0,0.001
LI010601,O006127,P0022,4.0,0.008
LI010602,O003933,P0055,4.0,0.153
LI010603,O002146,P0046,2.0,0.046
LI010604,O005132,P0041,2.0,0.208
LI010605,O002832,P0107,2.0,0.157
LI010606,O004679,P0005,1.0,0.245
LI010607,O005023,P0044,3.0,0.182
LI010608,O003573,P0016,2.0,0.023
LI010609,O006279,P0116,5.0,0.043
LI010610,O006403,P0035,4.0,0.012
LI010611,O000916,P0005,4.0,0.185
LI010612,O006083,P0062,5.0,0.032
LI010613,O001775,P0090,4.0,0.166
LI010614,O003366,P0026,1.0,0.139
LI010615,O005560,P0061,5.0,0.158
LI010616,O000151,P0051,1.0,0.127
LI010617,O005601,P0069,4.0,0.003
LI010618,O004964,P0056,5.0,0.063
LI010619,O003221,P0050,5.0,0.221
LI010620,O003022,P0036,5.0,0.232
LI010621,O004238,P0024,4.0,0.024
LI010622,O006395,P0079,4.0,0.238
LI010623,O003818,P0030,4.0,0.168
LI010624,O005003,P0069,2.0,0.231
LI010625,O001071,P0104,2.0,0.1
LI010626,O003444,P0048,3.0,0.025
LI010627,O004190,P0022,5.0,0.076
LI010628,O000761,P0033,4.0,0.172
LI010629,O004452,P0069,5.0,0.199
LI010630,O004628,P0096,1.0,0.013
LI010631,O002740,P0050,1.0,0.122
LI010632,O002018,P0112,4.0,0.016
LI010633,O005549,P0023,2.0,0.216
LI010634,O000917,P0010,3.0,0.119
LI010635,O006208,P0036,2.0,0.229
LI010636,O003944,P0114,5.0,0.02
LI010637,O003461,P0017,2.0,0.083
LI010638,O001493,P0053,4.0,0.169
LI010639,O003622,P0091,2.0,0.073
LI010640,O000727,P0109,1.0,0.21
LI010641,O005651,P0008,4.0,0.247
LI010642,O004862,P0104,4.0,0.07
LI010643,O001610,P0044,4.0,0.09
LI010644,O005019,P0061,2.0,0.242
LI010645,O004749,P0114,1.0,0.09
LI010646,O005001,P0006,2.0,0.139
LI010647,O004842,P0071,5.0,0.192
LI010648,O000940,P0090,3.0,0.11
LI010649,O000088,P0081,3.0,0.093
LI010650,O005930,P0037,3.0,0.124
LI010651,O000563,P0054,5.0,0.195
LI010652,O001269,P0023,5.0,0.078
LI010653,O001491,P0091,5.0,0.088
LI010654,O005562,P0057,1.0,0.047
LI010655,O004538,P0051,4.0,0.175
LI010656,O006046,P0104,5.0,0.225
LI010657,O003080,P0058,3.0,0.046
LI010658,O001573,P0019,3.0,0.009
LI010659,O004655,P0027,2.0,0.095
LI010660,O003172,P0089,4.0,0.103
LI010661,O002801,P0104,5.0,0.161
LI010662,O003414,P0025,4.0,0.021
LI010663,O005039,P0021,5.0,0.205
LI010664,O001258,P0025,3.0,0.143
LI010665,O004889,P0051,4.0,0.136
LI010666,O006270,P0071,4.0,0.079
LI010667,O004786,P0035,5.0,0.091
LI010668,O004573,P0070,5.0,0.014
LI010669,O004781,P0104,4.0,0.188
LI010670,O002420,P0050,5.0,0.151
LI010671,O001144,P0015,4.0,0.244
LI010672,O004638,P0024,2.0,0.088
LI010673,O004275,P0049,4.0,0.167
LI010674,O003166,P0068,1.0,0.23
LI010675,O002615,P0007,4.0,0.178
LI010676,O000748,P0094,2.0,0.01
LI010677,O006446,P0081,2.0,0.158
LI010678,O003490,P0054,3.0,0.136
LI010679,O002634,P0038,3.0,0.125
LI010680,O005572,P0094,1.0,0.138
LI010681,O003489,P0045,5.0,0.115
LI010682,O001848,P0103,5.0,0.173
LI010683,O004026,P0009,2.0,0.004
LI010684,O001146,P0055,2.0,0.047
LI010685,O002105,P0083,3.0,0.091
LI010686,O003857,P0052,2.0,0.113
LI010687,O005120,P0077,4.0,0.033
LI010688,O005259,P0111,4.0,0.205
LI010689,O005319,P0049,1.0,0.232
LI010690,O002769,P0101,4.0,0.188
LI010691,O004060,P0055,1.0,0.232
LI010692,O001809,P0083,3.0,0.186
LI010693,O005481,P0070,4.0,0.11
LI010694,O000410,P0076,1.0,0.098
LI010695,O000646,P0079,5.0,0.042
LI010696,O003921,P0111,1.0,0.022
LI010697,O001552,P0003,4.0,0.055
LI010698,O005735,P0068,1.0,0.133
LI010699,O005363,P0101,3.0,0.034
LI010700,O001114,P0038,2.0,0.238
LI010701,O003588,P0070,5.0,0.055
LI010702,O000062,P0049,3.0,0.208
LI010703,O001236,P0092,5.0,0.205
LI010704,O004344,P0008,5.0,0.035
LI010705,O001728,P0115,1.0,0.178
LI010706,O004593,P0116,2.0,0.206
LI010707,O006200,P0120,1.0,0.221
LI010708,O004555,P0095,1.0,0.238
LI010709,O002967,P0085,4.0,0.233
LI010710,O003361,P0118,1.0,0.078
LI010711,O005663,P0045,2.0,0.067
LI010712,O001413,P0029,3.0,0.099
LI010713,O003585,P0079,1.0,0.116
LI010714,O001734,P0049,2.0,0.058
LI010715,O003631,P0024,1.0,0.022
LI010716,O003870,P0021,5.0,0.164
LI010717,O005201,P0113,1.0,0.044
LI010718,O002492,P0023,4.0,0.229
LI010719,O002040,P0095,5.0,0.072
LI010720,O004888,P0098,2.0,0.049
LI010721,O001308,P0028,1.0,0.049
LI010722,O004013,P0032,5.0,0.072
LI010723,O001725,P0022,5.0,0.153
LI010724,O005671,P0062,3.0,0.245
LI010725,O004691,P0067,5.0,0.122
LI010726,O002456,P0118,2.0,0.15
LI010727,O006471,P0073,1.0,0.211
LI010728,O000942,P0006,5.0,0.084
LI010729,O005296,P0065,2.0,0.045
LI010730,O002037,P0022,3.0,0.108
LI010731,O001814,P0051,1.0,0.08
LI010732,O003062,P0068,4.0,0.217
LI010733,O002395,P0109,5.0,0.244
LI010734,O004368,P0116,5.0,0.172
LI010735,O001285,P0057,3.0,0.163
LI010736,O000396,P0072,2.0,0.179
LI010737,O003764,P0055,3.0,0.117
LI010738,O004250,P0101,2.0,0.157
LI010739,O001091,P0042,1.0,0.018
LI010740,O002889,P0052,5.0,0.123
LI010741,O001723,P0061,4.0,0.083
LI010742,O004444,P0019,3.0,0.013
LI010743,O004007,P0108,4.0,0.136
LI010744,O001087,P0001,4.0,0.09
LI010745,O006500,P0041,5.0,0.148
LI010746,O001305,P0063,5.0,0.128
LI010747,O003113,P0088,4.0,0.069
LI010748,O005660,P0048,1.0,0.135
LI010749,O001015,P0081,4.0,0.095
LI010750,O004373,P0032,2.0,0.23
LI010751,O000221,P0050,2.0,0.094
LI010752,O005849,P0014,2.0,0.01
LI010753,O003806,P0017,2.0,0.191
LI010754,O006205,P0096,3.0,0.241
LI010755,O001127,P0097,1.0,0.042
LI010756,O003257,P0030,3.0,0.243
LI010757,O001931,P0117,3.0,0.154
LI010758,O002123,P0111,2.0,0.212
LI010759,O000473,P0051,1.0,0.118
LI010760,O005121,P0098,1.0,0.156
LI010761,O000416,P0092,4.0,0.21
LI010762,O005589,P0062,3.0,0.246
LI010763,O005485,P0024,1.0,0.046
LI010764,O001869,P0120,5.0,0.225
LI010765,O005794,P0063,3.0,0.167
LI010766,O004113,P0014,1.0,0.237
LI010767,O001534,P0118,5.0,0.08
LI010768,O001463,P0034,5.0,0.061
LI010769,O005999,P0059,5.0,0.091
LI010770,O001866,P0111,2.0,0.221
LI010771,O004010,P0065,4.0,0.115
LI010772,O003131,P0086,4.0,0.238
LI010773,O001737,P0033,1.0,0.061
LI010774,O003187,P0108,1.0,0.055
LI010775,O006347,P0118,4.0,0.17
LI010776,O000472,P0111,5.0,0.073
LI010777,O003178,P0058,1.0,0.032
LI010778,O002927,P0018,2.0,0.094
LI010779,O002866,P0111,2.0,0.067
LI010780,O003198,P0103,4.0,0.103
LI010781,O002462,P0012,1.0,0.047
LI010782,O005795,P0074,1.0,0.239
LI010783,O003582,P0066,5.0,0.2
LI010784,O000501,P0002,1.0,0.21
LI010785,O000121,P0070,4.0,0.074
LI010786,O001776,P0084,1.0,0.214
LI010787,O000607,P0102,1.0,0.148
LI010788,O004446,P0028,2.0,0.014
LI010789,O000820,P0120,4.0,0.038
LI010790,O003265,P0042,3.0,0.111
LI010791,O000784,P0003,4.0,0.098
LI010792,O001847,P0048,4.0,0.199
LI010793,O004593,P0101,3.0,0.218
LI010794,O000392,P0101,3.0,0.216
LI010795,O003746,P0106,2.0,0.094
LI010796,O001133,P0089,5.0,0.159
LI010797,O002977,P0087,4.0,0.124
LI010798,O002518,P0013,4.0,0.222
LI010799,O004446,P0057,4.0,0.222
LI010800,O004871,P0088,4.0,0.013
LI010801,O005842,P0003,2.0,0.143
LI010802,O002197,P0114,4.0,0.126
LI010803,O006400,P0063,3.0,0.193
LI010804,O003461,P0115,3.0,0.049
LI010805,O005319,P0038,1.0,0.174
LI010806,O006028,P0059,2.0,0.185
LI010807,O005563,P0028,1.0,0.007
LI010808,O005969,P0026,4.0,0.108
LI010809,O004440,P0084,2.0,0.245
LI010810,O000677,P0091,2.0,0.075
LI010811,O006252,P0065,5.0,0.221
LI010812,O000595,P0074,5.0,0.147
LI010813,O003885,P0074,1.0,0.074
LI010814,O003152,P0061,1.0,0.209
LI010815,O003325,P0057,3.0,0.248
LI010816,O006169,P0118,3.0,0.186
LI010817,O006427,P0001,3.0,0.015
LI010818,O002935,P0032,2.0,0.013
LI010819,O005034,P0115,4.0,0.123
LI010820,O006087,P0032,1.0,0.002
LI010821,O004334,P0107,3.0,0.169
LI010822,O002986,P0027,2.0,0.004
LI010823,O002364,P0013,5.0,0.243
LI010824,O000840,P0017,4.0,0.22
LI010825,O002511,P0028,5.0,0.204
LI010826,O003770,P0089,5.0,0.203
LI010827,O004688,P0052,4.0,0.209
LI010828,O002888,P0114,2.0,0.109
LI010829,O003044,P0036,5.0,0.198
LI010830,O001632,P0047,2.0,0.092
LI010831,O001406,P0066,5.0,0.212
LI010832,O006116,P0032,3.0,0.154
LI010833,O004246,P0032,4.0,0.09
LI010834,O006496,P0070,1.0,0.186
LI010835,O002490,P0118,4.0,0.061
LI010836,O004491,P0095,5.0,0.241
LI010837,O003437,P0055,5.0,0.166
LI010838,O000006,P0073,3.0,0.1
LI010839,O002582,P0107,3.0,0.138
LI010840,O000220,P0116,4.0,0.184
LI010841,O002919,P0080,1.0,0.199
LI010842,O000012,P0089,4.0,0.244
LI010843,O002843,P0040,1.0,0.052
LI010844,O005505,P0028,2.0,0.126
LI010845,O000458,P0081,5.0,0.023
LI010846,O002273,P0031,2.0,0.021
LI010847,O006480,P0119,4.0,0.026
LI010848,O000167,P0087,1.0,0.065
LI010849,O005958,P0031,1.0,0.174
LI010850,O001974,P0026,2.0,0.215
LI010851,O001945,P0004,3.0,0.109
LI010852,O002196,P0103,3.0,0.139
LI010853,O004132,P0107,2.0,0.052
LI010854,O003829,P0107,3.0,0.198
LI010855,O005086,P0107,1.0,0.222
LI010856,O006452,P0058,4.0,0.121
LI010857,O004738,P0117,3.0,0.04
LI010858,O000240,P0117,1.0,0.001
LI010859,O000917,P0079,4.0,0.134
LI010860,O002953,P0101,1.0,0.124
LI010861,O003439,P0102,5.0,0.231
LI010862,O000856,P0023,4.0,0.009
LI010863,O006448,P0069,5.0,0.037
LI010864,O002665,P0105,3.0,0.049
LI010865,O003239,P0060,3.0,0.137
LI010866,O000554,P0043,1.0,0.071
LI010867,O002814,P0089,2.0,0.051
LI010868,O001886,P0094,1.0,0.129
LI010869,O005421,P0119,5.0,0.01
LI010870,O002946,P0026,4.0,0.244
LI010871,O001229,P0067,2.0,0.215
LI010872,O000195,P0116,1.0,0.068
LI010873,O003688,P0068,5.0,0.084
LI010874,O005995,P0055,5.0,0.061
LI010875,O001426,P0047,3.0,0.232
LI010876,O003820,P0082,1.0,0.163
LI010877,O002694,P0059,1.0,0.13
LI010878,O006396,P0101,5.0,0.127
LI010879,O003754,P0075,1.0,0.041
LI010880,O001972,P0075,3.0,0.241
LI010881,O005403,P0100,2.0,0.229
LI010882,O006351,P0016,5.0,0.238
LI010883,O000500,P0058,3.0,0.073
LI010884,O005263,P0107,3.0,0.119
LI010885,O004115,P0089,4.0,0.13
LI010886,O003774,P0001,2.0,0.122
LI010887,O003648,P0090,3.0,0.005
LI010888,O002867,P0045,4.0,0.208
LI010889,O000687,P0094,4.0,0.187
LI010890,O002068,P0115,1.0,0.119
LI010891,O005908,P0006,3.0,0.067
LI010892,O003922,P0091,5.0,0.159
LI010893,O000448,P0052,1.0,0.035
LI010894,O001767,P0019,2.0,0.249
LI010895,O001125,P0102,5.0,0.031
LI010896,O000294,P0109,5.0,0.015
LI010897,O005670,P0043,4.0,0.153
LI010898,O004161,P0019,3.0,0.116
LI010899,O002547,P0039,4.0,0.18
LI010900,O000076,P0108,4.0,0.032
LI010901,O003776,P0032,3.0,0.091
LI010902,O002683,P0112,3.0,0.125
LI010903,O003197,P0065,3.0,0.112
LI010904,O002075,P0089,4.0,0.146
LI010905,O005735,P0047,3.0,0.025
LI010906,O001300,P0013,3.0,0.126
LI010907,O005692,P0074,5.0,0.139
LI010908,O002728,P0082,4.0,0.22
LI010909,O004179,P0036,3.0,0.143
LI010910,O003535,P0086,4.0,0.137
LI010911,O002054,P0070,2.0,0.203
LI010912,O001700,P0027,1.0,0.016
LI010913,O004464,P0072,5.0,0.162
LI010914,O002519,P0024,5.0,0.203
LI010915,O001738,P0020,4.0,0.024
LI010916,O005569,P0086,3.0,0.203
LI010917,O001931,P0009,4.0,0.197
LI010918,O000370,P0119,1.0,0.0
LI010919,O003740,P0104,5.0,0.062
LI010920,O004374,P0120,5.0,0.038
LI010921,O000340,P0114,1.0,0.128
LI010922,O002863,P0039,4.0,0.229
LI010923,O000614,P0083,5.0,0.151
LI010924,O001104,P0119,3.0,0.15
LI010925,O003778,P0114,4.0,0.031
LI010926,O000793,P0001,3.0,0.167
LI010927,O000067,P0011,2.0,0.222
LI010928,O004311,P0105,1.0,0.107
LI010929,O004512,P0106,5.0,0.17
LI010930,O004648,P0074,1.0,0.074
LI010931,O003796,P0001,1.0,0.067
LI010932,O005406,P0091,3.0,0.046
LI010933,O000571,P0081,5.0,0.06
LI010934,O000540,P0108,2.0,0.086
LI010935,O005357,P0044,1.0,0.142
LI010936,O000117,P0051,3.0,0.195
LI010937,O002199,P0017,3.0,0.072
LI010938,O005203,P0103,5.0,0.042
LI010939,O005849,P0119,4.0,0.112
LI010940,O003032,P0107,4.0,0.197
LI010941,O003457,P0120,2.0,0.097
LI010942,O005340,P0066,3.0,0.228
LI010943,O005405,P0112,4.0,0.062
LI010944,O003052,P0023,1.0,0.19
LI010945,O005874,P0041,2.0,0.117
LI010946,O002482,P0059,1.0,0.027
LI010947,O002368,P0074,4.0,0.07
LI010948,O001635,P0117,3.0,0.215
LI010949,O000242,P0106,4.0,0.001
LI010950,O000465,P0094,2.0,0.189
LI010951,O002251,P0099,2.0,0.203
LI010952,O004645,P0025,1.0,0.03
LI010953,O005565,P0017,1.0,0.241
LI010954,O004954,P0110,2.0,0.218
LI010955,O001879,P0019,1.0,0.045
LI010956,O004882,P0082,5.0,0.06
LI010957,O004637,P0082,2.0,0.205
LI010958,O002535,P0046,1.0,0.137
LI010959,O001906,P0035,4.0,0.231
LI010960,O003810,P0074,3.0,0.245
LI010961,O000572,P0023,5.0,0.086
LI010962,O005606,P0109,5.0,0.024
LI010963,O002709,P0086,3.0,0.176
LI010964,O003642,P0044,3.0,0.231
LI010965,O003505,P0009,4.0,0.041
LI010966,O003620,P0032,3.0,0.246
LI010967,O000657,P0090,5.0,0.049
LI010968,O003152,P0093,4.0,0.022
LI010969,O000949,P0059,3.0,0.124
LI010970,O004111,P0042,4.0,0.201
LI010971,O003023,P0062,4.0,0.089
LI010972,O005201,P0019,1.0,0.083
LI010973,O000307,P0112,3.0,0.049
LI010974,O000705,P0093,1.0,0.247
LI010975,O004493,P0117,5.0,0.085
LI010976,O000678,P0035,4.0,0.167
LI010977,O002913,P0076,5.0,0.033
LI010978,O003994,P0008,4.0,0.112
LI010979,O000211,P0089,3.0,0.199
LI010980,O004495,P0091,2.0,0.243
LI010981,O001397,P0111,3.0,0.044
LI010982,O003461,P0043,4.0,0.024
LI010983,O004354,P0119,2.0,0.247
LI010984,O002163,P0045,2.0,0.139
LI010985,O004430,P0006,3.0,0.086
LI010986,O004445,P0013,5.0,0.24
LI010987,O002281,P0011,3.0,0.098
LI010988,O004545,P0102,4.0,0.058
LI010989,O003149,P0070,5.0,0.201
LI010990,O004081,P0069,4.0,0.078
LI010991,O000828,P0007,5.0,0.08
LI010992,O002656,P0055,1.0,0.111
LI010993,O002146,P0055,5.0,0.173
LI010994,O003702,P0019,1.0,0.21
LI010995,O004558,P0107,4.0,0.057
LI010996,O000500,P0006,3.0,0.091
LI010997,O002679,P0089,4.0,0.124
LI010998,O001062,P0009,3.0,0.006
LI010999,O005362,P0020,1.0,0.174
LI011000,O005171,P0025,3.0,0.141
LI011001,O003497,P0050,4.0,0.033
LI011002,O006095,P0072,4.0,0.033
LI011003,O004223,P0050,4.0,0.224
LI011004,O001127,P0101,5.0,0.171
LI011005,O001990,P0038,4.0,0.097
LI011006,O002525,P0066,5.0,0.085
LI011007,O003301,P0057,2.0,0.079
LI011008,O002771,P0022,1.0,0.164
LI011009,O005505,P0056,2.0,0.045
LI011010,O004181,P0036,2.0,0.247
LI011011,O001383,P0051,5.0,0.172
LI011012,O004882,P0068,5.0,0.032
LI011013,O006171,P0112,1.0,0.035
LI011014,O004168,P0001,1.0,0.162
LI011015,O003167,P0048,1.0,0.096
LI011016,O002636,P0033,4.0,0.165
LI011017,O005546,P0024,4.0,0.181
LI011018,O001030,P0049,1.0,0.134
LI011019,O005210,P0069,5.0,0.064
LI011020,O005712,P0058,2.0,0.138
LI011021,O001619,P0048,1.0,0.105
LI011022,O004248,P0057,1.0,0.223
LI011023,O003629,P0064,2.0,0.185
LI011024,O001236,P0099,3.0,0.155
LI011025,O002631,P0106,1.0,0.01
LI011026,O005383,P0114,1.0,0.248
LI011027,O003984,P0053,4.0,0.142
LI011028,O001406,P0060,2.0,0.065
LI011029,O006201,P0114,1.0,0.148
LI011030,O005743,P0090,1.0,0.204
LI011031,O004238,P0113,3.0,0.135
LI011032,O001548,P0043,2.0,0.194
LI011033,O001885,P0041,1.0,0.103
LI011034,O005128,P0107,3.0,0.147
LI011035,O005306,P0026,1.0,0.106
LI011036,O005173,P0059,5.0,0.132
LI011037,O002185,P0105,3.0,0.042
LI011038,O006318,P0049,5.0,0.15
LI011039,O000219,P0116,1.0,0.245
LI011040,O004351,P0064,3.0,0.191
LI011041,O000812,P0005,2.0,0.08
LI011042,O000270,P0044,4.0,0.216
LI011043,O005707,P0018,1.0,0.224
LI011044,O006368,P0057,3.0,0.044
LI011045,O004979,P0089,5.0,0.013
LI011046,O004700,P0112,3.0,0.143
LI011047,O003206,P0105,2.0,0.119
LI011048,O001187,P0040,3.0,0.179
LI011049,O001734,P0102,5.0,0.073
LI011050,O004797,P0113,1.0,0.095
LI011051,O002968,P0046,5.0,0.066
LI011052,O000073,P0058,5.0,0.073
LI011053,O004994,P0085,5.0,0.002
LI011054,O006118,P0024,4.0,0.128
LI011055,O005043,P0028,1.0,0.118
LI011056,O004639,P0046,4.0,0.089
LI011057,O004062,P0068,3.0,0.135
LI011058,O000631,P0072,1.0,0.098
LI011059,O002843,P0054,1.0,0.108
LI011060,O005604,P0113,3.0,0.0
LI011061,O000878,P0033,3.0,0.017
LI011062,O005375,P0067,5.0,0.038
LI011063,O000757,P0113,1.0,0.046
LI011064,O002666,P0084,2.0,0.113
LI011065,O004294,P0035,5.0,0.219
LI011066,O001451,P0039,1.0,0.102
LI011067,O002541,P0107,3.0,0.157
LI011068,O000082,P0047,3.0,0.006
LI011069,O001332,P0071,2.0,0.214
LI011070,O001723,P0091,1.0,0.028
LI011071,O000357,P0005,4.0,0.071
LI011072,O001320,P0113,5.0,0.204
LI011073,O000580,P0037,1.0,0.066
LI011074,O004396,P0001,4.0,0.064
LI011075,O000646,P0086,3.0,0.151
LI011076,O006264,P0056,3.0,0.226
LI011077,O002234,P0007,4.0,0.053
LI011078,O002632,P0113,4.0,0.155
LI011079,O003300,P0064,2.0,0.15
LI011080,O000308,P0008,1.0,0.165
LI011081,O000234,P0108,3.0,0.237
LI011082,O001035,P0094,5.0,0.041
LI011083,O002223,P0064,3.0,0.164
LI011084,O002821,P0057,1.0,0.046
LI011085,O004739,P0028,4.0,0.079
LI011086,O006018,P0026,2.0,0.097
LI011087,O005122,P0034,3.0,0.209
LI011088,O001736,P0113,2.0,0.013
LI011089,O004278,P0096,4.0,0.183
LI011090,O000942,P0022,1.0,0.228
LI011091,O000350,P0020,3.0,0.02
LI011092,O002687,P0014,1.0,0.198
LI011093,O001406,P0023,5.0,0.027
LI011094,O005317,P0067,1.0,0.241
LI011095,O003628,P0019,4.0,0.204
LI011096,O001546,P0078,4.0,0.174
LI011097,O004321,P0104,5.0,0.138
LI011098,O001752,P0039,1.0,0.23
LI011099,O001747,P0037,4.0,0.03
LI011100,O004382,P0099,4.0,0.03
LI011101,O001355,P0001,4.0,0.206
LI011102,O003633,P0019,4.0,0.121
LI011103,O004289,P0015,2.0,0.211
LI011104,O001169,P0089,3.0,0.098
LI011105,O004767,P0001,2.0,0.113
LI011106,O005958,P0031,4.0,0.083
LI011107,O004045,P0101,1.0,0.238
LI011108,O002586,P0052,2.0,0.116
LI011109,O004708,P0043,5.0,0.189
LI011110,O000901,P0046,3.0,0.174
LI011111,O005743,P0086,1.0,0.059
LI011112,O003342,P0050,2.0,0.228
LI011113,O004147,P0020,3.0,0.136
LI011114,O000128,P0105,2.0,0.214
LI011115,O001676,P0062,5.0,0.208
LI011116,O001778,P0111,4.0,0.015
LI011117,O005166,P0043,5.0,0.155
LI011118,O000234,P0005,4.0,0.197
LI011119,O002496,P0079,3.0,0.227
LI011120,O000584,P0120,2.0,0.127
LI011121,O001467,P0066,2.0,0.188
LI011122,O000503,P0012,5.0,0.242
LI011123,O005018,P0057,1.0,0.207
LI011124,O004381,P0060,3.0,0.214
LI011125,O001156,P0055,4.0,0.102
LI011126,O006066,P0071,3.0,0.023
LI011127,O001500,P0066,5.0,0.242
LI011128,O000936,P0072,2.0,0.174
LI011129,O002592,P0073,4.0,0.043
LI011130,O000356,P0027,4.0,0.243
LI011131,O001995,P0028,4.0,0.179
LI011132,O005157,P0037,4.0,0.023
LI011133,O005758,P0079,3.0,0.043
LI011134,O006282,P0019,3.0,0.216
LI011135,O001446,P0094,5.0,0.238
LI011136,O005565,P0051,2.0,0.091
LI011137,O002660,P0013,2.0,0.103
LI011138,O005365,P0045,3.0,0.099
LI011139,O005659,P0006,5.0,0.209
LI011140,O003281,P0094,1.0,0.113
LI011141,O003975,P0001,4.0,0.094
LI011142,O002505,P0106,2.0,0.155
LI011143,O002147,P0102,4.0,0.123
LI011144,O001211,P0025,2.0,0.133
LI011145,O006180,P0099,1.0,0.102
LI011146,O000630,P0026,2.0,0.115
LI011147,O002718,P0013,1.0,0.009
LI011148,O005599,P0019,2.0,0.231
LI011149,O004883,P0010,3.0,0.008
LI011150,O006199,P0045,4.0,0.193
LI011151,O001495,P0071,5.0,0.075
LI011152,O001108,P0015,5.0,0.028
LI011153,O003078,P0087,2.0,0.152
LI011154,O004987,P0100,5.0,0.177
LI011155,O003435,P0107,4.0,0.158
LI011156,O003055,P0031,3.0,0.144
LI011157,O002816,P0008,3.0,0.134
LI011158,O003782,P0030,1.0,0.135
LI011159,O002036,P0098,5.0,0.216
LI011160,O000170,P0097,4.0,0.023
LI011161,O003832,P0001,5.0,0.039
LI011162,O002297,P0016,4.0,0.203
LI011163,O004758,P0114,1.0,0.076
LI011164,O006354,P0011,5.0,0.193
LI011165,O005008,P0027,3.0,0.088
LI011166,O002788,P0086,1.0,0.231
LI011167,O003316,P0040,5.0,0.07
LI011168,O006285,P0083,3.0,0.107
LI011169,O000632,P0044,3.0,0.04
LI011170,O000805,P0070,4.0,0.167
LI011171,O006324,P0120,3.0,0.101
LI011172,O005016,P0057,2.0,0.235
LI011173,O005844,P0048,5.0,0.004
LI011174,O003035,P0040,5.0,0.097
LI011175,O005137,P0039,4.0,0.006
LI011176,O003088,P0084,3.0,0.082
LI011177,O004481,P0003,4.0,0.095
LI011178,O003413,P0055,2.0,0.065
LI011179,O004989,P0001,4.0,0.064
LI011180,O003870,P0023,5.0,0.065
LI011181,O006100,P0102,4.0,0.067
LI011182,O000792,P0067,5.0,0.071
LI011183,O004142,P0062,1.0,0.213
LI011184,O002552,P0115,2.0,0.01
LI011185,O003842,P0034,2.0,0.247
LI011186,O003215,P0017,5.0,0.07
LI011187,O003357,P0048,1.0,0.007
LI011188,O004926,P0091,3.0,0.044
LI011189,O002573,P0053,4.0,0.235
LI011190,O005075,P0061,3.0,0.249
LI011191,O003905,P0103,1.0,0.062
LI011192,O002095,P0087,2.0,0.056
LI011193,O004624,P0102,3.0,0.209
LI011194,O006251,P0011,1.0,0.229
LI011195,O000616,P0015,2.0,0.163
LI011196,O005062,P0090,3.0,0.234
LI011197,O005253,P0118,2.0,0.238
LI011198,O003994,P0011,5.0,0.19
LI011199,O004297,P0007,2.0,0.087
LI011200,O002302,P0047,2.0,0.037
LI011201,O002231,P0112,1.0,0.129
LI011202,O005270,P0008,1.0,0.072
LI011203,O001573,P0005,4.0,0.03
LI011204,O003029,P0081,1.0,0.098
LI011205,O002538,P0087,5.0,0.12
LI011206,O000505,P0066,5.0,0.165
LI011207,O001946,P0091,2.0,0.055
LI011208,O001862,P0063,1.0,0.217
LI011209,O005628,P0021,4.0,0.046
LI011210,O003723,P0071,1.0,0.249
LI011211,O003684,P0119,4.0,0.139
LI011212,O000404,P0117,2.0,0.037
LI011213,O004332,P0102,5.0,0.209
LI011214,O001620,P0090,1.0,0.063
LI011215,O002907,P0094,1.0,0.047
LI011216,O003014,P0012,5.0,0.034
LI011217,O003617,P0112,5.0,0.138
LI011218,O004729,P0011,3.0,0.22
LI011219,O001570,P0054,3.0,0.224
LI011220,O003717,P0081,3.0,0.196
LI011221,O006352,P0010,5.0,0.145
LI011222,O000140,P0119,3.0,0.132
LI011223,O004684,P0112,1.0,0.093
LI011224,O001844,P0016,5.0,0.011
LI011225,O003379,P0015,1.0,0.209
LI011226,O002965,P0058,5.0,0.25
LI011227,O005063,P0079,2.0,0.23
LI011228,O004666,P0119,1.0,0.233
LI011229,O003170,P0084,5.0,0.083
LI011230,O002173,P0004,4.0,0.025
LI011231,O006080,P0096,5.0,0.218
LI011232,O003421,P0022,2.0,0.191
LI011233,O006278,P0035,5.0,0.098
LI011234,O003044,P0014,2.0,0.208
LI011235,O001250,P0094,3.0,0.035
LI011236,O006065,P0031,1.0,0.163
LI011237,O005669,P0074,2.0,0.238
LI011238,O002698,P0070,4.0,0.228
LI011239,O005840,P0091,1.0,0.19
LI011240,O002754,P0011,5.0,0.067
LI011241,O004435,P0036,5.0,0.026
LI011242,O004935,P0074,2.0,0.081
LI011243,O006466,P0080,4.0,0.154
LI011244,O003885,P0024,2.0,0.079
LI011245,O000095,P0085,4.0,0.103
LI011246,O004292,P0040,2.0,0.101
LI011247,O004288,P0105,3.0,0.084
LI011248,O004618,P0100,3.0,0.231
LI011249,O004849,P0113,3.0,0.08
LI011250,O005781,P0042,2.0,0.248
LI011251,O005084,P0119,1.0,0.052
LI011252,O001676,P0109,5.0,0.218
LI011253,O000013,P0087,1.0,0.183
LI011254,O002302,P0021,5.0,0.167
LI011255,O004084,P0096,4.0,0.111
LI011256,O006120,P0117,3.0,0.204
LI011257,O006225,P0081,3.0,0.123
LI011258,O000373,P0051,5.0,0.034
LI011259,O004490,P0081,3.0,0.07
LI011260,O006010,P0055,1.0,0.046
LI011261,O005852,P0085,2.0,0.142
LI011262,O006029,P0004,3.0,0.164
LI011263,O000418,P0062,3.0,0.084
LI011264,O005179,P0087,4.0,0.01
LI011265,O006272,P0025,2.0,0.165
LI011266,O000817,P0096,5.0,0.015
LI011267,O004870,P0070,2.0,0.241
LI011268,O001804,P0014,2.0,0.222
LI011269,O003613,P0041,5.0,0.208
LI011270,O003405,P0102,2.0,0.092
LI011271,O002940,P0106,4.0,0.186
LI011272,O006426,P0057,1.0,0.011
LI011273,O006351,P0038,2.0,0.022
LI011274,O001333,P0062,1.0,0.124
LI011275,O003247,P0041,4.0,0.147
LI011276,O006362,P0045,4.0,0.192
LI011277,O006470,P0080,2.0,0.074
LI011278,O000756,P0096,3.0,0.136
LI011279,O005373,P0016,2.0,0.016
LI011280,O003526,P0019,1.0,0.118
LI011281,O005309,P0037,4.0,0.168
LI011282,O001797,P0107,1.0,0.247
LI011283,O005563,P0085,1.0,0.192
LI011284,O003970,P0079,5.0,0.249
LI011285,O003060,P0061,4.0,0.124
LI011286,O002178,P0026,4.0,0.108
LI011287,O003557,P0094,1.0,0.209
LI011288,O002051,P0104,4.0,0.116
LI011289,O001990,P0079,2.0,0.189
LI011290,O000555,P0064,5.0,0.249
LI011291,O005810,P0107,2.0,0.181
LI011292,O005614,P0013,3.0,0.004
LI011293,O000266,P0091,3.0,0.045
LI011294,O000923,P0087,1.0,0.069
LI011295,O002072,P0034,3.0,0.206
LI011296,O000534,P0098,2.0,0.233
LI011297,O005977,P0023,3.0,0.162
LI011298,O006147,P0108,1.0,0.022
LI011299,O003984,P0020,4.0,0.125
LI011300,O001694,P0054,5.0,0.215
LI011301,O004976,P0073,1.0,0.091
LI011302,O002052,P0058,1.0,0.016
LI011303,O003691,P0059,1.0,0.195
LI011304,O004904,P0020,2.0,0.164
LI011305,O002832,P0111,4.0,0.117
LI011306,O004328,P0039,1.0,0.212
LI011307,O002921,P0078,4.0,0.212
LI011308,O004846,P0113,1.0,0.175
LI011309,O004168,P0090,2.0,0.236
LI011310,O006232,P0091,1.0,0.113
LI011311,O004624,P0098,3.0,0.182
LI011312,O000886,P0093,2.0,0.208
LI011313,O006140,P0032,1.0,0.159
LI011314,O001459,P0041,1.0,0.138
LI011315,O003796,P0109,1.0,0.183
LI011316,O003156,P0069,3.0,0.089
LI011317,O003411,P0068,3.0,0.092
LI011318,O004025,P0087,1.0,0.244
LI011319,O006270,P0021,3.0,0.03
LI011320,O000563,P0097,1.0,0.21
LI011321,O006093,P0105,3.0,0.197
LI011322,O004027,P0024,4.0,0.014
LI011323,O005756,P0016,1.0,0.176
LI011324,O005660,P0032,1.0,0.023
LI011325,O006085,P0083,5.0,0.053
LI011326,O002972,P0026,5.0,0.24
LI011327,O000345,P0003,2.0,0.091
LI011328,O006285,P0099,4.0,0.014
LI011329,O005126,P0103,4.0,0.13
LI011330,O002717,P0082,2.0,0.052
LI011331,O002679,P0116,5.0,0.107
LI011332,O001673,P0007,2.0,0.025
LI011333,O005661,P0096,5.0,0.024
LI011334,O005798,P0088,1.0,0.126
LI011335,O003128,P0016,2.0,0.084
LI011336,O004894,P0053,3.0,0.039
LI011337,O003954,P0088,5.0,0.145
LI011338,O001120,P0004,1.0,0.016
LI011339,O001913,P0045,3.0,0.188
LI011340,O003003,P0032,3.0,0.013
LI011341,O002263,P0106,4.0,0.243
LI011342,O000743,P0098,5.0,0.184
LI011343,O004154,P0083,1.0,0.224
LI011344,O005002,P0078,5.0,0.11
LI011345,O002453,P0102,1.0,0.015
LI011346,O005304,P0058,5.0,0.057
LI011347,O002769,P0013,3.0,0.243
LI011348,O000783,P0022,4.0,0.155
LI011349,O000097,P0095,2.0,0.057
LI011350,O000587,P0044,5.0,0.121
LI011351,O005208,P0044,3.0,0.079
LI011352,O005183,P0030,2.0,0.122
LI011353,O004637,P0023,2.0,0.209
LI011354,O004912,P0012,2.0,0.056
LI011355,O002239,P0107,3.0,0.1
LI011356,O000917,P0014,1.0,0.112
LI011357,O003350,P0036,2.0,0.147
LI011358,O002587,P0045,4.0,0.019
LI011359,O004181,P0072,1.0,0.052
LI011360,O005455,P0024,3.0,0.099
LI011361,O002489,P0119,2.0,0.202
LI011362,O003794,P0003,3.0,0.047
LI011363,O002838,P0078,3.0,0.22
LI011364,O005972,P0051,2.0,0.085
LI011365,O002387,P0114,3.0,0.063
LI011366,O005788,P0075,4.0,0.102
LI011367,O001842,P0109,4.0,0.138
LI011368,O001203,P0055,5.0,0.183
LI011369,O005367,P0038,2.0,0.119
LI011370,O005100,P0092,2.0,0.205
LI011371,O004770,P0087,2.0,0.205
LI011372,O005795,P0082,5.0,0.0
LI011373,O000730,P0020,4.0,0.198
LI011374,O000317,P0097,4.0,0.111
LI011375,O000076,P0002,2.0,0.242
LI011376,O005070,P0103,3.0,0.205
LI011377,O003047,P0101,1.0,0.096
LI011378,O000204,P0026,1.0,0.159
LI011379,O005855,P0115,2.0,0.049
LI011380,O004289,P0002,2.0,0.073
LI011381,O003776,P0067,4.0,0.051
LI011382,O002945,P0084,4.0,0.188
LI011383,O005559,P0074,3.0,0.002
LI011384,O006445,P0042,4.0,0.102
LI011385,O004356,P0085,1.0,0.209
LI011386,O003052,P0040,1.0,0.177
LI011387,O002664,P0009,4.0,0.105
LI011388,O000432,P0002,1.0,0.158
LI011389,O002764,P0028,1.0,0.108
LI011390,O004792,P0003,1.0,0.211
LI011391,O003163,P0016,1.0,0.143
LI011392,O000198,P0004,5.0,0.158
LI011393,O005079,P0023,2.0,0.247
LI011394,O000039,P0094,3.0,0.193
LI011395,O002519,P0102,5.0,0.071
LI011396,O002127,P0077,3.0,0.193
LI011397,O000729,P0006,5.0,0.232
LI011398,O003900,P0074,5.0,0.074
LI011399,O003166,P0055,3.0,0.204
LI011400,O004780,P0081,2.0,0.059
LI011401,O006187,P0008,4.0,0.109
LI011402,O004228,P0073,5.0,0.173
LI011403,O002125,P0098,2.0,0.061
LI011404,O006066,P0081,4.0,0.047
LI011405,O004135,P0116,3.0,0.116
LI011406,O006295,P0107,5.0,0.196
LI011407,O003772,P0114,4.0,0.149
LI011408,O005539,P0086,2.0,0.175
LI011409,O003258,P0064,4.0,0.172
LI011410,O006462,P0067,3.0,0.136
LI011411,O005584,P0041,4.0,0.079
LI011412,O005552,P0040,1.0,0.105
LI011413,O003207,P0093,5.0,0.095
LI011414,O005623,P0103,2.0,0.02
LI011415,O005389,P0027,2.0,0.225
LI011416,O002599,P0039,5.0,0.16
LI011417,O004436,P0119,5.0,0.214
LI011418,O003314,P0053,1.0,0.194
LI011419,O001245,P0040,1.0,0.017
LI011420,O004088,P0052,2.0,0.054
LI011421,O000658,P0037,4.0,0.238
LI011422,O002966,P0067,5.0,0.115
LI011423,O001700,P0019,1.0,0.203
LI011424,O004457,P0034,1.0,0.144
LI011425,O006069,P0078,1.0,0.206
LI011426,O003044,P0085,4.0,0.184
LI011427,O006334,P0066,2.0,0.07
LI011428,O004425,P0010,2.0,0.248
LI011429,O001800,P0052,1.0,0.123
LI011430,O005342,P0042,4.0,0.146
LI011431,O005964,P0060,4.0,0.135
LI011432,O005806,P0081,2.0,0.221
LI011433,O006236,P0002,5.0,0.07
LI011434,O004536,P0091,1.0,0.015
LI011435,O006389,P0001,4.0,0.107
LI011436,O003627,P0050,5.0,0.23
LI011437,O003978,P0036,3.0,0.11
LI011438,O001977,P0097,1.0,0.069
LI011439,O004929,P0022,3.0,0.155
LI011440,O003670,P0113,2.0,0.184
LI011441,O004193,P0099,2.0,0.116
LI011442,O006096,P0098,2.0,0.095
LI011443,O000938,P0082,4.0,0.091
LI011444,O005597,P0036,4.0,0.105
LI011445,O001290,P0003,5.0,0.211
LI011446,O004671,P0044,3.0,0.121
LI011447,O002151,P0118,2.0,0.079
LI011448,O004925,P0016,2.0,0.046
LI011449,O000513,P0011,4.0,0.071
LI011450,O004762,P0010,4.0,0.116
LI011451,O001517,P0051,4.0,0.137
LI011452,O005381,P0042,1.0,0.155
LI011453,O002083,P0085,3.0,0.018
LI011454,O001405,P0025,3.0,0.153
LI011455,O004493,P0099,1.0,0.088
LI011456,O006171,P0120,2.0,0.064
LI011457,O001932,P0006,5.0,0.083
LI011458,O001886,P0110,5.0,0.196
LI011459,O002354,P0044,2.0,0.201
LI011460,O003808,P0008,5.0,0.026
LI011461,O002747,P0034,4.0,0.124
LI011462,O005791,P0041,3.0,0.132
LI011463,O000581,P0110,4.0,0.008
LI011464,O002213,P0001,5.0,0.179
LI011465,O003330,P0003,5.0,0.092
LI011466,O000102,P0052,3.0,0.104
LI011467,O004551,P0102,4.0,0.152
LI011468,O004289,P0091,3.0,0.117
LI011469,O003843,P0116,5.0,0.187
LI011470,O002964,P0077,3.0,0.149
LI011471,O004994,P0043,3.0,0.057
LI011472,O004906,P0047,5.0,0.218
LI011473,O000299,P0114,3.0,0.054
LI011474,O004117,P0083,4.0,0.178
LI011475,O000045,P0019,5.0,0.198
LI011476,O002544,P0070,3.0,0.172
LI011477,O003860,P0047,2.0,0.105
LI011478,O004779,P0117,4.0,0.219
LI011479,O005810,P0078,4.0,0.082
LI011480,O006367,P0005,4.0,0.172
LI011481,O004395,P0064,1.0,0.219
LI011482,O003553,P0107,5.0,0.039
LI011483,O005458,P0116,1.0,0.163
LI011484,O003156,P0045,3.0,0.225
LI011485,O003132,P0064,5.0,0.026
LI011486,O000288,P0045,4.0,0.036
LI011487,O003706,P0036,4.0,0.095
LI011488,O000517,P0009,4.0,0.249
LI011489,O002202,P0023,4.0,0.056
LI011490,O006425,P0032,3.0,0.081
LI011491,O004438,P0093,2.0,0.209
LI011492,O004182,P0045,5.0,0.033
LI011493,O003659,P0028,2.0,0.249
LI011494,O004287,P0104,5.0,0.185
LI011495,O003324,P0052,4.0,0.24
LI011496,O004077,P0011,1.0,0.036
LI011497,O005188,P0019,3.0,0.058
LI011498,O003937,P0064,5.0,0.093
LI011499,O001170,P0065,4.0,0.013
LI011500,O000991,P0073,1.0,0.015
LI011501,O004972,P0057,4.0,0.226
LI011502,O003706,P0066,3.0,0.011
LI011503,O006044,P0004,1.0,0.187
LI011504,O001852,P0029,5.0,0.179
LI011505,O002710,P0004,5.0,0.018
LI011506,O004008,P0001,5.0,0.047
LI011507,O002622,P0092,5.0,0.114
LI011508,O005375,P0018,1.0,0.16
LI011509,O002179,P0110,3.0,0.224
LI011510,O000839,P0013,1.0,0.132
LI011511,O005055,P0104,5.0,0.234
LI011512,O005497,P0070,3.0,0.048
LI011513,O001556,P0049,2.0,0.156
LI011514,O001223,P0119,2.0,0.211
LI011515,O004935,P0107,1.0,0.058
LI011516,O006365,P0047,5.0,0.197
LI011517,O002044,P0103,2.0,0.1
LI011518,O001434,P0086,2.0,0.25
LI011519,O001169,P0030,4.0,0.023
LI011520,O006498,P0027,4.0,0.138
LI011521,O000948,P0072,3.0,0.196
LI011522,O000161,P0107,3.0,0.169
LI011523,O004560,P0028,5.0,0.126
LI011524,O003132,P0117,2.0,0.128
LI011525,O006359,P0002,1.0,0.101
LI011526,O002628,P0020,1.0,0.086
LI011527,O006072,P0075,4.0,0.148
LI011528,O005312,P0078,3.0,0.187
LI011529,O002536,P0024,5.0,0.07
LI011530,O002273,P0077,4.0,0.237
LI011531,O003464,P0072,4.0,0.091
LI011532,O004805,P0044,5.0,0.108
LI011533,O000161,P0021,5.0,0.103
LI011534,O001785,P0022,2.0,0.028
LI011535,O001945,P0073,5.0,0.029
LI011536,O003183,P0058,5.0,0.199
LI011537,O003975,P0106,4.0,0.095
LI011538,O003625,P0107,4.0,0.054
LI011539,O003745,P0011,1.0,0.177
LI011540,O006173,P0080,1.0,0.24
LI011541,O000767,P0114,1.0,0.234
LI011542,O002028,P0053,5.0,0.181
LI011543,O004007,P0009,2.0,0.048
LI011544,O000185,P0067,4.0,0.039
LI011545,O001897,P0118,3.0,0.218
LI011546,O003296,P0100,2.0,0.241
LI011547,O002405,P0052,3.0,0.156
LI011548,O002540,P0115,5.0,0.225
LI011549,O000733,P0106,3.0,0.204
LI011550,O005952,P0013,1.0,0.039
LI011551,O001622,P0001,4.0,0.056
LI011552,O000578,P0044,2.0,0.017
LI011553,O002162,P0075,1.0,0.119
LI011554,O000378,P0024,4.0,0.081
LI011555,O003849,P0005,1.0,0.107
LI011556,O001309,P0066,2.0,0.002
LI011557,O004193,P0081,5.0,0.18
LI011558,O000842,P0081,3.0,0.05
LI011559,O002172,P0020,5.0,0.092
LI011560,O000156,P0064,3.0,0.101
LI011561,O006254,P0015,3.0,0.017
LI011562,O004149,P0068,2.0,0.091
LI011563,O001703,P0054,2.0,0.225
LI011564,O002636,P0011,5.0,0.223
LI011565,O003386,P0023,4.0,0.006
LI011566,O004822,P0001,4.0,0.007
LI011567,O005814,P0042,5.0,0.148
LI011568,O001414,P0114,3.0,0.051
LI011569,O000045,P0047,2.0,0.225
LI011570,O005032,P0115,5.0,0.121
LI011571,O001687,P0068,4.0,0.081
LI011572,O005237,P0038,3.0,0.238
LI011573,O002170,P0002,4.0,0.079
LI011574,O003242,P0045,3.0,0.08
LI011575,O002726,P0027,4.0,0.033
LI011576,O001424,P0098,1.0,0.056
LI011577,O004015,P0077,3.0,0.19
LI011578,O005781,P0111,3.0,0.19
LI011579,O004596,P0061,3.0,0.097
LI011580,O000074,P0082,1.0,0.087
LI011581,O003019,P0011,1.0,0.105
LI011582,O006293,P0069,4.0,0.075
LI011583,O001561,P0029,2.0,0.152
LI011584,O000892,P0025,4.0,0.209
LI011585,O003133,P0078,3.0,0.002
LI011586,O001890,P0054,3.0,0.234
LI011587,O005174,P0048,4.0,0.029
LI011588,O001247,P0046,5.0,0.225
LI011589,O003803,P0041,2.0,0.058
LI011590,O000473,P0102,1.0,0.229
LI011591,O005436,P0041,2.0,0.197
LI011592,O002218,P0061,5.0,0.067
LI011593,O000701,P0101,4.0,0.007
LI011594,O002080,P0011,4.0,0.179
LI011595,O000053,P0044,3.0,0.205
LI011596,O002988,P0032,4.0,0.17
LI011597,O000139,P0049,5.0,0.095
LI011598,O001398,P0006,4.0,0.032
LI011599,O002138,P0116,4.0,0.087
LI011600,O000828,P0057,5.0,0.067
LI011601,O002084,P0006,1.0,0.181
LI011602,O002977,P0047,2.0,0.04
LI011603,O001249,P0063,4.0,0.205
LI011604,O004650,P0049,2.0,0.153
LI011605,O004836,P0022,2.0,0.121
LI011606,O004365,P0067,3.0,0.09
LI011607,O005006,P0019,1.0,0.127
LI011608,O000186,P0055,2.0,0.135
LI011609,O003443,P0034,3.0,0.059
LI011610,O004965,P0041,5.0,0.247
LI011611,O003194,P0105,5.0,0.227
LI011612,O004929,P0007,5.0,0.098
LI011613,O001413,P0057,5.0,0.064
LI011614,O003189,P0016,5.0,0.077
LI011615,O005586,P0059,3.0,0.245
LI011616,O002917,P0038,1.0,0.102
LI011617,O001016,P0009,1.0,0.228
LI011618,O004538,P0077,3.0,0.015
LI011619,O004135,P0034,3.0,0.194
LI011620,O005741,P0046,4.0,0.191
LI011621,O005646,P0037,2.0,0.163
LI011622,O004262,P0043,5.0,0.03
LI011623,O001936,P0047,2.0,0.245
LI011624,O001469,P0006,4.0,0.053
LI011625,O004539,P0038,1.0,0.177
LI011626,O004427,P0112,5.0,0.188
LI011627,O005089,P0116,1.0,0.19
LI011628,O001359,P0061,3.0,0.207
LI011629,O005232,P0004,2.0,0.247
LI011630,O001770,P0005,1.0,0.024
LI011631,O002762,P0070,4.0,0.118
LI011632,O002883,P0060,1.0,0.244
LI011633,O006283,P0077,5.0,0.221
LI011634,O005899,P0110,5.0,0.248
LI011635,O005904,P0088,2.0,0.146
LI011636,O001190,P0092,3.0,0.168
LI011637,O005534,P0077,5.0,0.066
LI011638,O001193,P0106,4.0,0.115
LI011639,O002817,P0113,2.0,0.005
LI011640,O006268,P0056,5.0,0.18
LI011641,O003622,P0082,4.0,0.231
LI011642,O004857,P0059,1.0,0.028
LI011643,O005869,P0007,4.0,0.114
LI011644,O005218,P0068,2.0,0.156
LI011645,O001043,P0031,5.0,0.158
LI011646,O005244,P0088,3.0,0.077
LI011647,O000226,P0086,3.0,0.005
LI011648,O001979,P0085,4.0,0.222
LI011649,O006468,P0048,4.0,0.023
LI011650,O003978,P0042,4.0,0.044
LI011651,O005137,P0090,5.0,0.241
LI011652,O003832,P0030,3.0,0.125
LI011653,O002645,P0117,3.0,0.219
LI011654,O001884,P0116,2.0,0.224
LI011655,O005576,P0051,2.0,0.247
LI011656,O000541,P0035,1.0,0.01
LI011657,O000646,P0062,5.0,0.013
LI011658,O005086,P0051,4.0,0.048
LI011659,O004802,P0087,2.0,0.164
LI011660,O004727,P0120,1.0,0.065
LI011661,O004287,P0109,1.0,0.124
LI011662,O001689,P0104,3.0,0.197
LI011663,O000855,P0050,5.0,0.046
LI011664,O000405,P0030,5.0,0.071
LI011665,O003344,P0019,4.0,0.182
LI011666,O002478,P0096,5.0,0.002
LI011667,O000520,P0050,4.0,0.189
LI011668,O005766,P0054,5.0,0.169
LI011669,O002941,P0083,3.0,0.032
LI011670,O001408,P0086,1.0,0.061
LI011671,O000821,P0004,5.0,0.004
LI011672,O003675,P0109,5.0,0.145
LI011673,O004531,P0012,3.0,0.099
LI011674,O003836,P0015,2.0,0.106
LI011675,O004068,P0015,4.0,0.026
LI011676,O006207,P0010,2.0,0.088
LI011677,O003288,P0118,1.0,0.23
LI011678,O002182,P0061,2.0,0.016
LI011679,O004715,P0019,1.0,0.244
LI011680,O003233,P0053,4.0,0.212
LI011681,O000425,P0072,3.0,0.051
LI011682,O001552,P0115,1.0,0.176
LI011683,O000358,P0057,4.0,0.023
LI011684,O003447,P0095,3.0,0.04
LI011685,O001595,P0009,2.0,0.122
LI011686,O005129,P0029,2.0,0.1
LI011687,O001011,P0007,1.0,0.204
LI011688,O000197,P0072,5.0,0.235
LI011689,O005237,P0105,5.0,0.236
LI011690,O001034,P0017,3.0,0.037
LI011691,O000862,P0079,2.0,0.172
LI011692,O000349,P0016,4.0,0.143
LI011693,O003778,P0071,3.0,0.093
LI011694,O001659,P0106,1.0,0.249
LI011695,O000575,P0083,1.0,0.114
LI011696,O005124,P0038,3.0,0.166
LI011697,O001820,P0089,4.0,0.126
LI011698,O006472,P0076,2.0,0.026
LI011699,O005882,P0096,2.0,0.035
LI011700,O000931,P0047,4.0,0.188
LI011701,O006274,P0010,2.0,0.2
LI011702,O004009,P0024,5.0,0.091
LI011703,O006044,P0050,5.0,0.017
LI011704,O004683,P0068,4.0,0.239
LI011705,O000484,P0043,5.0,0.124
LI011706,O003913,P0037,3.0,0.034
LI011707,O000358,P0045,2.0,0.05
LI011708,O004481,P0106,3.0,0.011
LI011709,O000254,P0054,4.0,0.177
LI011710,O003995,P0103,5.0,0.176
LI011711,O000835,P0043,3.0,0.151
LI011712,O001191,P0068,3.0,0.137
LI011713,O005833,P0100,1.0,0.095
LI011714,O001704,P0037,3.0,0.238
LI011715,O004892,P0089,5.0,0.2
LI011716,O004565,P0041,2.0,0.227
LI011717,O005980,P0094,2.0,0.078
LI011718,O000493,P0001,2.0,0.245
LI011719,O005016,P0093,5.0,0.041
LI011720,O003410,P0016,2.0,0.014
LI011721,O004147,P0037,2.0,0.08
LI011722,O003128,P0037,4.0,0.05
LI011723,O002121,P0007,4.0,0.129
LI011724,O003866,P0040,1.0,0.088
LI011725,O000052,P0051,1.0,0.043
LI011726,O006269,P0064,3.0,0.211
LI011727,O000262,P0097,3.0,0.127
LI011728,O003003,P0114,3.0,0.027
LI011729,O001909,P0022,1.0,0.019
LI011730,O003647,P0043,2.0,0.096
LI011731,O005641,P0062,3.0,0.227
LI011732,O002378,P0054,2.0,0.127
LI011733,O003395,P0027,2.0,0.035
LI011734,O004337,P0029,1.0,0.062
LI011735,O005405,P0016,4.0,0.012
LI011736,O005959,P0085,4.0,0.208
LI011737,O001626,P0011,5.0,0.237
LI011738,O005419,P0021,4.0,0.019
LI011739,O001229,P0009,3.0,0.043
LI011740,O004387,P0027,1.0,0.043
LI011741,O006355,P0103,2.0,0.201
LI011742,O001390,P0086,1.0,0.21
LI011743,O005910,P0079,5.0,0.105
LI011744,O001488,P0107,5.0,0.242
LI011745,O006466,P0023,5.0,0.065
LI011746,O000917,P0051,2.0,0.131
LI011747,O002142,P0093,5.0,0.249
LI011748,O000711,P0103,5.0,0.207
LI011749,O001887,P0080,5.0,0.122
LI011750,O002217,P0003,2.0,0.027
LI011751,O001321,P0016,5.0,0.226
LI011752,O006135,P0008,3.0,0.136
LI011753,O002564,P0090,1.0,0.077
LI011754,O006242,P0042,5.0,0.113
LI011755,O004446,P0073,5.0,0.078
LI011756,O004832,P0035,1.0,0.138
LI011757,O002627,P0071,5.0,0.068
LI011758,O000401,P0072,5.0,0.111
LI011759,O000751,P0099,3.0,0.107
LI011760,O005571,P0048,4.0,0.154
LI011761,O005595,P0054,2.0,0.004
LI011762,O004917,P0110,2.0,0.15
LI011763,O005539,P0103,1.0,0.148
LI011764,O001888,P0036,3.0,0.098
LI011765,O003686,P0006,2.0,0.062
LI011766,O001419,P0071,1.0,0.21
LI011767,O002604,P0012,1.0,0.086
LI011768,O005239,P0103,1.0,0.078
LI011769,O003772,P0059,2.0,0.116
LI011770,O005863,P0065,4.0,0.069
LI011771,O005101,P0050,1.0,0.208
LI011772,O005062,P0043,5.0,0.141
LI011773,O005111,P0043,4.0,0.189
LI011774,O005310,P0049,4.0,0.186
LI011775,O002019,P0089,5.0,0.197
LI011776,O002037,P0076,2.0,0.217
LI011777,O001646,P0055,2.0,0.23
LI011778,O003488,P0091,3.0,0.096
LI011779,O000814,P0087,2.0,0.111
LI011780,O005911,P0083,3.0,0.013
LI011781,O006250,P0085,1.0,0.231
LI011782,O006309,P0050,2.0,0.147
LI011783,O004734,P0021,2.0,0.178
LI011784,O003170,P0088,5.0,0.109
LI011785,O001024,P0013,1.0,0.118
LI011786,O001510,P0042,3.0,0.136
LI011787,O002039,P0115,1.0,0.199
LI011788,O006475,P0100,4.0,0.153
LI011789,O001394,P0120,5.0,0.203
LI011790,O005240,P0015,4.0,0.054
LI011791,O002347,P0050,3.0,0.051
LI011792,O000856,P0001,2.0,0.052
LI011793,O001167,P0051,2.0,0.001
LI011794,O002755,P0034,2.0,0.045
LI011795,O001666,P0042,3.0,0.03
LI011796,O004039,P0062,4.0,0.113
LI011797,O006021,P0095,3.0,0.032
LI011798,O001973,P0114,3.0,0.104
LI011799,O006061,P0032,4.0,0.25
LI011800,O003688,P0100,2.0,0.126
LI011801,O001117,P0061,5.0,0.231
LI011802,O003369,P0093,3.0,0.175
LI011803,O004543,P0054,3.0,0.224
LI011804,O000734,P0074,4.0,0.156
LI011805,O003784,P0058,5.0,0.203
LI011806,O005920,P0085,3.0,0.076
LI011807,O002922,P0100,1.0,0.093
LI011808,O003330,P0024,5.0,0.24
LI011809,O004618,P0027,3.0,0.067
LI011810,O001707,P0021,5.0,0.105
LI011811,O005495,P0018,1.0,0.163
LI011812,O003499,P0116,1.0,0.098
LI011813,O001125,P0055,5.0,0.005
LI011814,O004718,P0068,2.0,0.198
LI011815,O004855,P0047,5.0,0.084
LI011816,O001859,P0054,4.0,0.057
LI011817,O002292,P0018,2.0,0.126
LI011818,O006167,P0073,1.0,0.002
LI011819,O005474,P0116,2.0,0.216
LI011820,O002514,P0064,1.0,0.065
LI011821,O004961,P0049,1.0,0.231
LI011822,O003516,P0094,1.0,0.169
LI011823,O002001,P0035,4.0,0.137
LI011824,O001798,P0109,4.0,0.202
LI011825,O002317,P0094,3.0,0.248
LI011826,O002581,P0039,4.0,0.063
LI011827,O002015,P0110,1.0,0.089
LI011828,O006458,P0058,5.0,0.121
LI011829,O002168,P0057,2.0,0.135
LI011830,O003029,P0006,5.0,0.138
LI011831,O001948,P0078,1.0,0.137
LI011832,O001144,P0110,5.0,0.207
LI011833,O004806,P0093,2.0,0.101
LI011834,O004232,P0096,3.0,0.003
LI011835,O003149,P0078,3.0,0.219
LI011836,O000936,P0020,4.0,0.166
LI011837,O003158,P0050,5.0,0.047
LI011838,O000001,P0009,4.0,0.007
LI011839,O000077,P0076,4.0,0.079
LI011840,O005057,P0014,5.0,0.031
LI011841,O005642,P0120,5.0,0.224
LI011842,O002629,P0023,2.0,0.069
LI011843,O006135,P0048,5.0,0.176
LI011844,O002196,P0098,5.0,0.164
LI011845,O000574,P0080,4.0,0.178
LI011846,O001549,P0082,3.0,0.133
LI011847,O000186,P0056,1.0,0.182
LI011848,O005797,P0105,3.0,0.128
LI011849,O004618,P0040,5.0,0.094
LI011850,O003843,P0097,1.0,0.215
LI011851,O006306,P0069,5.0,0.115
LI011852,O006046,P0039,2.0,0.142
LI011853,O003493,P0074,5.0,0.116
LI011854,O002244,P0086,1.0,0.194
LI011855,O000034,P0043,2.0,0.135
LI011856,O001621,P0108,1.0,0.118
LI011857,O005690,P0097,2.0,0.064
LI011858,O001897,P0031,4.0,0.228
LI011859,O002456,P0070,1.0,0.216
LI011860,O001801,P0100,4.0,0.108
LI011861,O005417,P0003,4.0,0.165
LI011862,O006040,P0004,5.0,0.127
LI011863,O004633,P0120,3.0,0.044
LI011864,O002084,P0027,2.0,0.094
LI011865,O005384,P0102,1.0,0.213
LI011866,O001406,P0089,4.0,0.199
LI011867,O006258,P0101,5.0,0.026
LI011868,O003689,P0027,1.0,0.019
LI011869,O002653,P0105,5.0,0.213
LI011870,O004539,P0100,1.0,0.225
LI011871,O001187,P0110,5.0,0.074
LI011872,O004134,P0047,5.0,0.087
LI011873,O002140,P0060,3.0,0.084
LI011874,O002679,P0036,4.0,0.032
LI011875,O003795,P0118,2.0,0.186
LI011876,O002720,P0046,2.0,0.093
LI011877,O006245,P0061,1.0,0.209
LI011878,O004603,P0042,1.0,0.22
LI011879,O002227,P0007,3.0,0.228
LI011880,O002332,P0030,1.0,0.204
LI011881,O004024,P0050,2.0,0.197
LI011882,O004451,P0116,4.0,0.112
LI011883,O006024,P0047,3.0,0.007
LI011884,O003369,P0093,1.0,0.028
LI011885,O003958,P0040,3.0,0.133
LI011886,O005655,P0105,3.0,0.09
LI011887,O006070,P0005,3.0,0.207
LI011888,O000488,P0070,1.0,0.141
LI011889,O005102,P0058,5.0,0.025
LI011890,O000279,P0044,1.0,0.12
LI011891,O002592,P0071,1.0,0.205
LI011892,O000650,P0103,1.0,0.216
LI011893,O002979,P0032,1.0,0.042
LI011894,O000355,P0079,1.0,0.025
LI011895,O002243,P0115,3.0,0.097
LI011896,O004900,P0077,3.0,0.016
LI011897,O006237,P0082,1.0,0.182
LI011898,O002481,P0074,4.0,0.112
LI011899,O000558,P0040,4.0,0.05
LI011900,O005147,P0057,5.0,0.026
LI011901,O003487,P0011,4.0,0.232
LI011902,O000162,P0040,2.0,0.011
LI011903,O006245,P0104,2.0,0.024
LI011904,O000699,P0047,4.0,0.059
LI011905,O001974,P0002,1.0,0.024
LI011906,O003545,P0091,4.0,0.161
LI011907,O003778,P0052,2.0,0.055
LI011908,O002206,P0118,4.0,0.12
LI011909,O000492,P0120,3.0,0.215
LI011910,O001993,P0109,5.0,0.206
LI011911,O001033,P0114,3.0,0.037
LI011912,O003284,P0108,3.0,0.022
LI011913,O003511,P0072,5.0,0.166
LI011914,O006017,P0049,1.0,0.053
LI011915,O004920,P0059,5.0,0.195
LI011916,O004775,P0038,1.0,0.109
LI011917,O005975,P0016,2.0,0.039
LI011918,O000786,P0120,4.0,0.244
LI011919,O001834,P0088,2.0,0.014
LI011920,O000992,P0087,2.0,0.031
LI011921,O004207,P0119,2.0,0.203
LI011922,O006347,P0078,4.0,0.113
LI011923,O001784,P0027,1.0,0.235
LI011924,O005185,P0074,5.0,0.028
LI011925,O005835,P0028,1.0,0.039
LI011926,O001185,P0089,1.0,0.0
LI011927,O002462,P0066,3.0,0.054
LI011928,O001669,P0045,4.0,0.164
LI011929,O005825,P0033,1.0,0.181
LI011930,O002314,P0060,1.0,0.107
LI011931,O000572,P0050,2.0,0.064
LI011932,O004301,P0046,3.0,0.179
LI011933,O003739,P0035,5.0,0.043
LI011934,O000584,P0111,3.0,0.192
LI011935,O002221,P0041,2.0,0.197
LI011936,O000308,P0058,2.0,0.11
LI011937,O004546,P0077,2.0,0.048
LI011938,O000062,P0055,4.0,0.157
LI011939,O005580,P0005,2.0,0.213
LI011940,O004571,P0005,1.0,0.132
LI011941,O003789,P0022,4.0,0.115
LI011942,O005692,P0034,2.0,0.245
LI011943,O002134,P0065,4.0,0.134
LI011944,O001960,P0059,1.0,0.009
LI011945,O005127,P0017,2.0,0.126
LI011946,O006439,P0051,2.0,0.111
LI011947,O002033,P0049,1.0,0.073
LI011948,O003763,P0009,2.0,0.079
LI011949,O002787,P0074,1.0,0.233
LI011950,O001543,P0015,2.0,0.033
LI011951,O001676,P0109,2.0,0.191
LI011952,O004622,P0029,3.0,0.226
LI011953,O000034,P0053,4.0,0.065
LI011954,O003962,P0025,5.0,0.017
LI011955,O002800,P0085,3.0,0.077
LI011956,O001856,P0081,3.0,0.108
LI011957,O003681,P0091,4.0,0.238
LI011958,O002686,P0028,3.0,0.108
LI011959,O001058,P0023,1.0,0.023
LI011960,O004502,P0103,3.0,0.037
LI011961,O005138,P0100,5.0,0.088
LI011962,O002962,P0003,1.0,0.046
LI011963,O004389,P0033,4.0,0.015
LI011964,O006023,P0071,4.0,0.044
LI011965,O002628,P0069,4.0,0.026
LI011966,O003821,P0090,1.0,0.051
LI011967,O003158,P0017,4.0,0.249
LI011968,O003644,P0081,4.0,0.111
LI011969,O006192,P0111,5.0,0.165
LI011970,O003763,P0067,2.0,0.041
LI011971,O005988,P0067,2.0,0.212
LI011972,O002132,P0034,2.0,0.067
LI011973,O000607,P0008,4.0,0.246
LI011974,O002356,P0045,1.0,0.209
LI011975,O002300,P0060,4.0,0.238
LI011976,O005601,P0056,2.0,0.167
LI011977,O003917,P0070,5.0,0.165
LI011978,O004276,P0101,4.0,0.21
LI011979,O001334,P0109,4.0,0.179
LI011980,O004009,P0022,4.0,0.152
LI011981,O002474,P0033,1.0,0.09
LI011982,O006144,P0050,5.0,0.056
LI011983,O003558,P0071,5.0,0.196
LI011984,O003734,P0113,5.0,0.097
LI011985,O002087,P0104,5.0,0.015
LI011986,O003351,P0083,2.0,0.12
LI011987,O004912,P0112,4.0,0.164
LI011988,O000376,P0046,5.0,0.006
LI011989,O001953,P0052,3.0,0.176
LI011990,O003711,P0119,3.0,0.056
LI011991,O002089,P0074,2.0,0.056
LI011992,O001694,P0087,3.0,0.141
LI011993,O005838,P0066,3.0,0.084
LI011994,O006191,P0021,3.0,0.113
LI011995,O003556,P0024,2.0,0.128
LI011996,O004281,P0048,4.0,0.23
LI011997,O000072,P0013,2.0,0.051
LI011998,O001775,P0064,1.0,0.116
LI011999,O000574,P0005,1.0,0.196
LI012000,O006486,P0018,3.0,0.051
LI012001,O004665,P0116,3.0,0.021
LI012002,O005060,P0075,4.0,0.004
LI012003,O005363,P0037,3.0,0.026
LI012004,O004067,P0054,1.0,0.069
LI012005,O006472,P0032,3.0,0.102
LI012006,O006114,P0028,4.0,0.148
LI012007,O003708,P0086,1.0,0.05
LI012008,O006102,P0045,3.0,0.067
LI012009,O000153,P0028,4.0,0.175
LI012010,O005375,P0065,4.0,0.227
LI012011,O000729,P0070,1.0,0.034
LI012012,O005544,P0075,1.0,0.118
LI012013,O002280,P0042,1.0,0.074
LI012014,O001553,P0033,4.0,0.132
LI012015,O003664,P0016,1.0,0.03
LI012016,O003568,P0013,1.0,0.068
LI012017,O004272,P0021,4.0,0.177
LI012018,O006142,P0059,4.0,0.205
LI012019,O006287,P0112,1.0,0.155
LI012020,O006161,P0047,1.0,0.236
LI012021,O004345,P0039,1.0,0.163
LI012022,O003107,P0110,4.0,0.187
LI012023,O004897,P0088,5.0,0.089
LI012024,O001000,P0043,2.0,0.042
LI012025,O006290,P0027,3.0,0.164
LI012026,O005022,P0109,2.0,0.23
LI012027,O006309,P0037,4.0,0.245
LI012028,O001135,P0114,5.0,0.113
LI012029,O004743,P0003,4.0,0.135
LI012030,O003146,P0076,1.0,0.078
LI012031,O002716,P0007,3.0,0.168
LI012032,O000354,P0058,2.0,0.191
LI012033,O005394,P0020,4.0,0.01
LI012034,O005039,P0079,5.0,0.212
LI012035,O001303,P0065,1.0,0.128
LI012036,O004083,P0115,5.0,0.145
LI012037,O003732,P0074,3.0,0.052
LI012038,O004622,P0014,5.0,0.003
LI012039,O005655,P0079,5.0,0.238
LI012040,O000510,P0098,1.0,0.232
LI012041,O001538,P0049,5.0,0.194
LI012042,O000178,P0089,1.0,0.118
LI012043,O002377,P0095,3.0,0.079
LI012044,O000801,P0074,4.0,0.039
LI012045,O003244,P0037,1.0,0.02
LI012046,O005516,P0006,4.0,0.114
LI012047,O003667,P0006,2.0,0.198
LI012048,O000938,P0028,5.0,0.181
LI012049,O003028,P0102,4.0,0.189
LI012050,O002021,P0078,5.0,0.03
LI012051,O002783,P0013,1.0,0.216
LI012052,O006441,P0013,5.0,0.201
LI012053,O003541,P0010,3.0,0.024
LI012054,O001975,P0080,4.0,0.089
LI012055,O001519,P0039,5.0,0.094
LI012056,O002670,P0099,4.0,0.184
LI012057,O001259,P0079,4.0,0.215
LI012058,O003111,P0023,3.0,0.094
LI012059,O001243,P0037,1.0,0.033
LI012060,O005337,P0008,5.0,0.021
LI012061,O002754,P0090,2.0,0.16
LI012062,O005795,P0060,4.0,0.124
LI012063,O002676,P0086,1.0,0.226
LI012064,O005960,P0005,2.0,0.238
LI012065,O003673,P0098,4.0,0.225
LI012066,O000420,P0027,2.0,0.019
LI012067,O000653,P0019,5.0,0.071
LI012068,O002872,P0043,5.0,0.06
LI012069,O003246,P0043,4.0,0.017
LI012070,O004910,P0035,4.0,0.23
LI012071,O000868,P0109,5.0,0.224
LI012072,O004209,P0084,1.0,0.098
LI012073,O002988,P0115,2.0,0.24
LI012074,O000174,P0055,4.0,0.141
LI012075,O005107,P0061,4.0,0.109
LI012076,O006218,P0047,3.0,0.137
LI012077,O004733,P0102,2.0,0.106
LI012078,O001560,P0077,5.0,0.073
LI012079,O004128,P0056,4.0,0.045
LI012080,O004593,P0082,4.0,0.115
LI012081,O002243,P0018,5.0,0.133
LI012082,O004624,P0065,2.0,0.205
LI012083,O002489,P0096,1.0,0.118
LI012084,O001513,P0053,5.0,0.207
LI012085,O005617,P0119,1.0,0.239
LI012086,O002772,P0089,4.0,0.18
LI012087,O001644,P0085,1.0,0.03
LI012088,O000024,P0091,1.0,0.115
LI012089,O002338,P0011,5.0,0.214
LI012090,O002944,P0112,4.0,0.123
LI012091,O006452,P0001,2.0,0.203
LI012092,O004400,P0083,3.0,0.194
LI012093,O004727,P0096,1.0,0.04
LI012094,O001717,P0008,4.0,0.082
LI012095,O004134,P0019,3.0,0.191
LI012096,O000745,P0055,2.0,0.04
LI012097,O005701,P0016,3.0,0.106
LI012098,O004178,P0099,2.0,0.034
LI012099,O005238,P0066,3.0,0.059
LI012100,O005941,P0012,2.0,0.071
LI012101,O000050,P0093,1.0,0.133
LI012102,O006218,P0074,3.0,0.228
LI012103,O003050,P0062,2.0,0.096
LI012104,O002743,P0086,4.0,0.212
LI012105,O005226,P0098,5.0,0.174
LI012106,O003890,P0058,3.0,0.195
LI012107,O001623,P0021,3.0,0.191
LI012108,O003398,P0037,3.0,0.076
LI012109,O001788,P0005,3.0,0.059
LI012110,O006500,P0070,5.0,0.244
LI012111,O005776,P0032,3.0,0.184
LI012112,O003356,P0067,1.0,0.091
LI012113,O001014,P0010,1.0,0.139
LI012114,O006329,P0069,4.0,0.194
LI012115,O000154,P0088,5.0,0.014
LI012116,O002902,P0084,4.0,0.025
LI012117,O006262,P0062,1.0,0.006
LI012118,O002315,P0037,3.0,0.041
LI012119,O003457,P0095,3.0,0.03
LI012120,O002303,P0047,2.0,0.116
LI012121,O004267,P0081,5.0,0.072
LI012122,O004014,P0049,2.0,0.011
LI012123,O000617,P0024,5.0,0.112
LI012124,O003050,P0082,5.0,0.145
LI012125,O004644,P0026,3.0,0.093
LI012126,O005305,P0106,3.0,0.065
LI012127,O001926,P0055,4.0,0.098
LI012128,O002458,P0007,1.0,0.13
LI012129,O001612,P0107,1.0,0.109
LI012130,O004242,P0078,3.0,0.023
LI012131,O003110,P0041,1.0,0.114
LI012132,O002538,P0113,5.0,0.18
LI012133,O004358,P0002,1.0,0.205
LI012134,O005246,P0030,4.0,0.11
LI012135,O001628,P0113,1.0,0.248
LI012136,O004441,P0081,1.0,0.211
LI012137,O001999,P0020,4.0,0.054
LI012138,O002927,P0056,4.0,0.114
LI012139,O001132,P0074,3.0,0.074
LI012140,O001993,P0024,4.0,0.138
LI012141,O005677,P0108,3.0,0.056
LI012142,O000514,P0012,5.0,0.009
LI012143,O005041,P0091,2.0,0.226
LI012144,O000713,P0015,1.0,0.13
LI012145,O003162,P0073,4.0,0.229
LI012146,O000215,P0082,1.0,0.03
LI012147,O005747,P0048,5.0,0.038
LI012148,O005439,P0061,2.0,0.057
LI012149,O000604,P0071,4.0,0.114
LI012150,O003770,P0028,3.0,0.22
LI012151,O004868,P0110,3.0,0.163
LI012152,O000670,P0100,4.0,0.014
LI012153,O001081,P0003,4.0,0.102
LI012154,O004655,P0108,5.0,0.181
LI012155,O001426,P0016,2.0,0.081
LI012156,O002270,P0036,4.0,0.123
LI012157,O000475,P0004,3.0,0.178
LI012158,O001132,P0099,2.0,0.241
LI012159,O000863,P0009,4.0,0.083
LI012160,O000812,P0120,2.0,0.186
LI012161,O006324,P0110,5.0,0.187
LI012162,O004273,P0012,4.0,0.136
LI012163,O000487,P0074,4.0,0.203
LI012164,O000692,P0110,2.0,0.134
LI012165,O003109,P0044,4.0,0.156
LI012166,O002623,P0108,2.0,0.209
LI012167,O000268,P0066,2.0,0.119
LI012168,O000785,P0019,4.0,0.119
LI012169,O003874,P0013,3.0,0.148
LI012170,O002972,P0106,5.0,0.201
LI012171,O002402,P0055,2.0,0.032
LI012172,O004910,P0117,3.0,0.193
LI012173,O003342,P0097,2.0,0.074
LI012174,O003072,P0065,3.0,0.018
LI012175,O002317,P0092,4.0,0.198
LI012176,O005366,P0104,5.0,0.036
LI012177,O001202,P0070,3.0,0.053
LI012178,O005187,P0116,1.0,0.177
LI012179,O000277,P0003,2.0,0.141
LI012180,O005328,P0109,3.0,0.23
LI012181,O000307,P0025,5.0,0.239
LI012182,O005670,P0108,5.0,0.078
LI012183,O000631,P0052,5.0,0.081
LI012184,O002586,P0016,3.0,0.052
LI012185,O001138,P0043,3.0,0.129
LI012186,O002182,P0056,4.0,0.094
LI012187,O001714,P0068,1.0,0.004
LI012188,O001049,P0008,3.0,0.099
LI012189,O001584,P0103,4.0,0.015
LI012190,O003352,P0080,2.0,0.2
LI012191,O005463,P0044,1.0,0.232
LI012192,O004909,P0038,5.0,0.074
LI012193,O001835,P0023,1.0,0.163
LI012194,O006216,P0006,2.0,0.022
LI012195,O000952,P0043,3.0,0.091
LI012196,O002033,P0044,3.0,0.144
LI012197,O001225,P0080,4.0,0.026
LI012198,O005446,P0118,3.0,0.094
LI012199,O000033,P0080,3.0,0.239
LI012200,O000097,P0023,1.0,0.042
LI012201,O004359,P0016,2.0,0.155
LI012202,O005010,P0100,5.0,0.208
LI012203,O003142,P0076,5.0,0.193
LI012204,O006437,P0101,4.0,0.193
LI012205,O002778,P0009,2.0,0.015
LI012206,O003279,P0082,1.0,0.243
LI012207,O000172,P0009,5.0,0.182
LI012208,O004854,P0112,4.0,0.239
LI012209,O005022,P0085,3.0,0.245
LI012210,O005515,P0058,3.0,0.089
LI012211,O005376,P0065,1.0,0.136
LI012212,O000901,P0059,5.0,0.182
LI012213,O005130,P0023,3.0,0.212
LI012214,O004367,P0069,4.0,0.243
LI012215,O000742,P0019,4.0,0.244
LI012216,O005432,P0035,5.0,0.082
LI012217,O002615,P0097,1.0,0.17
LI012218,O001923,P0055,4.0,0.037
LI012219,O002698,P0110,2.0,0.203
LI012220,O000391,P0082,4.0,0.04
LI012221,O000959,P0040,1.0,0.223
LI012222,O004671,P0014,4.0,0.245
LI012223,O000344,P0084,3.0,0.022
LI012224,O003482,P0116,1.0,0.128
LI012225,O001570,P0013,3.0,0.066
LI012226,O005498,P0053,3.0,0.118
LI012227,O000456,P0080,5.0,0.073
LI012228,O005543,P0105,1.0,0.016
LI012229,O000444,P0095,3.0,0.099
LI012230,O004293,P0039,5.0,0.051
LI012231,O002916,P0099,5.0,0.137
LI012232,O002411,P0084,3.0,0.17
LI012233,O003482,P0065,3.0,0.101
LI012234,O005694,P0056,2.0,0.051
LI012235,O001418,P0040,1.0,0.048
LI012236,O005857,P0046,5.0,0.001
LI012237,O000671,P0077,1.0,0.176
LI012238,O005414,P0007,5.0,0.063
LI012239,O006002,P0045,4.0,0.243
LI012240,O006169,P0022,4.0,0.187
LI012241,O002285,P0007,5.0,0.074
LI012242,O004557,P0084,2.0,0.04
LI012243,O005441,P0052,4.0,0.156
LI012244,O000100,P0101,1.0,0.216
LI012245,O002788,P0100,3.0,0.146
LI012246,O000408,P0068,1.0,0.003
LI012247,O000978,P0070,1.0,0.197
LI012248,O002799,P0110,1.0,0.241
LI012249,O005554,P0067,5.0,0.012
LI012250,O000143,P0003,5.0,0.202
LI012251,O003077,P0058,1.0,0.18
LI012252,O000720,P0120,3.0,0.099
LI012253,O001460,P0067,2.0,0.159
LI012254,O000418,P0100,2.0,0.04
LI012255,O001105,P0054,4.0,0.18
LI012256,O000545,P0009,4.0,0.145
LI012257,O006303,P0054,3.0,0.022
LI012258,O005906,P0080,1.0,0.217
LI012259,O003289,P0051,5.0,0.032
LI012260,O000773,P0016,4.0,0.11
LI012261,O001694,P0012,1.0,0.033
LI012262,O001069,P0102,2.0,0.162
LI012263,O003704,P0020,3.0,0.184
LI012264,O005335,P0053,5.0,0.237
LI012265,O004224,P0031,5.0,0.063
LI012266,O001574,P0094,4.0,0.092
LI012267,O004973,P0021,1.0,0.097
LI012268,O003794,P0003,5.0,0.024
LI012269,O002654,P0021,2.0,0.202
LI012270,O000541,P0092,2.0,0.021
LI012271,O002212,P0028,3.0,0.085
LI012272,O002697,P0005,3.0,0.048
LI012273,O001559,P0071,2.0,0.166
LI012274,O000131,P0069,2.0,0.226
LI012275,O002744,P0073,1.0,0.187
LI012276,O004600,P0047,5.0,0.194
LI012277,O005544,P0085,1.0,0.02
LI012278,O003821,P0020,3.0,0.185
LI012279,O002232,P0038,3.0,0.016
LI012280,O000826,P0104,3.0,0.121
LI012281,O002719,P0116,5.0,0.173
LI012282,O001023,P0037,4.0,0.064
LI012283,O002602,P0058,3.0,0.171
LI012284,O005355,P0017,3.0,0.22
LI012285,O004227,P0042,1.0,0.219
LI012286,O000697,P0092,1.0,0.048
LI012287,O001038,P0095,4.0,0.069
LI012288,O000814,P0097,4.0,0.167
LI012289,O003838,P0032,4.0,0.21
LI012290,O000659,P0062,4.0,0.114
LI012291,O002428,P0096,1.0,0.231
LI012292,O001084,P0112,3.0,0.144
LI012293,O002975,P0120,1.0,0.065
LI012294,O001184,P0087,2.0,0.005
LI012295,O005567,P0021,2.0,0.202
LI012296,O002625,P0089,3.0,0.023
LI012297,O005506,P0033,4.0,0.02
LI012298,O005190,P0067,3.0,0.194
LI012299,O002733,P0006,2.0,0.008
LI012300,O001998,P0113,3.0,0.211
LI012301,O002012,P0092,4.0,0.15
LI012302,O001249,P0118,1.0,0.159
LI012303,O003737,P0066,4.0,0.235
LI012304,O006184,P0032,1.0,0.217
LI012305,O005266,P0064,2.0,0.019
LI012306,O002414,P0026,5.0,0.213
LI012307,O004344,P0062,3.0,0.167
LI012308,O000012,P0005,5.0,0.079
LI012309,O002011,P0011,4.0,0.213
LI012310,O003608,P0074,1.0,0.006
LI012311,O000737,P0079,4.0,0.209
LI012312,O000510,P0082,4.0,0.155
LI012313,O001269,P0049,2.0,0.065
LI012314,O006095,P0078,4.0,0.001
LI012315,O004267,P0092,3.0,0.13
LI012316,O005746,P0094,2.0,0.106
LI012317,O004817,P0062,5.0,0.216
LI012318,O003043,P0060,4.0,0.197
LI012319,O004911,P0077,5.0,0.147
LI012320,O001059,P0084,3.0,0.038
LI012321,O004301,P0002,3.0,0.182
LI012322,O000890,P0089,3.0,0.148
LI012323,O005504,P0108,5.0,0.006
LI012324,O002953,P0059,5.0,0.19
LI012325,O003338,P0107,1.0,0.208
LI012326,O005697,P0115,2.0,0.194
LI012327,O003682,P0076,4.0,0.044
LI012328,O002745,P0025,2.0,0.126
LI012329,O004846,P0068,3.0,0.132
LI012330,O001509,P0042,4.0,0.234
LI012331,O003338,P0076,1.0,0.231
LI012332,O003034,P0071,2.0,0.016
LI012333,O006035,P0055,3.0,0.25
LI012334,O001768,P0038,4.0,0.197
LI012335,O001133,P0104,4.0,0.094
LI012336,O001202,P0096,3.0,0.186
LI012337,O000249,P0043,5.0,0.094
LI012338,O001896,P0070,2.0,0.234
LI012339,O005125,P0053,4.0,0.095
LI012340,O005277,P0091,5.0,0.192
LI012341,O000230,P0099,1.0,0.039
LI012342,O002676,P0021,4.0,0.213
LI012343,O001285,P0020,4.0,0.155
LI012344,O002876,P0019,1.0,0.202
LI012345,O000321,P0033,1.0,0.104
LI012346,O000028,P0120,4.0,0.087
LI012347,O002899,P0063,3.0,0.133
LI012348,O000510,P0068,1.0,0.097
LI012349,O006372,P0060,5.0,0.129
LI012350,O000641,P0019,1.0,0.108
LI012351,O004637,P0116,4.0,0.049
LI012352,O003251,P0113,4.0,0.244
LI012353,O003748,P0028,2.0,0.004
LI012354,O002720,P0022,5.0,0.231
LI012355,O003904,P0051,2.0,0.207
LI012356,O005006,P0088,1.0,0.105
LI012357,O001312,P0110,2.0,0.081
LI012358,O005614,P0063,4.0,0.041
LI012359,O003337,P0062,3.0,0.033
LI012360,O001491,P0094,1.0,0.138
LI012361,O001419,P0029,4.0,0.026
LI012362,O001459,P0074,1.0,0.119
LI012363,O003460,P0117,2.0,0.204
LI012364,O004905,P0032,2.0,0.189
LI012365,O005657,P0073,1.0,0.033
LI012366,O002568,P0025,1.0,0.24
LI012367,O001338,P0016,2.0,0.072
LI012368,O003693,P0015,1.0,0.176
LI012369,O005249,P0059,2.0,0.075
LI012370,O004610,P0048,1.0,0.154
LI012371,O003082,P0018,3.0,0.143
LI012372,O000347,P0117,1.0,0.045
LI012373,O000117,P0023,1.0,0.163
LI012374,O002459,P0055,4.0,0.082
LI012375,O001421,P0042,3.0,0.153
LI012376,O001855,P0003,2.0,0.135
LI012377,O003083,P0071,2.0,0.211
LI012378,O005518,P0103,5.0,0.053
LI012379,O001632,P0052,3.0,0.038
LI012380,O002000,P0011,3.0,0.214
LI012381,O002146,P0055,1.0,0.111
LI012382,O004378,P0088,4.0,0.195
LI012383,O006099,P0099,2.0,0.24
LI012384,O000807,P0114,2.0,0.136
LI012385,O001692,P0025,4.0,0.075
LI012386,O002705,P0092,4.0,0.199
LI012387,O005541,P0076,3.0,0.233
LI012388,O003436,P0087,4.0,0.061
LI012389,O000211,P0081,4.0,0.172
LI012390,O001691,P0041,1.0,0.195
LI012391,O001778,P0037,3.0,0.007
LI012392,O003148,P0082,5.0,0.148
LI012393,O005443,P0055,5.0,0.158
LI012394,O002500,P0009,2.0,0.159
LI012395,O000687,P0109,4.0,0.021
LI012396,O002671,P0099,1.0,0.005
LI012397,O005067,P0036,4.0,0.073
LI012398,O000930,P0057,2.0,0.089
LI012399,O004114,P0063,4.0,0.036
LI012400,O001315,P0082,5.0,0.127
LI012401,O002834,P0020,3.0,0.057
LI012402,O001774,P0085,4.0,0.084
LI012403,O002246,P0047,5.0,0.073
LI012404,O001186,P0020,5.0,0.193
LI012405,O002465,P0119,2.0,0.219
LI012406,O000384,P0006,3.0,0.075
LI012407,O006344,P0073,2.0,0.094
LI012408,O005866,P0107,1.0,0.204
LI012409,O004991,P0093,3.0,0.19
LI012410,O003924,P0029,1.0,0.177
LI012411,O001522,P0077,3.0,0.177
LI012412,O000980,P0100,5.0,0.074
LI012413,O004178,P0091,1.0,0.234
LI012414,O003611,P0111,3.0,0.202
LI012415,O005701,P0049,3.0,0.053
LI012416,O003271,P0108,1.0,0.166
LI012417,O001954,P0006,3.0,0.039
LI012418,O005547,P0039,2.0,0.144
LI012419,O001485,P0032,2.0,0.072
LI012420,O000884,P0049,1.0,0.026
LI012421,O002528,P0043,5.0,0.151
LI012422,O004824,P0108,4.0,0.221
LI012423,O000124,P0028,1.0,0.035
LI012424,O005758,P0045,1.0,0.225
LI012425,O000526,P0065,1.0,0.032
LI012426,O002087,P0050,1.0,0.185
LI012427,O002156,P0054,2.0,0.247
LI012428,O006412,P0051,1.0,0.023
LI012429,O006100,P0043,5.0,0.053
LI012430,O001377,P0064,4.0,0.116
LI012431,O004407,P0095,4.0,0.184
LI012432,O003462,P0030,5.0,0.224
LI012433,O004136,P0118,1.0,0.182
LI012434,O004877,P0082,4.0,0.193
LI012435,O000581,P0093,2.0,0.113
LI012436,O006296,P0042,4.0,0.089
LI012437,O001994,P0038,5.0,0.127
LI012438,O006331,P0087,4.0,0.162
LI012439,O004526,P0086,5.0,0.126
LI012440,O006136,P0066,1.0,0.198
LI012441,O003936,P0069,4.0,0.039
LI012442,O000457,P0106,5.0,0.099
LI012443,O002801,P0015,2.0,0.017
LI012444,O005347,P0061,2.0,0.168
LI012445,O001452,P0096,3.0,0.189
LI012446,O000204,P0110,4.0,0.167
LI012447,O002827,P0006,1.0,0.239
LI012448,O004214,P0078,3.0,0.233
LI012449,O001853,P0024,4.0,0.068
LI012450,O005924,P0085,2.0,0.061
LI012451,O003466,P0014,1.0,0.006
LI012452,O004046,P0012,2.0,0.126
LI012453,O006366,P0055,4.0,0.215
LI012454,O004993,P0068,1.0,0.039
LI012455,O006207,P0044,1.0,0.148
LI012456,O002444,P0085,3.0,0.18
LI012457,O002053,P0081,1.0,0.092
LI012458,O004604,P0093,4.0,0.176
LI012459,O002193,P0051,5.0,0.209
LI012460,O005050,P0080,5.0,0.003
LI012461,O002710,P0082,1.0,0.184
LI012462,O001183,P0038,5.0,0.15
LI012463,O006042,P0041,4.0,0.211
LI012464,O002829,P0115,3.0,0.035
LI012465,O000959,P0044,2.0,0.202
LI012466,O004075,P0075,2.0,0.035
LI012467,O005951,P0096,4.0,0.146
LI012468,O002059,P0092,3.0,0.068
LI012469,O000069,P0016,4.0,0.06
LI012470,O005824,P0098,1.0,0.125
LI012471,O001638,P0050,3.0,0.189
LI012472,O005060,P0094,5.0,0.161
LI012473,O005664,P0038,1.0,0.247
LI012474,O000202,P0086,5.0,0.03
LI012475,O000266,P0005,1.0,0.18
LI012476,O006252,P0009,1.0,0.014
LI012477,O003126,P0077,1.0,0.089
LI012478,O006334,P0039,1.0,0.086
LI012479,O000239,P0087,3.0,0.064
LI012480,O005047,P0027,3.0,0.133
LI012481,O006487,P0032,1.0,0.061
LI012482,O000291,P0064,4.0,0.092
LI012483,O003395,P0095,1.0,0.215
LI012484,O006465,P0033,1.0,0.081
LI012485,O001809,P0106,4.0,0.246
LI012486,O002090,P0090,4.0,0.069
LI012487,O000955,P0018,1.0,0.226
LI012488,O005318,P0076,2.0,0.108
LI012489,O004729,P0067,2.0,0.227
LI012490,O001931,P0005,4.0,0.107
LI012491,O004081,P0078,1.0,0.193
LI012492,O000284,P0059,5.0,0.1
LI012493,O000807,P0111,5.0,0.155
LI012494,O006326,P0076,1.0,0.013
LI012495,O005131,P0004,1.0,0.15
LI012496,O001907,P0120,1.0,0.079
LI012497,O002677,P0016,5.0,0.249
LI012498,O003572,P0075,5.0,0.203
LI012499,O004672,P0100,4.0,0.02
LI012500,O003760,P0102,3.0,0.05
LI012501,O004070,P0048,4.0,0.154
LI012502,O001619,P0066,4.0,0.075
LI012503,O005023,P0077,2.0,0.053
LI012504,O005122,P0008,4.0,0.089
LI012505,O004907,P0044,4.0,0.027
LI012506,O005362,P0021,4.0,0.139
LI012507,O000809,P0026,4.0,0.071
LI012508,O003787,P0102,3.0,0.217
LI012509,O000942,P0035,2.0,0.008
LI012510,O000040,P0015,5.0,0.088
LI012511,O001339,P0040,1.0,0.137
LI012512,O004653,P0030,5.0,0.059
LI012513,O001322,P0066,2.0,0.014
LI012514,O001655,P0080,4.0,0.018
LI012515,O006124,P0013,5.0,0.04
LI012516,O005013,P0001,4.0,0.068
LI012517,O003069,P0043,3.0,0.176
LI012518,O004739,P0028,3.0,0.119
LI012519,O000395,P0001,2.0,0.008
LI012520,O000792,P0040,5.0,0.039
LI012521,O003634,P0034,3.0,0.092
LI012522,O006232,P0013,2.0,0.105
LI012523,O001945,P0061,2.0,0.016
LI012524,O000744,P0117,2.0,0.03
LI012525,O005675,P0066,5.0,0.066
LI012526,O005336,P0004,5.0,0.209
LI012527,O004373,P0089,2.0,0.052
LI012528,O000194,P0098,1.0,0.057
LI012529,O004275,P0013,5.0,0.124
LI012530,O005263,P0036,5.0,0.223
LI012531,O006141,P0096,1.0,0.132
LI012532,O003898,P0061,5.0,0.02
LI012533,O005658,P0058,5.0,0.047
LI012534,O000218,P0085,3.0,0.214
LI012535,O003583,P0090,1.0,0.219
LI012536,O005084,P0015,3.0,0.199
LI012537,O004653,P0093,1.0,0.135
LI012538,O003491,P0090,1.0,0.11
LI012539,O005344,P0085,1.0,0.067
LI012540,O002816,P0012,5.0,0.137
LI012541,O003904,P0076,2.0,0.171
LI012542,O003924,P0069,4.0,0.15
LI012543,O001786,P0061,2.0,0.056
LI012544,O004173,P0042,5.0,0.226
LI012545,O004695,P0090,5.0,0.098
LI012546,O003834,P0032,4.0,0.221
LI012547,O005328,P0002,5.0,0.099
LI012548,O001183,P0008,1.0,0.01
LI012549,O000524,P0091,3.0,0.184
LI012550,O003297,P0101,3.0,0.23
LI012551,O005478,P0054,1.0,0.064
LI012552,O004480,P0008,2.0,0.136
LI012553,O005686,P0088,3.0,0.202
LI012554,O005570,P0013,1.0,0.08
LI012555,O006386,P0029,2.0,0.072
LI012556,O000369,P0013,3.0,0.103
LI012557,O005591,P0058,1.0,0.138
LI012558,O004384,P0063,3.0,0.138
LI012559,O000399,P0087,3.0,0.122
LI012560,O002152,P0047,3.0,0.205
LI012561,O005431,P0079,4.0,0.038
LI012562,O003881,P0088,2.0,0.021
LI012563,O000127,P0107,3.0,0.042
LI012564,O002088,P0087,1.0,0.176
LI012565,O003144,P0074,4.0,0.036
LI012566,O001771,P0038,5.0,0.081
LI012567,O004054,P0069,5.0,0.22
LI012568,O000247,P0069,2.0,0.035
LI012569,O005926,P0095,1.0,0.132
LI012570,O003319,P0040,4.0,0.127
LI012571,O006456,P0001,1.0,0.009
LI012572,O002082,P0002,4.0,0.029
LI012573,O006273,P0113,4.0,0.238
LI012574,O002058,P0029,5.0,0.24
LI012575,O005288,P0007,2.0,0.219
LI012576,O005904,P0093,2.0,0.108
LI012577,O005336,P0057,1.0,0.148
LI012578,O002990,P0055,4.0,0.206
LI012579,O005872,P0073,4.0,0.169
LI012580,O003598,P0036,3.0,0.224
LI012581,O005722,P0007,2.0,0.079
LI012582,O000340,P0092,4.0,0.156
LI012583,O002729,P0010,1.0,0.142
LI012584,O001592,P0080,5.0,0.246
LI012585,O005784,P0074,5.0,0.22
LI012586,O003162,P0039,2.0,0.041
LI012587,O001309,P0058,2.0,0.015
LI012588,O004630,P0090,3.0,0.112
LI012589,O003339,P0098,2.0,0.136
LI012590,O004905,P0098,4.0,0.197
LI012591,O002699,P0040,4.0,0.04
LI012592,O003124,P0014,4.0,0.23
LI012593,O002298,P0082,4.0,0.143
LI012594,O005451,P0001,3.0,0.211
LI012595,O005322,P0017,2.0,0.209
LI012596,O002054,P0049,2.0,0.238
LI012597,O004945,P0086,2.0,0.165
LI012598,O001510,P0101,3.0,0.196
LI012599,O005319,P0016,3.0,0.205
LI012600,O003808,P0007,4.0,0.117
LI012601,O000013,P0015,3.0,0.108
LI012602,O006150,P0115,3.0,0.237
LI012603,O004035,P0021,1.0,0.017
LI012604,O005531,P0066,4.0,0.238
LI012605,O001581,P0059,4.0,0.145
LI012606,O003434,P0048,1.0,0.074
LI012607,O004634,P0089,2.0,0.139
LI012608,O002052,P0073,1.0,0.159
LI012609,O003877,P0084,1.0,0.028
LI012610,O005909,P0050,1.0,0.167
LI012611,O006131,P0010,3.0,0.226
LI012612,O006428,P0120,1.0,0.243
LI012613,O004818,P0052,5.0,0.15
LI012614,O001824,P0085,1.0,0.082
LI012615,O003431,P0068,2.0,0.141
LI012616,O002741,P0030,2.0,0.001
LI012617,O001789,P0034,2.0,0.23
LI012618,O001953,P0094,1.0,0.196
LI012619,O002705,P0078,4.0,0.042
LI012620,O000952,P0086,2.0,0.152
LI012621,O004724,P0065,1.0,0.005
LI012622,O003421,P0060,2.0,0.054
LI012623,O003028,P0008,3.0,0.043
LI012624,O003102,P0075,3.0,0.039
LI012625,O003961,P0065,1.0,0.138
LI012626,O005874,P0069,2.0,0.241
LI012627,O003589,P0057,2.0,0.033
LI012628,O003846,P0045,5.0,0.218
LI012629,O005738,P0049,2.0,0.021
LI012630,O001148,P0074,4.0,0.021
LI012631,O003518,P0119,3.0,0.157
LI012632,O003059,P0062,2.0,0.144
LI012633,O001418,P0039,4.0,0.086
LI012634,O003910,P0077,1.0,0.133
LI012635,O004746,P0021,3.0,0.189
LI012636,O003690,P0100,1.0,0.193
LI012637,O002773,P0053,2.0,0.003
LI012638,O004908,P0045,1.0,0.02
LI012639,O005176,P0097,3.0,0.001
LI012640,O006276,P0107,1.0,0.004
LI012641,O002829,P0028,1.0,0.21
LI012642,O002170,P0053,1.0,0.021
LI012643,O002250,P0009,4.0,0.178
LI012644,O003859,P0109,4.0,0.245
LI012645,O006086,P0075,2.0,0.205
LI012646,O001626,P0104,1.0,0.017
LI012647,O002750,P0093,4.0,0.223
LI012648,O002606,P0071,3.0,0.24
LI012649,O001848,P0061,3.0,0.177
LI012650,O005962,P0027,1.0,0.154
LI012651,O000579,P0022,2.0,0.15
LI012652,O001137,P0095,4.0,0.205
LI012653,O003411,P0030,4.0,0.138
LI012654,O003134,P0092,4.0,0.083
LI012655,O002275,P0084,2.0,0.243
LI012656,O002222,P0015,5.0,0.012
LI012657,O005116,P0015,4.0,0.166
LI012658,O001158,P0053,1.0,0.146
LI012659,O003859,P0076,4.0,0.16
LI012660,O001650,P0081,4.0,0.161
LI012661,O006287,P0023,5.0,0.031
LI012662,O004665,P0070,1.0,0.033
LI012663,O005414,P0109,1.0,0.017
LI012664,O004373,P0016,1.0,0.235
LI012665,O005612,P0091,4.0,0.152
LI012666,O001587,P0087,4.0,0.019
LI012667,O001959,P0065,3.0,0.108
LI012668,O005591,P0045,5.0,0.09
LI012669,O002324,P0007,1.0,0.037
LI012670,O000234,P0045,1.0,0.206
LI012671,O001266,P0039,3.0,0.194
LI012672,O000032,P0104,4.0,0.116
LI012673,O003439,P0050,3.0,0.131
LI012674,O001372,P0049,3.0,0.109
LI012675,O000760,P0048,4.0,0.138
LI012676,O003204,P0049,2.0,0.183
LI012677,O005895,P0040,5.0,0.219
LI012678,O001795,P0039,2.0,0.148
LI012679,O004889,P0057,2.0,0.031
LI012680,O005488,P0082,5.0,0.193
LI012681,O000762,P0063,2.0,0.093
LI012682,O004361,P0100,4.0,0.157
LI012683,O006359,P0056,2.0,0.05
LI012684,O004081,P0086,2.0,0.041
LI012685,O000282,P0002,2.0,0.013
LI012686,O004072,P0112,4.0,0.079
LI012687,O003904,P0026,3.0,0.149
LI012688,O004626,P0114,1.0,0.08
LI012689,O004056,P0096,5.0,0.06
LI012690,O005979,P0023,5.0,0.249
LI012691,O006125,P0104,4.0,0.25
LI012692,O006146,P0110,1.0,0.151
LI012693,O000816,P0018,2.0,0.081
LI012694,O004560,P0083,5.0,0.215
LI012695,O001471,P0088,2.0,0.184
LI012696,O005483,P0068,4.0,0.154
LI012697,O003288,P0118,4.0,0.227
LI012698,O004260,P0060,4.0,0.111
LI012699,O005823,P0110,3.0,0.064
LI012700,O005707,P0002,4.0,0.242
LI012701,O002586,P0094,2.0,0.215
LI012702,O000511,P0049,3.0,0.228
LI012703,O005894,P0038,2.0,0.23
LI012704,O005341,P0031,4.0,0.096
LI012705,O000555,P0040,3.0,0.215
LI012706,O003706,P0080,1.0,0.222
LI012707,O001307,P0053,4.0,0.137
LI012708,O003143,P0064,3.0,0.156
LI012709,O006005,P0033,3.0,0.144
LI012710,O005494,P0058,3.0,0.004
LI012711,O000259,P0050,5.0,0.134
LI012712,O001225,P0064,3.0,0.009
LI012713,O001666,P0003,1.0,0.113
LI012714,O001404,P0061,4.0,0.011
LI012715,O001866,P0082,4.0,0.114
LI012716,O000766,P0010,4.0,0.076
LI012717,O000065,P0066,3.0,0.193
LI012718,O003450,P0051,4.0,0.12
LI012719,O002706,P0094,1.0,0.128
LI012720,O005766,P0030,5.0,0.226
LI012721,O006186,P0025,1.0,0.121
LI012722,O004975,P0043,5.0,0.039
LI012723,O000196,P0115,4.0,0.028
LI012724,O001384,P0120,2.0,0.076
LI012725,O005892,P0088,5.0,0.066
LI012726,O002436,P0064,1.0,0.205
LI012727,O004161,P0059,1.0,0.19
LI012728,O005417,P0062,2.0,0.015
LI012729,O001451,P0099,5.0,0.05
LI012730,O000223,P0010,5.0,0.112
LI012731,O005629,P0064,1.0,0.022
LI012732,O000442,P0112,5.0,0.042
LI012733,O001438,P0094,2.0,0.227
LI012734,O003188,P0060,5.0,0.135
LI012735,O004999,P0090,5.0,0.199
LI012736,O002368,P0099,2.0,0.083
LI012737,O004866,P0088,4.0,0.094
LI012738,O000883,P0115,5.0,0.215
LI012739,O000451,P0020,1.0,0.164
LI012740,O005199,P0117,3.0,0.17
LI012741,O000743,P0103,1.0,0.16
LI012742,O005706,P0049,1.0,0.135
LI012743,O001545,P0104,4.0,0.248
LI012744,O003351,P0099,4.0,0.224
LI012745,O002830,P0103,1.0,0.178
LI012746,O002614,P0074,5.0,0.17
LI012747,O001916,P0027,1.0,0.021
LI012748,O001249,P0051,5.0,0.121
LI012749,O000528,P0057,2.0,0.124
LI012750,O004820,P0079,2.0,0.013
LI012751,O000241,P0079,4.0,0.189
LI012752,O002143,P0037,3.0,0.0
LI012753,O000365,P0099,3.0,0.106
LI012754,O001209,P0003,4.0,0.226
LI012755,O005256,P0029,2.0,0.085
LI012756,O004121,P0068,4.0,0.146
LI012757,O006057,P0047,2.0,0.077
LI012758,O002366,P0080,5.0,0.045
LI012759,O006477,P0069,2.0,0.183
LI012760,O002962,P0021,2.0,0.051
LI012761,O004658,P0104,2.0,0.018
LI012762,O004777,P0042,3.0,0.109
LI012763,O002148,P0118,2.0,0.177
LI012764,O002418,P0021,1.0,0.145
LI012765,O001617,P0002,5.0,0.061
LI012766,O001036,P0078,3.0,0.204
LI012767,O000720,P0069,1.0,0.024
LI012768,O006221,P0007,3.0,0.168
LI012769,O004683,P0075,3.0,0.152
LI012770,O000974,P0035,1.0,0.225
LI012771,O001847,P0030,4.0,0.132
LI012772,O001372,P0044,4.0,0.205
LI012773,O001467,P0046,2.0,0.054
LI012774,O000691,P0055,1.0,0.136
LI012775,O000088,P0001,2.0,0.133
LI012776,O002513,P0054,4.0,0.074
LI012777,O003849,P0080,1.0,0.001
LI012778,O000494,P0111,1.0,0.186
LI012779,O001246,P0001,1.0,0.099
LI012780,O006117,P0063,2.0,0.075
LI012781,O001142,P0055,3.0,0.049
LI012782,O004232,P0086,3.0,0.213
LI012783,O000978,P0077,3.0,0.083
LI012784,O002235,P0027,1.0,0.051
LI012785,O000542,P0015,4.0,0.131
LI012786,O005026,P0081,2.0,0.195
LI012787,O001403,P0009,2.0,0.151
LI012788,O000811,P0069,4.0,0.24
LI012789,O004508,P0059,3.0,0.239
LI012790,O003493,P0023,5.0,0.226
LI012791,O004313,P0108,4.0,0.141
LI012792,O004926,P0113,3.0,0.192
LI012793,O001134,P0107,1.0,0.072
LI012794,O004381,P0011,4.0,0.144
LI012795,O004866,P0024,3.0,0.017
LI012796,O005993,P0072,2.0,0.066
LI012797,O000569,P0111,5.0,0.081
LI012798,O003001,P0098,5.0,0.09
LI012799,O001322,P0054,5.0,0.04
LI012800,O002745,P0106,3.0,0.021
LI012801,O004626,P0117,3.0,0.145
LI012802,O003579,P0031,1.0,0.123
LI012803,O001768,P0022,5.0,0.146
LI012804,O002075,P0014,2.0,0.032
LI012805,O002044,P0005,5.0,0.237
LI012806,O001142,P0017,4.0,0.103
LI012807,O001078,P0082,4.0,0.112
LI012808,O004600,P0083,2.0,0.137
LI012809,O006121,P0071,3.0,0.173
LI012810,O000152,P0090,5.0,0.096
LI012811,O004833,P0089,4.0,0.036
LI012812,O000479,P0082,2.0,0.196
LI012813,O003234,P0044,1.0,0.065
LI012814,O001686,P0079,4.0,0.111
LI012815,O005336,P0093,4.0,0.158
LI012816,O003492,P0110,5.0,0.241
LI012817,O001372,P0106,3.0,0.008
LI012818,O005460,P0049,4.0,0.13
LI012819,O003901,P0065,4.0,0.234
LI012820,O004946,P0004,5.0,0.064
LI012821,O002602,P0009,3.0,0.028
LI012822,O003424,P0036,1.0,0.149
LI012823,O001697,P0051,1.0,0.038
LI012824,O003658,P0032,1.0,0.22
LI012825,O003977,P0088,1.0,0.181
LI012826,O001399,P0101,3.0,0.03
LI012827,O005657,P0018,1.0,0.144
LI012828,O003981,P0015,5.0,0.007
LI012829,O005423,P0020,5.0,0.211
LI012830,O005362,P0058,5.0,0.051
LI012831,O001402,P0040,1.0,0.183
LI012832,O001709,P0066,5.0,0.027
LI012833,O001413,P0089,5.0,0.118
LI012834,O006431,P0013,2.0,0.232
LI012835,O003231,P0091,1.0,0.019
LI012836,O005850,P0013,5.0,0.074
LI012837,O002503,P0062,3.0,0.196
LI012838,O006057,P0028,5.0,0.116
LI012839,O004723,P0046,2.0,0.163
LI012840,O001265,P0015,3.0,0.203
LI012841,O002260,P0093,3.0,0.196
LI012842,O000363,P0085,4.0,0.099
LI012843,O002646,P0044,2.0,0.108
LI012844,O006277,P0095,2.0,0.143
LI012845,O001533,P0023,5.0,0.031
LI012846,O006421,P0101,2.0,0.217
LI012847,O005385,P0067,3.0,0.023
LI012848,O004753,P0114,3.0,0.046
LI012849,O001384,P0099,5.0,0.236
LI012850,O000667,P0078,3.0,0.07
LI012851,O006280,P0066,5.0,0.061
LI012852,O002813,P0050,4.0,0.106
LI012853,O002476,P0013,2.0,0.181
LI012854,O003101,P0002,2.0,0.092
LI012855,O003402,P0076,2.0,0.219
LI012856,O005016,P0091,4.0,0.037
LI012857,O003106,P0034,2.0,0.029
LI012858,O002552,P0040,4.0,0.019
LI012859,O003900,P0069,4.0,0.075
LI012860,O002152,P0061,5.0,0.05
LI012861,O006047,P0025,1.0,0.115
LI012862,O000388,P0075,1.0,0.249
LI012863,O005865,P0077,5.0,0.217
LI012864,O005001,P0063,5.0,0.224
LI012865,O003162,P0028,5.0,0.208
LI012866,O002381,P0085,2.0,0.068
LI012867,O000377,P0113,3.0,0.057
LI012868,O004336,P0056,5.0,0.183
LI012869,O004278,P0112,4.0,0.15
LI012870,O001281,P0115,1.0,0.052
LI012871,O000744,P0026,2.0,0.242
LI012872,O004937,P0027,3.0,0.106
LI012873,O003487,P0026,1.0,0.204
LI012874,O005375,P0015,1.0,0.018
LI012875,O001069,P0050,1.0,0.009
LI012876,O001009,P0006,4.0,0.114
LI012877,O004694,P0068,4.0,0.03
LI012878,O005113,P0004,4.0,0.245
LI012879,O004297,P0030,3.0,0.203
LI012880,O000343,P0077,1.0,0.114
LI012881,O003284,P0009,5.0,0.245
LI012882,O000631,P0042,3.0,0.06
LI012883,O000298,P0014,4.0,0.17
LI012884,O000698,P0092,4.0,0.004
LI012885,O005317,P0040,4.0,0.093
LI012886,O005969,P0003,2.0,0.02
LI012887,O001506,P0041,1.0,0.092
LI012888,O002761,P0093,5.0,0.095
LI012889,O005026,P0033,1.0,0.094
LI012890,O002826,P0079,3.0,0.104
LI012891,O000379,P0111,2.0,0.154
LI012892,O002796,P0060,3.0,0.047
LI012893,O000706,P0064,4.0,0.059
LI012894,O002415,P0062,4.0,0.161
LI012895,O005657,P0103,5.0,0.117
LI012896,O000771,P0079,1.0,0.04
LI012897,O004002,P0007,3.0,0.197
LI012898,O001095,P0109,4.0,0.233
LI012899,O005148,P0076,5.0,0.116
LI012900,O003465,P0050,5.0,0.154
LI012901,O003595,P0039,3.0,0.204
LI012902,O004445,P0071,1.0,0.241
LI012903,O005238,P0047,2.0,0.242
LI012904,O001232,P0105,5.0,0.231
LI012905,O001447,P0070,3.0,0.204
LI012906,O004189,P0026,4.0,0.106
LI012907,O006285,P0058,2.0,0.167
LI012908,O002403,P0073,2.0,0.191
LI012909,O005643,P0051,1.0,0.023
LI012910,O001827,P0088,3.0,0.029
LI012911,O003848,P0052,1.0,0.176
LI012912,O001093,P0094,5.0,0.167
LI012913,O004678,P0016,5.0,0.201
LI012914,O001721,P0048,3.0,0.046
LI012915,O000883,P0027,4.0,0.234
LI012916,O000124,P0033,5.0,0.06
LI012917,O003491,P0023,5.0,0.034
LI012918,O005854,P0045,4.0,0.081
LI012919,O003595,P0083,2.0,0.202
LI012920,O005798,P0100,3.0,0.007
LI012921,O000603,P0083,2.0,0.057
LI012922,O003832,P0022,1.0,0.239
LI012923,O005461,P0042,4.0,0.004
LI012924,O000305,P0109,3.0,0.07
LI012925,O003229,P0033,4.0,0.081
LI012926,O003160,P0109,4.0,0.231
LI012927,O001252,P0010,2.0,0.213
LI012928,O000937,P0047,2.0,0.115
LI012929,O003718,P0096,1.0,0.079
LI012930,O002314,P0079,3.0,0.236
LI012931,O002132,P0039,4.0,0.047
LI012932,O003284,P0046,1.0,0.119
LI012933,O003290,P0072,4.0,0.105
LI012934,O004845,P0051,1.0,0.234
LI012935,O002199,P0025,4.0,0.189
LI012936,O000686,P0082,2.0,0.116
LI012937,O004236,P0015,5.0,0.152
LI012938,O000055,P0058,1.0,0.227
LI012939,O003213,P0059,1.0,0.208
LI012940,O004170,P0026,5.0,0.154
LI012941,O003207,P0041,2.0,0.229
LI012942,O005093,P0044,1.0,0.095
LI012943,O002956,P0085,2.0,0.183
LI012944,O001945,P0022,4.0,0.004
LI012945,O000642,P0110,4.0,0.146
LI012946,O004840,P0098,5.0,0.034
LI012947,O006170,P0037,3.0,0.131
LI012948,O005701,P0118,2.0,0.062
LI012949,O000062,P0101,3.0,0.095
LI012950,O001224,P0014,3.0,0.198
LI012951,O002538,P0004,2.0,0.015
LI012952,O000493,P0024,3.0,0.134
LI012953,O006089,P0066,1.0,0.036
LI012954,O001140,P0063,4.0,0.143
LI012955,O005491,P0065,5.0,0.158
LI012956,O001256,P0066,2.0,0.046
LI012957,O002496,P0013,5.0,0.001
LI012958,O003286,P0027,4.0,0.021
LI012959,O002256,P0116,5.0,0.172
LI012960,O001002,P0081,2.0,0.095
LI012961,O001126,P0109,5.0,0.093
LI012962,O003882,P0017,3.0,0.173
LI012963,O004106,P0069,3.0,0.124
LI012964,O003545,P0088,4.0,0.159
LI012965,O001147,P0057,3.0,0.23
LI012966,O000787,P0072,5.0,0.127
LI012967,O002052,P0118,1.0,0.16
LI012968,O000259,P0118,5.0,0.16
LI012969,O006030,P0108,1.0,0.134
LI012970,O003850,P0073,5.0,0.166
LI012971,O006431,P0018,1.0,0.209
LI012972,O006175,P0016,1.0,0.202
LI012973,O005808,P0051,2.0,0.014
LI012974,O004617,P0096,2.0,0.238
LI012975,O000716,P0118,5.0,0.212
LI012976,O001644,P0040,3.0,0.243
LI012977,O000124,P0039,2.0,0.049
LI012978,O001774,P0056,1.0,0.134
LI012979,O000922,P0117,5.0,0.11
LI012980,O002178,P0105,3.0,0.094
LI012981,O001504,P0054,5.0,0.102
LI012982,O005852,P0044,1.0,0.226
LI012983,O005662,P0046,2.0,0.175
LI012984,O006044,P0032,2.0,0.081
LI012985,O001853,P0106,4.0,0.095
LI012986,O002125,P0048,4.0,0.117
LI012987,O003255,P0061,5.0,0.092
LI012988,O002414,P0066,5.0,0.053
LI012989,O004388,P0038,3.0,0.109
LI012990,O006090,P0043,2.0,0.02
LI012991,O005834,P0004,2.0,0.214
LI012992,O000157,P0005,4.0,0.206
LI012993,O001124,P0101,1.0,0.223
LI012994,O005004,P0113,1.0,0.111
LI012995,O005754,P0058,4.0,0.163
LI012996,O000918,P0037,5.0,0.202
LI012997,O005947,P0026,2.0,0.079
LI012998,O006254,P0107,2.0,0.158
LI012999,O001703,P0009,2.0,0.11
LI013000,O001666,P0015,1.0,0.093
LI013001,O005390,P0088,5.0,0.215
LI013002,O004234,P0088,1.0,0.156
LI013003,O005808,P0099,5.0,0.156
LI013004,O002112,P0112,4.0,0.039
LI013005,O003715,P0105,5.0,0.087
LI013006,O002555,P0089,1.0,0.21
LI013007,O005111,P0026,2.0,0.053
LI013008,O005820,P0063,1.0,0.243
LI013009,O003025,P0087,4.0,0.208
LI013010,O004036,P0070,2.0,0.067
LI013011,O002837,P0105,1.0,0.027
LI013012,O002398,P0027,2.0,0.042
LI013013,O002195,P0054,4.0,0.061
LI013014,O005455,P0083,5.0,0.059
LI013015,O001556,P0031,5.0,0.004
LI013016,O003626,P0102,3.0,0.179
LI013017,O002910,P0107,2.0,0.244
LI013018,O004503,P0032,4.0,0.072
LI013019,O000344,P0002,1.0,0.004
LI013020,O004748,P0018,1.0,0.23
LI013021,O001545,P0028,3.0,0.052
LI013022,O003997,P0071,1.0,0.002
LI013023,O005970,P0120,4.0,0.056
LI013024,O002819,P0087,4.0,0.026
LI013025,O005256,P0117,5.0,0.182
LI013026,O000039,P0100,2.0,0.0
LI013027,O005440,P0088,2.0,0.11
LI013028,O004383,P0092,1.0,0.123
LI013029,O005064,P0025,2.0,0.196
LI013030,O005583,P0039,3.0,0.131
LI013031,O004987,P0049,2.0,0.031
LI013032,O004758,P0004,1.0,0.107
LI013033,O003424,P0109,2.0,0.234
LI013034,O001029,P0052,4.0,0.059
LI013035,O000236,P0083,4.0,0.075
LI013036,O006380,P0068,5.0,0.218
LI013037,O000969,P0057,5.0,0.196
LI013038,O005225,P0013,5.0,0.074
LI013039,O001231,P0065,5.0,0.177
LI013040,O000239,P0063,2.0,0.021
LI013041,O001855,P0098,1.0,0.136
LI013042,O004925,P0071,2.0,0.218
LI013043,O000052,P0025,1.0,0.211
LI013044,O002156,P0023,1.0,0.051
LI013045,O001381,P0030,1.0,0.133
LI013046,O001057,P0113,1.0,0.1
LI013047,O000022,P0061,4.0,0.14
LI013048,O000307,P0007,1.0,0.019
LI013049,O004107,P0054,2.0,0.245
LI013050,O005759,P0109,1.0,0.141
LI013051,O002610,P0017,4.0,0.03
LI013052,O004294,P0097,2.0,0.161
LI013053,O003601,P0060,3.0,0.002
LI013054,O001966,P0066,2.0,0.002
LI013055,O005164,P0038,4.0,0.045
LI013056,O005305,P0108,4.0,0.068
LI013057,O004647,P0013,5.0,0.066
LI013058,O003579,P0052,3.0,0.111
LI013059,O005562,P0052,1.0,0.128
LI013060,O002544,P0032,4.0,0.106
LI013061,O000505,P0086,5.0,0.093
LI013062,O000137,P0009,5.0,0.168
LI013063,O005085,P0017,1.0,0.062
LI013064,O001303,P0082,2.0,0.157
LI013065,O004015,P0040,3.0,0.239
LI013066,O006308,P0104,1.0,0.118
LI013067,O003615,P0091,1.0,0.128
LI013068,O004948,P0075,2.0,0.182
LI013069,O005143,P0054,2.0,0.127
LI013070,O006072,P0054,4.0,0.036
LI013071,O004807,P0028,2.0,0.153
LI013072,O000507,P0072,2.0,0.127
LI013073,O004782,P0050,3.0,0.238
LI013074,O001534,P0018,3.0,0.023
LI013075,O003642,P0013,3.0,0.134
LI013076,O004004,P0033,1.0,0.154
LI013077,O000708,P0015,3.0,0.155
LI013078,O001624,P0086,3.0,0.015
LI013079,O004238,P0038,5.0,0.082
LI013080,O002329,P0094,3.0,0.066
LI013081,O003015,P0006,1.0,0.17
LI013082,O001708,P0045,5.0,0.184
LI013083,O000302,P0059,1.0,0.052
LI013084,O002445,P0098,1.0,0.207
LI013085,O000318,P0119,5.0,0.121
LI013086,O005907,P0083,5.0,0.066
LI013087,O002956,P0113,5.0,0.075
LI013088,O002928,P0097,5.0,0.066
LI013089,O000858,P0078,1.0,0.151
LI013090,O002721,P0048,5.0,0.132
LI013091,O003023,P0111,2.0,0.235
LI013092,O000677,P0041,3.0,0.068
LI013093,O000379,P0083,3.0,0.08
LI013094,O000217,P0104,2.0,0.002
LI013095,O003701,P0079,1.0,0.075
LI013096,O002897,P0074,1.0,0.063
LI013097,O006059,P0055,3.0,0.1
LI013098,O004964,P0061,4.0,0.124
LI013099,O004530,P0002,2.0,0.168
LI013100,O004852,P0114,2.0,0.048
LI013101,O002990,P0116,3.0,0.139
LI013102,O003831,P0002,5.0,0.182
LI013103,O003657,P0085,4.0,0.06
LI013104,O005404,P0076,1.0,0.088
LI013105,O001507,P0010,1.0,0.051
LI013106,O001291,P0076,1.0,0.028
LI013107,O001940,P0039,1.0,0.189
LI013108,O004695,P0002,2.0,0.06
LI013109,O000236,P0065,2.0,0.092
LI013110,O001784,P0066,5.0,0.062
LI013111,O004196,P0087,2.0,0.011
LI013112,O002787,P0092,5.0,0.182
LI013113,O006263,P0117,5.0,0.161
LI013114,O001378,P0081,1.0,0.119
LI013115,O002756,P0052,1.0,0.169
LI013116,O006232,P0104,2.0,0.212
LI013117,O002084,P0085,2.0,0.155
LI013118,O004410,P0044,5.0,0.227
LI013119,O004096,P0034,3.0,0.05
LI013120,O004647,P0073,1.0,0.221
LI013121,O004613,P0081,4.0,0.135
LI013122,O006108,P0113,3.0,0.21
LI013123,O002701,P0106,1.0,0.186
LI013124,O004105,P0045,1.0,0.014
LI013125,O003550,P0032,2.0,0.209
LI013126,O004153,P0005,4.0,0.084
LI013127,O002331,P0078,4.0,0.106
LI013128,O004557,P0110,1.0,0.003
LI013129,O005479,P0111,5.0,0.19
LI013130,O003762,P0089,4.0,0.117
LI013131,O002012,P0086,3.0,0.235
LI013132,O002642,P0063,5.0,0.07
LI013133,O005026,P0069,2.0,0.124
LI013134,O002113,P0054,1.0,0.103
LI013135,O003501,P0038,1.0,0.198
LI013136,O004951,P0009,3.0,0.134
LI013137,O005988,P0061,3.0,0.115
LI013138,O004232,P0095,2.0,0.237
LI013139,O004858,P0105,2.0,0.094
LI013140,O001010,P0021,4.0,0.123
LI013141,O001630,P0036,5.0,0.139
LI013142,O003120,P0001,1.0,0.013
LI013143,O006052,P0022,4.0,0.132
LI013144,O000850,P0087,2.0,0.084
LI013145,O006261,P0087,3.0,0.163
LI013146,O002868,P0015,4.0,0.161
LI013147,O002040,P0046,3.0,0.178
LI013148,O003236,P0065,5.0,0.1
LI013149,O000479,P0006,3.0,0.026
LI013150,O001311,P0040,1.0,0.11
LI013151,O004632,P0035,5.0,0.138
LI013152,O002144,P0081,3.0,0.006
LI013153,O005617,P0061,4.0,0.137
LI013154,O006398,P0023,1.0,0.1
LI013155,O000414,P0020,1.0,0.12
LI013156,O001657,P0028,2.0,0.076
LI013157,O002632,P0037,2.0,0.123
LI013158,O003937,P0082,4.0,0.22
LI013159,O001395,P0007,2.0,0.197
LI013160,O002624,P0049,3.0,0.154
LI013161,O002291,P0111,2.0,0.157
LI013162,O000639,P0084,1.0,0.224
LI013163,O003445,P0024,4.0,0.12
LI013164,O006183,P0080,3.0,0.135
LI013165,O006017,P0013,1.0,0.215
LI013166,O000353,P0092,1.0,0.189
LI013167,O004522,P0007,5.0,0.108
LI013168,O003149,P0015,2.0,0.076
LI013169,O004606,P0087,3.0,0.129
LI013170,O003589,P0023,4.0,0.03
LI013171,O000140,P0095,4.0,0.17
LI013172,O000252,P0069,4.0,0.116
LI013173,O000669,P0091,5.0,0.149
LI013174,O003843,P0108,3.0,0.212
LI013175,O000317,P0060,1.0,0.089
LI013176,O004019,P0010,5.0,0.124
LI013177,O002927,P0051,2.0,0.139
LI013178,O002010,P0064,1.0,0.07
LI013179,O002946,P0106,4.0,0.069
LI013180,O001053,P0071,2.0,0.132
LI013181,O004637,P0056,3.0,0.064
LI013182,O003564,P0032,3.0,0.215
LI013183,O001124,P0023,5.0,0.249
LI013184,O001344,P0054,3.0,0.053
LI013185,O000570,P0111,4.0,0.144
LI013186,O004819,P0073,5.0,0.036
LI013187,O003722,P0093,5.0,0.046
LI013188,O003917,P0091,4.0,0.191
LI013189,O001001,P0102,3.0,0.05
LI013190,O002924,P0085,2.0,0.187
LI013191,O002237,P0107,5.0,0.101
LI013192,O004546,P0070,2.0,0.12
LI013193,O006238,P0090,2.0,0.065
LI013194,O003926,P0084,2.0,0.137
LI013195,O003253,P0061,2.0,0.083
LI013196,O003393,P0079,4.0,0.044
LI013197,O002331,P0109,1.0,0.035
LI013198,O003393,P0102,3.0,0.25
LI013199,O002618,P0020,1.0,0.086
LI013200,O004121,P0053,1.0,0.201
LI013201,O005936,P0015,5.0,0.085
LI013202,O004356,P0029,1.0,0.156
LI013203,O002014,P0070,1.0,0.21
LI013204,O001928,P0080,4.0,0.174
LI013205,O002545,P0065,2.0,0.017
LI013206,O005333,P0062,1.0,0.048
LI013207,O006259,P0070,1.0,0.218
LI013208,O004548,P0016,5.0,0.118
LI013209,O004796,P0054,3.0,0.15
LI013210,O003720,P0097,5.0,0.006
LI013211,O003674,P0007,3.0,0.122
LI013212,O001552,P0060,3.0,0.108
LI013213,O001683,P0010,3.0,0.172
LI013214,O000385,P0053,4.0,0.069
LI013215,O004709,P0008,4.0,0.186
LI013216,O005538,P0085,2.0,0.168
LI013217,O003037,P0090,3.0,0.127
LI013218,O002267,P0037,4.0,0.094
LI013219,O004653,P0082,4.0,0.075
LI013220,O004446,P0004,1.0,0.134
LI013221,O000390,P0084,3.0,0.144
LI013222,O002919,P0112,5.0,0.112
LI013223,O002114,P0106,1.0,0.08
LI013224,O001143,P0112,4.0,0.22
LI013225,O000746,P0104,4.0,0.078
LI013226,O006152,P0083,4.0,0.168
LI013227,O001731,P0097,4.0,0.226
LI013228,O005859,P0023,5.0,0.162
LI013229,O004123,P0009,2.0,0.091
LI013230,O004386,P0038,2.0,0.074
LI013231,O004124,P0045,3.0,0.213
LI013232,O003231,P0045,4.0,0.122
LI013233,O003217,P0018,3.0,0.148
LI013234,O002515,P0046,5.0,0.149
LI013235,O001770,P0002,3.0,0.133
LI013236,O000108,P0048,2.0,0.233
LI013237,O004987,P0017,2.0,0.233
LI013238,O002487,P0118,2.0,0.01
LI013239,O004299,P0016,3.0,0.126
LI013240,O000777,P0110,4.0,0.141
LI013241,O005086,P0045,1.0,0.231
LI013242,O006445,P0048,2.0,0.017
LI013243,O006022,P0024,3.0,0.197
LI013244,O001934,P0095,1.0,0.161
LI013245,O006047,P0065,2.0,0.183
LI013246,O000438,P0092,2.0,0.073
LI013247,O001035,P0113,5.0,0.187
LI013248,O000837,P0033,2.0,0.071
LI013249,O004703,P0106,1.0,0.169
LI013250,O000642,P0101,1.0,0.197
LI013251,O003175,P0103,4.0,0.196
LI013252,O001809,P0004,1.0,0.136
LI013253,O006254,P0001,3.0,0.103
LI013254,O003876,P0033,3.0,0.061
LI013255,O000643,P0074,2.0,0.008
LI013256,O000703,P0062,4.0,0.012
LI013257,O002849,P0003,2.0,0.105
LI013258,O002918,P0101,4.0,0.024
LI013259,O003613,P0045,5.0,0.028
LI013260,O001723,P0021,4.0,0.049
LI013261,O000849,P0064,5.0,0.12
LI013262,O002555,P0073,5.0,0.148
LI013263,O006321,P0057,2.0,0.174
LI013264,O001463,P0040,3.0,0.122
LI013265,O005963,P0062,4.0,0.166
LI013266,O003830,P0043,2.0,0.216
LI013267,O003783,P0088,5.0,0.094
LI013268,O000511,P0046,5.0,0.172
LI013269,O002157,P0072,1.0,0.165
LI013270,O002920,P0024,1.0,0.159
LI013271,O005192,P0024,4.0,0.146
LI013272,O000733,P0117,3.0,0.182
LI013273,O006425,P0010,1.0,0.205
LI013274,O002951,P0099,5.0,0.098
LI013275,O003961,P0068,2.0,0.164
LI013276,O001238,P0057,3.0,0.062
LI013277,O001481,P0119,4.0,0.189
LI013278,O002466,P0044,2.0,0.22
LI013279,O002011,P0073,4.0,0.19
LI013280,O005630,P0075,2.0,0.123
LI013281,O004758,P0107,2.0,0.033
LI013282,O005298,P0048,3.0,0.218
LI013283,O002736,P0077,4.0,0.204
LI013284,O004200,P0027,1.0,0.175
LI013285,O002760,P0030,2.0,0.213
LI013286,O006201,P0046,2.0,0.133
LI013287,O000578,P0103,1.0,0.248
LI013288,O005178,P0012,3.0,0.209
LI013289,O006261,P0120,3.0,0.041
LI013290,O003497,P0060,3.0,0.101
LI013291,O000819,P0019,5.0,0.043
LI013292,O004175,P0104,5.0,0.056
LI013293,O005944,P0068,3.0,0.125
LI013294,O001890,P0054,3.0,0.09
LI013295,O000559,P0113,1.0,0.227
LI013296,O002934,P0034,5.0,0.0
LI013297,O005803,P0087,4.0,0.003
LI013298,O001620,P0118,3.0,0.23
LI013299,O006252,P0109,3.0,0.06
LI013300,O005950,P0090,3.0,0.001
LI013301,O000070,P0117,2.0,0.109
LI013302,O001190,P0007,5.0,0.049
LI013303,O002903,P0082,4.0,0.013
LI013304,O005178,P0042,2.0,0.133
LI013305,O005571,P0068,2.0,0.035
LI013306,O004341,P0053,4.0,0.209
LI013307,O003117,P0008,4.0,0.076
LI013308,O000684,P0022,4.0,0.055
LI013309,O005896,P0118,4.0,0.185
LI013310,O005698,P0117,4.0,0.212
LI013311,O003911,P0026,3.0,0.023
LI013312,O003773,P0077,4.0,0.038
LI013313,O000071,P0063,4.0,0.119
LI013314,O005985,P0046,5.0,0.148
LI013315,O001263,P0117,3.0,0.021
LI013316,O002156,P0081,2.0,0.094
LI013317,O005328,P0044,3.0,0.224
LI013318,O004818,P0062,1.0,0.219
LI013319,O004398,P0036,4.0,0.078
LI013320,O005550,P0041,2.0,0.057
LI013321,O001372,P0111,1.0,0.146
LI013322,O001916,P0079,2.0,0.024
LI013323,O005526,P0082,3.0,0.058
LI013324,O006022,P0027,1.0,0.042
LI013325,O003806,P0070,4.0,0.052
LI013326,O005048,P0098,4.0,0.054
LI013327,O004352,P0041,1.0,0.157
LI013328,O005050,P0005,3.0,0.122
LI013329,O005265,P0057,1.0,0.216
LI013330,O005796,P0076,3.0,0.184
LI013331,O001548,P0029,2.0,0.125
LI013332,O003899,P0101,3.0,0.077
LI013333,O004456,P0012,1.0,0.208
LI013334,O003556,P0025,1.0,0.02
LI013335,O001214,P0111,2.0,0.17
LI013336,O006440,P0034,1.0,0.028
LI013337,O002141,P0075,5.0,0.133
LI013338,O005250,P0087,1.0,0.225
LI013339,O000861,P0024,5.0,0.06
LI013340,O000990,P0115,1.0,0.02
LI013341,O004580,P0113,1.0,0.085
LI013342,O002924,P0082,2.0,0.12
LI013343,O001433,P0063,5.0,0.181
LI013344,O000341,P0063,2.0,0.007
LI013345,O002378,P0010,5.0,0.033
LI013346,O006015,P0005,5.0,0.103
LI013347,O001199,P0095,4.0,0.024
LI013348,O001468,P0089,5.0,0.239
LI013349,O004297,P0053,2.0,0.128
LI013350,O004839,P0081,2.0,0.094
LI013351,O004194,P0028,3.0,0.245
LI013352,O005673,P0065,1.0,0.162
LI013353,O001292,P0045,4.0,0.129
LI013354,O004935,P0066,1.0,0.06
LI013355,O000352,P0049,2.0,0.063
LI013356,O001302,P0111,4.0,0.091
LI013357,O003640,P0040,5.0,0.188
LI013358,O003088,P0066,2.0,0.204
LI013359,O006074,P0091,2.0,0.048
LI013360,O000456,P0008,2.0,0.204
LI013361,O005854,P0027,2.0,0.083
LI013362,O003251,P0101,4.0,0.05
LI013363,O001158,P0017,1.0,0.049
LI013364,O000258,P0068,1.0,0.116
LI013365,O002110,P0044,5.0,0.192
LI013366,O000482,P0114,2.0,0.143
LI013367,O005597,P0102,2.0,0.116
LI013368,O005096,P0031,1.0,0.005
LI013369,O004731,P0005,5.0,0.141
LI013370,O003114,P0060,3.0,0.169
LI013371,O001397,P0089,4.0,0.025
LI013372,O005419,P0092,1.0,0.239
LI013373,O005172,P0019,4.0,0.023
LI013374,O005499,P0101,1.0,0.173
LI013375,O006074,P0042,5.0,0.131
LI013376,O006456,P0023,2.0,0.221
LI013377,O002627,P0115,3.0,0.104
LI013378,O006203,P0100,4.0,0.127
LI013379,O006448,P0109,3.0,0.138
LI013380,O006179,P0077,2.0,0.219
LI013381,O000648,P0017,1.0,0.2
LI013382,O005107,P0114,5.0,0.07
LI013383,O001612,P0115,2.0,0.239
LI013384,O003826,P0094,3.0,0.188
LI013385,O004589,P0058,3.0,0.003
LI013386,O004587,P0119,3.0,0.046
LI013387,O002269,P0087,1.0,0.214
LI013388,O003885,P0049,3.0,0.161
LI013389,O005717,P0003,1.0,0.065
LI013390,O006267,P0077,3.0,0.043
LI013391,O002755,P0096,4.0,0.037
LI013392,O005222,P0045,4.0,0.08
LI013393,O005915,P0035,2.0,0.225
LI013394,O004983,P0002,2.0,0.088
LI013395,O003587,P0047,5.0,0.165
LI013396,O003385,P0003,3.0,0.028
LI013397,O006081,P0118,3.0,0.133
LI013398,O004590,P0112,1.0,0.086
LI013399,O000759,P0029,2.0,0.04
LI013400,O005780,P0074,4.0,0.199
LI013401,O000633,P0020,1.0,0.204
LI013402,O003585,P0034,4.0,0.077
LI013403,O000330,P0079,1.0,0.163
LI013404,O003020,P0040,2.0,0.099
LI013405,O006020,P0109,3.0,0.011
LI013406,O005447,P0065,3.0,0.107
LI013407,O000010,P0090,2.0,0.144
LI013408,O004054,P0063,4.0,0.075
LI013409,O002175,P0056,5.0,0.237
LI013410,O000985,P0032,5.0,0.14
LI013411,O000669,P0066,2.0,0.093
LI013412,O002279,P0096,1.0,0.184
LI013413,O005135,P0041,3.0,0.085
LI013414,O000442,P0029,4.0,0.006
LI013415,O002926,P0116,5.0,0.002
LI013416,O004021,P0084,3.0,0.075
LI013417,O005678,P0087,2.0,0.039
LI013418,O000274,P0051,3.0,0.088
LI013419,O004714,P0012,5.0,0.192
LI013420,O001027,P0044,4.0,0.077
LI013421,O002374,P0010,1.0,0.14
LI013422,O004349,P0083,1.0,0.23
LI013423,O001558,P0116,3.0,0.175
LI013424,O003127,P0074,1.0,0.14
LI013425,O002934,P0083,5.0,0.217
LI013426,O000448,P0090,4.0,0.083
LI013427,O003369,P0088,1.0,0.049
LI013428,O003694,P0009,1.0,0.187
LI013429,O003807,P0029,2.0,0.015
LI013430,O004565,P0029,1.0,0.106
LI013431,O005256,P0101,1.0,0.072
LI013432,O003997,P0092,5.0,0.243
LI013433,O003318,P0061,1.0,0.094
LI013434,O000070,P0064,2.0,0.166
LI013435,O004577,P0003,2.0,0.067
LI013436,O002578,P0087,2.0,0.246
LI013437,O004586,P0115,1.0,0.045
LI013438,O004599,P0118,3.0,0.227
LI013439,O003057,P0004,3.0,0.111
LI013440,O005818,P0055,5.0,0.107
LI013441,O000117,P0014,3.0,0.175
LI013442,O001814,P0102,5.0,0.023
LI013443,O005015,P0077,5.0,0.137
LI013444,O000904,P0028,2.0,0.055
LI013445,O004524,P0063,4.0,0.039
LI013446,O000494,P0039,5.0,0.219
LI013447,O006206,P0108,1.0,0.249
LI013448,O003859,P0064,2.0,0.243
LI013449,O005947,P0060,1.0,0.205
LI013450,O002684,P0020,1.0,0.23
LI013451,O004176,P0028,3.0,0.231
LI013452,O003731,P0096,1.0,0.044
LI013453,O005142,P0014,5.0,0.021
LI013454,O004691,P0077,1.0,0.032
LI013455,O005444,P0075,1.0,0.041
LI013456,O001541,P0102,3.0,0.206
LI013457,O006405,P0058,1.0,0.235
LI013458,O006273,P0039,5.0,0.088
LI013459,O000626,P0106,5.0,0.009
LI013460,O004380,P0120,1.0,0.077
LI013461,O005973,P0058,5.0,0.177
LI013462,O005308,P0015,5.0,0.236
LI013463,O006163,P0073,3.0,0.112
LI013464,O004859,P0003,2.0,0.084
LI013465,O000838,P0005,2.0,0.163
LI013466,O002016,P0092,4.0,0.053
LI013467,O002016,P0042,2.0,0.191
LI013468,O003080,P0015,1.0,0.104
LI013469,O005157,P0003,5.0,0.244
LI013470,O005718,P0117,2.0,0.234
LI013471,O000072,P0114,3.0,0.166
LI013472,O003453,P0035,4.0,0.162
LI013473,O004749,P0007,1.0,0.031
LI013474,O003879,P0094,2.0,0.07
LI013475,O000064,P0024,5.0,0.215
LI013476,O000030,P0117,3.0,0.091
LI013477,O003972,P0031,2.0,0.106
LI013478,O004653,P0078,5.0,0.21
LI013479,O002326,P0080,2.0,0.107
LI013480,O005851,P0115,1.0,0.213
LI013481,O004373,P0004,4.0,0.017
LI013482,O006365,P0003,5.0,0.173
LI013483,O005313,P0099,4.0,0.016
LI013484,O004766,P0009,4.0,0.198
LI013485,O002880,P0068,3.0,0.138
LI013486,O002189,P0118,5.0,0.139
LI013487,O002782,P0083,3.0,0.094
LI013488,O004122,P0088,4.0,0.226
LI013489,O002146,P0060,1.0,0.127
LI013490,O000276,P0011,1.0,0.065
LI013491,O001267,P0079,2.0,0.206
LI013492,O003974,P0036,2.0,0.237
LI013493,O004105,P0095,5.0,0.061
LI013494,O002944,P0072,1.0,0.151
LI013495,O002981,P0002,4.0,0.147
LI013496,O002320,P0050,1.0,0.152
LI013497,O005892,P0003,5.0,0.141
LI013498,O000032,P0067,2.0,0.025
LI013499,O000852,P0085,2.0,0.103
LI013500,O000605,P0115,3.0,0.246
LI013501,O003200,P0062,2.0,0.022
LI013502,O005869,P0076,4.0,0.167
LI013503,O002065,P0120,5.0,0.224
LI013504,O003545,P0014,2.0,0.05
LI013505,O002349,P0023,2.0,0.201
LI013506,O001808,P0077,4.0,0.06
LI013507,O003860,P0016,2.0,0.008
LI013508,O004138,P0081,4.0,0.13
LI013509,O005898,P0118,2.0,0.178
LI013510,O006196,P0018,4.0,0.049
LI013511,O006332,P0013,2.0,0.018
LI013512,O006064,P0056,5.0,0.138
LI013513,O002199,P0090,3.0,0.037
LI013514,O003873,P0045,3.0,0.046
LI013515,O003563,P0040,1.0,0.176
LI013516,O003199,P0103,3.0,0.153
LI013517,O004505,P0031,4.0,0.237
LI013518,O001893,P0104,4.0,0.081
LI013519,O004440,P0081,3.0,0.054
LI013520,O005815,P0032,4.0,0.164
LI013521,O003170,P0120,5.0,0.243
LI013522,O002948,P0001,4.0,0.138
LI013523,O004124,P0035,5.0,0.073
LI013524,O003101,P0036,5.0,0.228
LI013525,O003922,P0083,5.0,0.153
LI013526,O004730,P0092,2.0,0.053
LI013527,O004308,P0066,1.0,0.237
LI013528,O004784,P0029,4.0,0.068
LI013529,O003689,P0043,2.0,0.225
LI013530,O005600,P0029,1.0,0.154
LI013531,O000072,P0043,2.0,0.126
LI013532,O002158,P0019,4.0,0.083
LI013533,O001137,P0064,5.0,0.03
LI013534,O005517,P0092,2.0,0.061
LI013535,O004328,P0098,1.0,0.083
LI013536,O004078,P0031,1.0,0.072
LI013537,O000043,P0101,1.0,0.018
LI013538,O004361,P0019,2.0,0.145
LI013539,O001832,P0096,1.0,0.119
LI013540,O000046,P0029,3.0,0.027
LI013541,O003642,P0073,1.0,0.116
LI013542,O006072,P0007,1.0,0.02
LI013543,O001676,P0058,2.0,0.233
LI013544,O003353,P0076,4.0,0.065
LI013545,O006382,P0060,2.0,0.181
LI013546,O001270,P0051,2.0,0.063
LI013547,O003984,P0095,3.0,0.119
LI013548,O003964,P0082,4.0,0.233
LI013549,O003024,P0092,2.0,0.218
LI013550,O002791,P0050,3.0,0.195
LI013551,O003171,P0021,2.0,0.198
LI013552,O004823,P0009,3.0,0.206
LI013553,O006344,P0034,5.0,0.186
LI013554,O001013,P0034,1.0,0.224
LI013555,O004590,P0047,1.0,0.088
LI013556,O003508,P0024,2.0,0.132
LI013557,O004803,P0080,3.0,0.162
LI013558,O002072,P0028,5.0,0.049
LI013559,O002006,P0046,1.0,0.126
LI013560,O002318,P0051,2.0,0.031
LI013561,O004834,P0111,2.0,0.153
LI013562,O005348,P0099,3.0,0.024
LI013563,O002176,P0006,4.0,0.126
LI013564,O004639,P0102,2.0,0.115
LI013565,O001787,P0063,5.0,0.028
LI013566,O003130,P0118,5.0,0.11
LI013567,O002373,P0053,4.0,0.169
LI013568,O005226,P0064,5.0,0.149
LI013569,O001461,P0052,3.0,0.115
LI013570,O006229,P0060,2.0,0.091
LI013571,O005122,P0041,3.0,0.014
LI013572,O005557,P0011,4.0,0.239
LI013573,O001465,P0004,4.0,0.101
LI013574,O005342,P0014,3.0,0.104
LI013575,O003042,P0013,1.0,0.032
LI013576,O005145,P0015,4.0,0.133
LI013577,O001059,P0113,2.0,0.245
LI013578,O000972,P0008,4.0,0.063
LI013579,O002391,P0107,3.0,0.078
LI013580,O005084,P0088,3.0,0.059
LI013581,O005486,P0011,5.0,0.217
LI013582,O005456,P0112,1.0,0.119
LI013583,O003000,P0099,3.0,0.206
LI013584,O002505,P0089,5.0,0.213
LI013585,O000899,P0023,5.0,0.187
LI013586,O001814,P0111,2.0,0.065
LI013587,O001503,P0109,5.0,0.009
LI013588,O005926,P0007,1.0,0.036
LI013589,O000343,P0069,2.0,0.174
LI013590,O003861,P0032,3.0,0.185
LI013591,O003352,P0092,3.0,0.192
LI013592,O002861,P0044,5.0,0.061
LI013593,O001249,P0003,4.0,0.038
LI013594,O006191,P0094,1.0,0.231
LI013595,O001209,P0044,1.0,0.166
LI013596,O005011,P0069,5.0,0.185
LI013597,O006306,P0051,1.0,0.023
LI013598,O005763,P0061,2.0,0.103
LI013599,O004391,P0051,5.0,0.016
LI013600,O002140,P0033,4.0,0.164
LI013601,O001611,P0020,3.0,0.122
LI013602,O001980,P0030,1.0,0.113
LI013603,O005378,P0044,3.0,0.226
LI013604,O002798,P0086,4.0,0.185
LI013605,O000557,P0086,4.0,0.241
LI013606,O006119,P0102,2.0,0.012
LI013607,O003995,P0029,4.0,0.154
LI013608,O004405,P0021,4.0,0.158
LI013609,O005769,P0082,1.0,0.007
LI013610,O003687,P0053,3.0,0.197
LI013611,O001153,P0112,1.0,0.038
LI013612,O003745,P0011,1.0,0.175
LI013613,O003622,P0010,5.0,0.009
LI013614,O005281,P0035,5.0,0.153
LI013615,O006320,P0026,2.0,0.13
LI013616,O005891,P0114,2.0,0.121
LI013617,O003360,P0044,4.0,0.092
LI013618,O000973,P0110,2.0,0.105
LI013619,O003908,P0004,2.0,0.119
LI013620,O003729,P0074,4.0,0.074
LI013621,O005034,P0057,3.0,0.234
LI013622,O003412,P0039,4.0,0.241
LI013623,O003067,P0080,4.0,0.075
LI013624,O001292,P0041,3.0,0.195
LI013625,O004314,P0094,4.0,0.188
LI013626,O002861,P0067,5.0,0.219
LI013627,O000164,P0098,2.0,0.001
LI013628,O003920,P0089,4.0,0.085
LI013629,O001715,P0102,1.0,0.036
LI013630,O003463,P0106,2.0,0.098
LI013631,O001441,P0036,5.0,0.144
LI013632,O002096,P0004,5.0,0.227
LI013633,O005314,P0106,4.0,0.21
LI013634,O000801,P0074,3.0,0.125
LI013635,O002766,P0013,1.0,0.006
LI013636,O006228,P0070,4.0,0.075
LI013637,O002661,P0007,3.0,0.027
LI013638,O001691,P0028,5.0,0.163
LI013639,O000234,P0059,2.0,0.174
LI013640,O001877,P0037,5.0,0.162
LI013641,O000962,P0015,4.0,0.069
LI013642,O003371,P0030,3.0,0.23
LI013643,O006291,P0104,4.0,0.147
LI013644,O006340,P0074,5.0,0.149
LI013645,O005002,P0012,1.0,0.204
LI013646,O005110,P0081,5.0,0.017
LI013647,O001046,P0112,4.0,0.052
LI013648,O006092,P0030,3.0,0.147
LI013649,O004482,P0001,4.0,0.153
LI013650,O006121,P0036,2.0,0.117
LI013651,O004460,P0104,2.0,0.195
LI013652,O006418,P0088,3.0,0.086
LI013653,O001408,P0102,5.0,0.003
LI013654,O000208,P0021,4.0,0.085
LI013655,O004371,P0106,2.0,0.241
LI013656,O001753,P0032,1.0,0.195
LI013657,O000496,P0063,2.0,0.08
LI013658,O000902,P0082,5.0,0.056
LI013659,O003599,P0013,3.0,0.203
LI013660,O002207,P0037,1.0,0.05
LI013661,O001750,P0044,4.0,0.145
LI013662,O000460,P0021,4.0,0.127
LI013663,O004490,P0018,3.0,0.106
LI013664,O000917,P0104,1.0,0.106
LI013665,O004260,P0046,1.0,0.176
LI013666,O004735,P0047,1.0,0.026
LI013667,O003402,P0026,3.0,0.099
LI013668,O004666,P0005,3.0,0.242
LI013669,O002195,P0005,4.0,0.195
LI013670,O000960,P0031,2.0,0.005
LI013671,O004864,P0028,5.0,0.112
LI013672,O002158,P0113,4.0,0.029
LI013673,O000394,P0077,1.0,0.121
LI013674,O003633,P0113,2.0,0.026
LI013675,O005302,P0075,5.0,0.097
LI013676,O005693,P0065,1.0,0.136
LI013677,O004539,P0088,3.0,0.092
LI013678,O004059,P0013,2.0,0.145
LI013679,O004843,P0018,3.0,0.246
LI013680,O002178,P0024,5.0,0.061
LI013681,O001867,P0029,5.0,0.141
LI013682,O001800,P0028,1.0,0.118
LI013683,O000505,P0102,3.0,0.202
LI013684,O000720,P0045,4.0,0.079
LI013685,O001988,P0117,4.0,0.16
LI013686,O005774,P0086,3.0,0.173
LI013687,O006166,P0084,5.0,0.244
LI013688,O000875,P0011,2.0,0.038
LI013689,O002879,P0051,3.0,0.25
LI013690,O000634,P0059,1.0,0.18
LI013691,O004378,P0084,4.0,0.114
LI013692,O005540,P0105,1.0,0.066
LI013693,O002421,P0013,2.0,0.157
LI013694,O001325,P0047,4.0,0.035
LI013695,O001009,P0088,4.0,0.237
LI013696,O002334,P0043,4.0,0.046
LI013697,O001140,P0024,1.0,0.194
LI013698,O003221,P0048,5.0,0.086
LI013699,O000404,P0063,1.0,0.054
LI013700,O003754,P0017,5.0,0.202
LI013701,O006234,P0069,3.0,0.222
LI013702,O003191,P0054,4.0,0.001
LI013703,O000696,P0094,1.0,0.244
LI013704,O000908,P0014,2.0,0.105
LI013705,O003848,P0015,2.0,0.024
LI013706,O003165,P0073,5.0,0.113
LI013707,O006456,P0078,5.0,0.03
LI013708,O001927,P0010,4.0,0.065
LI013709,O000121,P0022,5.0,0.139
LI013710,O006461,P0095,2.0,0.09
LI013711,O006282,P0013,1.0,0.057
LI013712,O005863,P0081,1.0,0.049
LI013713,O002866,P0065,5.0,0.159
LI013714,O003732,P0014,5.0,0.227
LI013715,O005774,P0044,2.0,0.014
LI013716,O003916,P0039,3.0,0.061
LI013717,O003592,P0035,1.0,0.166
LI013718,O003577,P0119,5.0,0.247
LI013719,O004487,P0117,4.0,0.17
LI013720,O002415,P0065,5.0,0.013
LI013721,O000841,P0027,5.0,0.045
LI013722,O002806,P0120,1.0,0.087
LI013723,O005586,P0045,5.0,0.039
LI013724,O003307,P0057,4.0,0.046
LI013725,O003434,P0022,4.0,0.068
LI013726,O005362,P0034,4.0,0.093
LI013727,O001466,P0009,2.0,0.098
LI013728,O001857,P0050,4.0,0.125
LI013729,O002236,P0054,1.0,0.232
LI013730,O000404,P0058,3.0,0.248
LI013731,O005946,P0100,5.0,0.005
LI013732,O000413,P0112,5.0,0.123
LI013733,O001538,P0096,5.0,0.188
LI013734,O004250,P0062,4.0,0.018
LI013735,O006347,P0038,4.0,0.235
LI013736,O000217,P0084,4.0,0.234
LI013737,O001025,P0027,3.0,0.052
LI013738,O002814,P0064,3.0,0.196
LI013739,O004895,P0003,3.0,0.145
LI013740,O000806,P0011,3.0,0.008
LI013741,O003350,P0024,3.0,0.074
LI013742,O005039,P0029,5.0,0.066
LI013743,O002817,P0069,5.0,0.22
LI013744,O002810,P0097,3.0,0.224
LI013745,O001272,P0008,5.0,0.009
LI013746,O006232,P0019,3.0,0.185
LI013747,O000434,P0068,3.0,0.03
LI013748,O000429,P0105,3.0,0.198
LI013749,O001188,P0099,5.0,0.211
LI013750,O005615,P0094,2.0,0.015
LI013751,O004258,P0069,2.0,0.082
LI013752,O002555,P0048,2.0,0.095
LI013753,O002313,P0040,1.0,0.239
LI013754,O001996,P0102,2.0,0.093
LI013755,O002158,P0067,2.0,0.064
LI013756,O005972,P0016,2.0,0.155
LI013757,O004996,P0064,4.0,0.04
LI013758,O001743,P0008,3.0,0.156
LI013759,O001343,P0109,5.0,0.115
LI013760,O001156,P0005,4.0,0.183
LI013761,O003205,P0102,3.0,0.145
LI013762,O000394,P0099,2.0,0.044
LI013763,O003643,P0072,2.0,0.234
LI013764,O005825,P0100,4.0,0.112
LI013765,O004818,P0025,5.0,0.186
LI013766,O005492,P0053,4.0,0.133
LI013767,O002041,P0049,4.0,0.216
LI013768,O002079,P0072,3.0,0.084
LI013769,O005294,P0021,1.0,0.16
LI013770,O002865,P0051,5.0,0.02
LI013771,O003462,P0046,5.0,0.019
LI013772,O005830,P0009,4.0,0.211
LI013773,O006250,P0064,4.0,0.205
LI013774,O005216,P0096,2.0,0.09
LI013775,O005113,P0108,4.0,0.169
LI013776,O005150,P0077,3.0,0.207
LI013777,O004257,P0023,2.0,0.036
LI013778,O001330,P0060,1.0,0.246
LI013779,O001647,P0059,3.0,0.221
LI013780,O006340,P0008,5.0,0.173
LI013781,O002656,P0064,5.0,0.136
LI013782,O002386,P0099,3.0,0.224
LI013783,O005258,P0054,4.0,0.185
LI013784,O002838,P0092,4.0,0.146
LI013785,O005430,P0015,4.0,0.223
LI013786,O005299,P0052,5.0,0.053
LI013787,O004433,P0093,3.0,0.061
LI013788,O003306,P0051,4.0,0.233
LI013789,O003321,P0004,2.0,0.017
LI013790,O006276,P0034,5.0,0.012
LI013791,O006393,P0101,3.0,0.198
LI013792,O003877,P0024,3.0,0.103
LI013793,O003527,P0021,3.0,0.229
LI013794,O004159,P0002,3.0,0.075
LI013795,O004915,P0007,1.0,0.072
LI013796,O005512,P0056,2.0,0.239
LI013797,O002305,P0075,1.0,0.138
LI013798,O001272,P0076,4.0,0.153
LI013799,O001288,P0068,1.0,0.225
LI013800,O004945,P0035,1.0,0.095
LI013801,O000361,P0104,5.0,0.062
LI013802,O006132,P0026,3.0,0.143
LI013803,O001975,P0018,1.0,0.103
LI013804,O002928,P0064,3.0,0.041
LI013805,O003465,P0119,2.0,0.03
LI013806,O002227,P0056,1.0,0.181
LI013807,O006032,P0101,5.0,0.009
LI013808,O005045,P0080,5.0,0.132
LI013809,O005626,P0055,4.0,0.082
LI013810,O001851,P0012,1.0,0.038
LI013811,O005933,P0105,2.0,0.223
LI013812,O002547,P0104,3.0,0.185
LI013813,O002725,P0037,1.0,0.193
LI013814,O003675,P0052,4.0,0.109
LI013815,O003906,P0019,5.0,0.162
LI013816,O003776,P0015,1.0,0.023
LI013817,O004388,P0086,4.0,0.035
LI013818,O004684,P0084,2.0,0.081
LI013819,O000818,P0107,3.0,0.114
LI013820,O002147,P0052,2.0,0.023
LI013821,O000181,P0077,2.0,0.141
LI013822,O004470,P0087,3.0,0.06
LI013823,O005956,P0095,1.0,0.194
LI013824,O004720,P0026,3.0,0.0
LI013825,O006397,P0045,4.0,0.217
LI013826,O006015,P0096,2.0,0.183
LI013827,O004959,P0021,3.0,0.137
LI013828,O006266,P0081,5.0,0.184
LI013829,O000442,P0093,3.0,0.091
LI013830,O002293,P0053,3.0,0.041
LI013831,O001663,P0029,4.0,0.002
LI013832,O000871,P0048,2.0,0.137
LI013833,O002875,P0086,4.0,0.073
LI013834,O002500,P0113,4.0,0.053
LI013835,O006440,P0019,5.0,0.217
LI013836,O005868,P0054,4.0,0.181
LI013837,O003213,P0078,4.0,0.248
LI013838,O001657,P0119,5.0,0.165
LI013839,O001897,P0103,1.0,0.224
LI013840,O001090,P0087,4.0,0.03
LI013841,O000483,P0105,3.0,0.181
LI013842,O000309,P0002,4.0,0.022
LI013843,O005580,P0115,2.0,0.024
LI013844,O000593,P0119,3.0,0.214
LI013845,O003844,P0032,3.0,0.09
LI013846,O001019,P0102,1.0,0.079
LI013847,O004494,P0062,2.0,0.046
LI013848,O004565,P0097,2.0,0.121
LI013849,O004713,P0007,2.0,0.051
LI013850,O004193,P0112,4.0,0.134
LI013851,O003262,P0098,4.0,0.165
LI013852,O004291,P0068,3.0,0.164
LI013853,O001358,P0087,1.0,0.091
LI013854,O000083,P0084,4.0,0.176
LI013855,O000251,P0022,4.0,0.067
LI013856,O001094,P0110,1.0,0.202
LI013857,O005412,P0029,2.0,0.0
LI013858,O002388,P0107,3.0,0.242
LI013859,O001409,P0105,4.0,0.108
LI013860,O001482,P0101,1.0,0.083
LI013861,O003212,P0003,1.0,0.156
LI013862,O001099,P0022,2.0,0.22
LI013863,O004196,P0084,5.0,0.088
LI013864,O003729,P0089,5.0,0.018
LI013865,O005295,P0098,5.0,0.088
LI013866,O003893,P0106,5.0,0.001
LI013867,O000733,P0053,4.0,0.046
LI013868,O000323,P0093,1.0,0.013
LI013869,O002058,P0057,3.0,0.097
LI013870,O003061,P0010,4.0,0.015
LI013871,O003701,P0103,5.0,0.246
LI013872,O005636,P0111,3.0,0.195
LI013873,O003385,P0101,3.0,0.105
LI013874,O001262,P0040,5.0,0.198
LI013875,O000806,P0114,3.0,0.104
LI013876,O005004,P0020,4.0,0.162
LI013877,O001534,P0102,2.0,0.205
LI013878,O002042,P0087,4.0,0.171
LI013879,O004226,P0011,4.0,0.021
LI013880,O003825,P0008,2.0,0.011
LI013881,O003457,P0093,5.0,0.142
LI013882,O003665,P0036,5.0,0.049
LI013883,O003097,P0025,2.0,0.246
LI013884,O005680,P0039,4.0,0.004
LI013885,O004660,P0098,1.0,0.187
LI013886,O001354,P0111,3.0,0.011
LI013887,O000149,P0096,3.0,0.153
LI013888,O005529,P0062,3.0,0.105
LI013889,O005731,P0105,1.0,0.158
LI013890,O001784,P0087,4.0,0.19
LI013891,O006263,P0021,5.0,0.008
LI013892,O005554,P0019,2.0,0.13
LI013893,O002276,P0025,3.0,0.236
LI013894,O000615,P0087,1.0,0.054
LI013895,O001825,P0083,2.0,0.019
LI013896,O000240,P0005,4.0,0.193
LI013897,O000913,P0083,1.0,0.185
LI013898,O003014,P0099,1.0,0.098
LI013899,O005410,P0012,2.0,0.208
LI013900,O005274,P0103,2.0,0.136
LI013901,O003754,P0025,3.0,0.119
LI013902,O000159,P0005,4.0,0.205
LI013903,O004659,P0076,2.0,0.025
LI013904,O004572,P0027,3.0,0.056
LI013905,O000548,P0004,3.0,0.111
LI013906,O005133,P0116,2.0,0.021
LI013907,O002901,P0083,1.0,0.249
LI013908,O002266,P0045,1.0,0.078
LI013909,O000755,P0047,1.0,0.237
LI013910,O000735,P0088,3.0,0.119
LI013911,O003792,P0106,1.0,0.231
LI013912,O002829,P0028,4.0,0.11
LI013913,O004318,P0097,1.0,0.204
LI013914,O002336,P0035,1.0,0.188
LI013915,O001925,P0114,3.0,0.237
LI013916,O000524,P0016,5.0,0.159
LI013917,O001511,P0012,4.0,0.057
LI013918,O002747,P0080,3.0,0.135
LI013919,O004777,P0075,4.0,0.036
LI013920,O005925,P0043,4.0,0.084
LI013921,O006468,P0028,1.0,0.197
LI013922,O000618,P0087,4.0,0.003
LI013923,O000861,P0118,1.0,0.155
LI013924,O006185,P0110,4.0,0.173
LI013925,O005881,P0081,5.0,0.225
LI013926,O005387,P0019,4.0,0.189
LI013927,O004489,P0075,2.0,0.101
LI013928,O005233,P0068,1.0,0.191
LI013929,O001308,P0074,5.0,0.156
LI013930,O005910,P0055,1.0,0.147
LI013931,O006347,P0083,5.0,0.018
LI013932,O002901,P0036,1.0,0.135
LI013933,O002822,P0062,2.0,0.217
LI013934,O003866,P0107,2.0,0.109
LI013935,O003315,P0039,5.0,0.176
LI013936,O000035,P0116,3.0,0.226
LI013937,O002101,P0041,1.0,0.134
LI013938,O001380,P0060,3.0,0.022
LI013939,O004246,P0086,4.0,0.014
LI013940,O000437,P0066,2.0,0.199
LI013941,O004546,P0059,1.0,0.008
LI013942,O002573,P0097,2.0,0.25
LI013943,O004363,P0040,4.0,0.032
LI013944,O003980,P0091,5.0,0.194
LI013945,O005729,P0019,1.0,0.217
LI013946,O006230,P0055,1.0,0.077
LI013947,O000309,P0112,1.0,0.135
LI013948,O004361,P0046,5.0,0.238
LI013949,O000492,P0004,2.0,0.239
LI013950,O005703,P0083,5.0,0.233
LI013951,O005137,P0062,2.0,0.069
LI013952,O005309,P0025,1.0,0.015
LI013953,O000522,P0063,5.0,0.026
LI013954,O005286,P0118,4.0,0.035
LI013955,O001915,P0118,5.0,0.168
LI013956,O005671,P0070,2.0,0.201
LI013957,O006131,P0111,1.0,0.013
LI013958,O002926,P0013,2.0,0.223
LI013959,O001369,P0115,3.0,0.187
LI013960,O003291,P0086,1.0,0.133
LI013961,O002142,P0004,4.0,0.247
LI013962,O003230,P0002,4.0,0.066
LI013963,O005995,P0067,3.0,0.055
LI013964,O004130,P0110,2.0,0.084
LI013965,O002849,P0030,4.0,0.132
LI013966,O003578,P0004,2.0,0.097
LI013967,O005610,P0048,1.0,0.207
LI013968,O002572,P0043,5.0,0.224
LI013969,O000233,P0093,1.0,0.242
LI013970,O001623,P0045,2.0,0.205
LI013971,O006138,P0097,3.0,0.152
LI013972,O002653,P0013,1.0,0.153
LI013973,O006251,P0047,4.0,0.047
LI013974,O001217,P0103,1.0,0.066
LI013975,O003540,P0096,1.0,0.249
LI013976,O000522,P0028,1.0,0.065
LI013977,O004733,P0037,3.0,0.117
LI013978,O002835,P0028,2.0,0.096
LI013979,O003067,P0027,3.0,0.172
LI013980,O003200,P0089,4.0,0.084
LI013981,O000341,P0030,2.0,0.171
LI013982,O002745,P0006,4.0,0.24
LI013983,O003947,P0094,2.0,0.063
LI013984,O003939,P0120,2.0,0.093
LI013985,O000059,P0009,1.0,0.086
LI013986,O006112,P0006,1.0,0.075
LI013987,O003254,P0029,3.0,0.068
LI013988,O004682,P0087,2.0,0.158
LI013989,O005634,P0070,4.0,0.137
LI013990,O000243,P0086,1.0,0.127
LI013991,O000228,P0066,4.0,0.2
LI013992,O004614,P0095,1.0,0.037
LI013993,O002603,P0053,2.0,0.042
LI013994,O005265,P0070,4.0,0.128
LI013995,O000127,P0106,3.0,0.088
LI013996,O004431,P0005,3.0,0.043
LI013997,O004854,P0020,3.0,0.173
LI013998,O001432,P0012,1.0,0.124
LI013999,O002169,P0102,1.0,0.051
LI014000,O005864,P0102,3.0,0.066
LI014001,O003960,P0008,4.0,0.181
LI014002,O002749,P0120,1.0,0.082
LI014003,O001309,P0058,3.0,0.051
LI014004,O006386,P0049,1.0,0.241
LI014005,O002126,P0064,5.0,0.022
LI014006,O001594,P0050,4.0,0.037
LI014007,O004080,P0107,2.0,0.179
LI014008,O001494,P0097,4.0,0.106
LI014009,O002031,P0039,2.0,0.188
LI014010,O003253,P0040,3.0,0.138
LI014011,O004361,P0031,1.0,0.01
LI014012,O004778,P0003,3.0,0.171
LI014013,O006439,P0083,2.0,0.201
LI014014,O000247,P0112,5.0,0.138
LI014015,O004520,P0119,2.0,0.077
LI014016,O001083,P0072,1.0,0.004
LI014017,O005932,P0030,5.0,0.227
LI014018,O004929,P0095,1.0,0.177
LI014019,O001482,P0029,5.0,0.011
LI014020,O000011,P0070,1.0,0.21
LI014021,O006491,P0056,2.0,0.013
LI014022,O002007,P0066,2.0,0.178
LI014023,O005125,P0087,2.0,0.174
LI014024,O005837,P0108,2.0,0.229
LI014025,O003442,P0063,5.0,0.041
LI014026,O003530,P0030,4.0,0.142
LI014027,O002293,P0053,4.0,0.136
LI014028,O006393,P0102,3.0,0.009
LI014029,O000945,P0046,4.0,0.16
LI014030,O000435,P0103,3.0,0.064
LI014031,O003492,P0009,2.0,0.083
LI014032,O006249,P0007,1.0,0.06
LI014033,O002290,P0063,4.0,0.014
LI014034,O003344,P0047,4.0,0.042
LI014035,O002567,P0044,2.0,0.052
LI014036,O001760,P0049,2.0,0.144
LI014037,O005164,P0079,4.0,0.034
LI014038,O003876,P0079,2.0,0.23
LI014039,O002229,P0085,4.0,0.058
LI014040,O000268,P0062,1.0,0.163
LI014041,O002199,P0059,1.0,0.039
LI014042,O003688,P0078,3.0,0.199
LI014043,O006239,P0075,4.0,0.018
LI014044,O004478,P0075,1.0,0.184
LI014045,O005918,P0084,1.0,0.098
LI014046,O000515,P0013,5.0,0.116
LI014047,O001744,P0109,1.0,0.092
LI014048,O000930,P0030,3.0,0.101
LI014049,O005734,P0104,1.0,0.001
LI014050,O003932,P0103,2.0,0.007
LI014051,O001449,P0084,5.0,0.198
LI014052,O003888,P0109,4.0,0.053
LI014053,O000199,P0043,3.0,0.152
LI014054,O002056,P0051,1.0,0.163
LI014055,O006023,P0102,4.0,0.174
LI014056,O001781,P0008,1.0,0.149
LI014057,O004901,P0115,5.0,0.157
LI014058,O006071,P0037,4.0,0.145
LI014059,O004423,P0106,2.0,0.232
LI014060,O001714,P0097,2.0,0.166
LI014061,O005714,P0090,4.0,0.088
LI014062,O005744,P0108,2.0,0.089
LI014063,O003093,P0120,3.0,0.02
LI014064,O005666,P0064,5.0,0.248
LI014065,O006399,P0039,3.0,0.223
LI014066,O003505,P0008,4.0,0.011
LI014067,O005147,P0062,3.0,0.215
LI014068,O002568,P0082,5.0,0.035
LI014069,O000930,P0039,5.0,0.06
LI014070,O004626,P0014,4.0,0.17
LI014071,O005353,P0052,3.0,0.183
LI014072,O001420,P0082,5.0,0.126
LI014073,O002006,P0057,4.0,0.242
LI014074,O001331,P0021,5.0,0.122
LI014075,O002558,P0023,1.0,0.065
LI014076,O000424,P0004,1.0,0.002
LI014077,O000150,P0074,5.0,0.217
LI014078,O003464,P0043,4.0,0.099
LI014079,O001514,P0011,1.0,0.196
LI014080,O002716,P0084,5.0,0.193
LI014081,O002994,P0019,2.0,0.011
LI014082,O005167,P0065,3.0,0.205
LI014083,O006456,P0095,5.0,0.072
LI014084,O000139,P0002,1.0,0.21
LI014085,O003726,P0105,5.0,0.123
LI014086,O001871,P0049,4.0,0.148
LI014087,O002062,P0069,1.0,0.025
LI014088,O001996,P0034,4.0,0.095
LI014089,O002819,P0004,4.0,0.243
LI014090,O005868,P0091,4.0,0.231
LI014091,O001914,P0039,5.0,0.249
LI014092,O005639,P0117,1.0,0.128
LI014093,O005671,P0049,4.0,0.205
LI014094,O004281,P0003,2.0,0.114
LI014095,O005235,P0026,3.0,0.235
LI014096,O006254,P0041,5.0,0.246
LI014097,O005697,P0065,2.0,0.219
LI014098,O000743,P0116,1.0,0.155
LI014099,O006425,P0117,3.0,0.247
LI014100,O004182,P0016,4.0,0.246
LI014101,O004234,P0058,2.0,0.119
LI014102,O003538,P0035,2.0,0.076
LI014103,O000077,P0083,4.0,0.047
LI014104,O001992,P0016,4.0,0.169
LI014105,O005257,P0033,2.0,0.009
LI014106,O003706,P0031,1.0,0.191
LI014107,O003023,P0022,5.0,0.013
LI014108,O004872,P0061,1.0,0.066
LI014109,O001017,P0108,1.0,0.124
LI014110,O000097,P0084,5.0,0.024
LI014111,O000995,P0064,1.0,0.009
LI014112,O001555,P0120,3.0,0.12
LI014113,O001033,P0070,4.0,0.222
LI014114,O000083,P0035,2.0,0.102
LI014115,O006191,P0039,5.0,0.05
LI014116,O001536,P0003,1.0,0.102
LI014117,O004526,P0096,2.0,0.181
LI014118,O005210,P0013,3.0,0.01
LI014119,O000513,P0112,1.0,0.008
LI014120,O001923,P0014,1.0,0.116
LI014121,O001698,P0041,1.0,0.169
LI014122,O005785,P0008,3.0,0.153
LI014123,O003486,P0111,4.0,0.159
LI014124,O002561,P0019,2.0,0.041
LI014125,O001915,P0109,1.0,0.135
LI014126,O004754,P0014,1.0,0.094
LI014127,O003977,P0075,3.0,0.028
LI014128,O000647,P0050,3.0,0.032
LI014129,O000798,P0099,2.0,0.161
LI014130,O000077,P0061,2.0,0.239
LI014131,O006225,P0036,1.0,0.027
LI014132,O005901,P0067,1.0,0.124
LI014133,O002684,P0089,1.0,0.062
LI014134,O000742,P0077,1.0,0.07
LI014135,O001226,P0080,1.0,0.056
LI014136,O005567,P0092,3.0,0.136
LI014137,O004203,P0045,4.0,0.014
LI014138,O000965,P0091,2.0,0.186
LI014139,O005412,P0074,3.0,0.152
LI014140,O005923,P0082,5.0,0.096
LI014141,O004782,P0072,5.0,0.054
LI014142,O005037,P0007,5.0,0.134
LI014143,O000312,P0113,2.0,0.239
LI014144,O002647,P0022,1.0,0.177
LI014145,O002732,P0102,5.0,0.07
LI014146,O000633,P0111,5.0,0.186
LI014147,O004764,P0009,4.0,0.126
LI014148,O004695,P0060,3.0,0.012
LI014149,O005546,P0042,2.0,0.154
LI014150,O003682,P0059,2.0,0.058
LI014151,O000415,P0040,4.0,0.102
LI014152,O003207,P0103,5.0,0.12
LI014153,O001543,P0029,4.0,0.2
LI014154,O000772,P0055,1.0,0.145
LI014155,O004480,P0064,5.0,0.085
LI014156,O002588,P0101,2.0,0.164
LI014157,O005892,P0114,3.0,0.048
LI014158,O000487,P0112,4.0,0.206
LI014159,O001780,P0111,4.0,0.05
LI014160,O006408,P0042,2.0,0.14
LI014161,O000030,P0029,5.0,0.051
LI014162,O000130,P0092,5.0,0.081
LI014163,O005190,P0021,5.0,0.106
LI014164,O004215,P0097,3.0,0.092
LI014165,O002375,P0063,3.0,0.233
LI014166,O003984,P0063,5.0,0.056
LI014167,O003142,P0090,3.0,0.045
LI014168,O000208,P0038,4.0,0.129
LI014169,O004187,P0079,5.0,0.237
LI014170,O004216,P0066,3.0,0.126
LI014171,O000982,P0012,4.0,0.24
LI014172,O004303,P0033,4.0,0.048
LI014173,O004502,P0079,3.0,0.003
LI014174,O002172,P0109,5.0,0.076
LI014175,O000112,P0001,5.0,0.16
LI014176,O004710,P0097,3.0,0.148
LI014177,O005041,P0068,3.0,0.06
LI014178,O001410,P0028,1.0,0.165
LI014179,O000706,P0062,4.0,0.208
LI014180,O005873,P0117,5.0,0.172
LI014181,O006291,P0078,2.0,0.182
LI014182,O006276,P0117,4.0,0.077
LI014183,O002780,P0059,5.0,0.132
LI014184,O004200,P0049,1.0,0.011
LI014185,O002601,P0045,4.0,0.09
LI014186,O002616,P0076,4.0,0.204
LI014187,O004858,P0006,5.0,0.198
LI014188,O002975,P0115,2.0,0.235
LI014189,O005040,P0020,3.0,0.242
LI014190,O000848,P0112,2.0,0.243
LI014191,O002944,P0085,1.0,0.039
LI014192,O003221,P0016,4.0,0.03
LI014193,O000169,P0012,5.0,0.219
LI014194,O000985,P0052,4.0,0.096
LI014195,O001108,P0020,3.0,0.089
LI014196,O002568,P0058,2.0,0.133
LI014197,O000107,P0045,2.0,0.113
LI014198,O004981,P0097,1.0,0.056
LI014199,O002706,P0114,5.0,0.211
LI014200,O002079,P0002,3.0,0.227
LI014201,O003619,P0034,3.0,0.187
LI014202,O004343,P0026,5.0,0.012
LI014203,O002974,P0033,1.0,0.029
LI014204,O001554,P0042,3.0,0.087
LI014205,O002003,P0094,1.0,0.139
LI014206,O006168,P0120,5.0,0.152
LI014207,O000498,P0065,5.0,0.025
LI014208,O004950,P0110,5.0,0.24
LI014209,O004400,P0008,3.0,0.132
LI014210,O001422,P0065,5.0,0.108
LI014211,O003475,P0110,3.0,0.048
LI014212,O004412,P0010,1.0,0.238
LI014213,O005981,P0032,4.0,0.112
LI014214,O004374,P0051,1.0,0.029
LI014215,O000542,P0057,3.0,0.154
LI014216,O000789,P0040,2.0,0.088
LI014217,O000356,P0066,2.0,0.202
LI014218,O005644,P0031,4.0,0.136
LI014219,O003975,P0063,5.0,0.026
LI014220,O001227,P0068,1.0,0.188
LI014221,O000250,P0056,1.0,0.076
LI014222,O004199,P0012,3.0,0.102
LI014223,O005588,P0031,4.0,0.194
LI014224,O006179,P0105,5.0,0.027
LI014225,O003396,P0023,4.0,0.244
LI014226,O003970,P0033,2.0,0.176
LI014227,O000532,P0008,4.0,0.048
LI014228,O000559,P0062,5.0,0.015
LI014229,O001620,P0113,5.0,0.136
LI014230,O001292,P0080,1.0,0.095
LI014231,O003125,P0015,1.0,0.007
LI014232,O004881,P0041,5.0,0.152
LI014233,O004114,P0104,1.0,0.077
LI014234,O001128,P0052,1.0,0.08
LI014235,O004248,P0026,1.0,0.041
LI014236,O003912,P0078,5.0,0.035
LI014237,O005797,P0012,1.0,0.036
LI014238,O004969,P0027,2.0,0.222
LI014239,O005534,P0111,5.0,0.133
LI014240,O001108,P0095,4.0,0.117
LI014241,O005428,P0068,3.0,0.176
LI014242,O005271,P0030,3.0,0.08
LI014243,O004645,P0004,2.0,0.206
LI014244,O006497,P0054,5.0,0.049
LI014245,O001688,P0095,4.0,0.201
LI014246,O005988,P0034,5.0,0.014
LI014247,O004472,P0068,4.0,0.039
LI014248,O004304,P0084,4.0,0.223
LI014249,O005682,P0056,5.0,0.027
LI014250,O004556,P0018,1.0,0.061
LI014251,O003476,P0047,3.0,0.011
LI014252,O002578,P0072,1.0,0.15
LI014253,O002533,P0060,3.0,0.082
LI014254,O004218,P0106,1.0,0.158
LI014255,O002030,P0059,5.0,0.021
LI014256,O001144,P0002,5.0,0.099
LI014257,O004347,P0073,4.0,0.093
LI014258,O005959,P0016,2.0,0.134
LI014259,O005419,P0086,5.0,0.074
LI014260,O006191,P0058,3.0,0.246
LI014261,O004992,P0012,4.0,0.079
LI014262,O003744,P0005,3.0,0.174
LI014263,O003591,P0039,1.0,0.092
LI014264,O006389,P0015,2.0,0.133
LI014265,O003799,P0109,5.0,0.057
LI014266,O001748,P0072,1.0,0.043
LI014267,O004820,P0088,4.0,0.243
LI014268,O005920,P0115,3.0,0.135
LI014269,O000218,P0019,2.0,0.115
LI014270,O006116,P0101,5.0,0.16
LI014271,O002811,P0117,3.0,0.056
LI014272,O003416,P0082,5.0,0.205
LI014273,O005953,P0085,5.0,0.062
LI014274,O005434,P0049,3.0,0.136
LI014275,O001717,P0039,5.0,0.032
LI014276,O004700,P0078,4.0,0.144
LI014277,O000290,P0015,2.0,0.121
LI014278,O004698,P0055,1.0,0.07
LI014279,O003269,P0113,2.0,0.077
LI014280,O002744,P0067,1.0,0.002
LI014281,O005698,P0056,4.0,0.007
LI014282,O000610,P0045,2.0,0.15
LI014283,O002354,P0075,4.0,0.18
LI014284,O000536,P0057,3.0,0.137
LI014285,O003292,P0067,1.0,0.02
LI014286,O003758,P0094,3.0,0.235
LI014287,O000757,P0006,3.0,0.178
LI014288,O003850,P0070,2.0,0.059
LI014289,O000354,P0031,5.0,0.168
LI014290,O004831,P0022,5.0,0.028
LI014291,O003892,P0085,4.0,0.195
LI014292,O004331,P0038,2.0,0.12
LI014293,O000306,P0102,3.0,0.102
LI014294,O005230,P0058,4.0,0.002
LI014295,O006458,P0070,3.0,0.163
LI014296,O002996,P0029,4.0,0.207
LI014297,O005133,P0056,1.0,0.072
LI014298,O003709,P0110,4.0,0.003
LI014299,O002215,P0011,4.0,0.194
LI014300,O004149,P0048,3.0,0.159
LI014301,O001210,P0086,5.0,0.194
LI014302,O000276,P0060,3.0,0.135
LI014303,O006496,P0051,2.0,0.115
LI014304,O006154,P0039,3.0,0.055
LI014305,O000147,P0006,5.0,0.02
LI014306,O003549,P0030,2.0,0.118
LI014307,O005965,P0107,5.0,0.217
LI014308,O004726,P0089,2.0,0.015
LI014309,O001954,P0100,3.0,0.247
LI014310,O000852,P0001,5.0,0.237
LI014311,O004524,P0086,5.0,0.16
LI014312,O000488,P0009,1.0,0.229
LI014313,O001554,P0045,1.0,0.138
LI014314,O005497,P0008,4.0,0.101
LI014315,O001762,P0034,1.0,0.143
LI014316,O003184,P0080,5.0,0.219
LI014317,O000584,P0083,4.0,0.239
LI014318,O004712,P0008,3.0,0.21
LI014319,O004311,P0012,4.0,0.045
LI014320,O004606,P0043,2.0,0.148
LI014321,O000511,P0105,4.0,0.111
LI014322,O004122,P0056,1.0,0.12
LI014323,O003814,P0031,3.0,0.107
LI014324,O002241,P0042,2.0,0.017
LI014325,O006082,P0033,4.0,0.211
LI014326,O002151,P0019,3.0,0.245
LI014327,O005325,P0091,1.0,0.052
LI014328,O005892,P0088,3.0,0.155
LI014329,O006195,P0113,3.0,0.134
LI014330,O003203,P0092,2.0,0.224
LI014331,O000343,P0055,5.0,0.176
LI014332,O001424,P0004,1.0,0.187
LI014333,O006346,P0012,2.0,0.238
LI014334,O003868,P0087,2.0,0.166
LI014335,O004396,P0084,2.0,0.113
LI014336,O000146,P0104,5.0,0.013
LI014337,O002818,P0028,5.0,0.227
LI014338,O004558,P0118,4.0,0.147
LI014339,O006060,P0058,4.0,0.171
LI014340,O000916,P0048,1.0,0.126
LI014341,O004920,P0120,1.0,0.098
LI014342,O001912,P0001,5.0,0.126
LI014343,O006295,P0105,5.0,0.012
LI014344,O003702,P0075,5.0,0.199
LI014345,O001340,P0044,2.0,0.039
LI014346,O002247,P0063,5.0,0.083
LI014347,O006447,P0095,2.0,0.022
LI014348,O003918,P0105,2.0,0.205
LI014349,O002952,P0038,1.0,0.042
LI014350,O000498,P0009,3.0,0.1
LI014351,O002949,P0006,4.0,0.104
LI014352,O000791,P0070,4.0,0.079
LI014353,O004201,P0052,1.0,0.215
LI014354,O000010,P0067,1.0,0.193
LI014355,O003099,P0096,5.0,0.186
LI014356,O002817,P0099,5.0,0.056
LI014357,O000327,P0016,5.0,0.047
LI014358,O003567,P0002,2.0,0.062
LI014359,O000883,P0036,2.0,0.097
LI014360,O001672,P0105,5.0,0.12
LI014361,O005003,P0071,2.0,0.063
LI014362,O000738,P0035,1.0,0.114
LI014363,O002175,P0120,5.0,0.046
LI014364,O005236,P0030,4.0,0.067
LI014365,O000924,P0045,4.0,0.065
LI014366,O004267,P0046,2.0,0.182
LI014367,O006356,P0093,4.0,0.115
LI014368,O006333,P0105,5.0,0.154
LI014369,O005610,P0065,4.0,0.167
LI014370,O004483,P0108,1.0,0.017
LI014371,O002825,P0001,2.0,0.199
LI014372,O005108,P0105,4.0,0.071
LI014373,O005721,P0057,2.0,0.127
LI014374,O001154,P0071,1.0,0.085
LI014375,O002071,P0067,4.0,0.193
LI014376,O004601,P0100,5.0,0.057
LI014377,O000921,P0103,3.0,0.241
LI014378,O006092,P0031,4.0,0.1
LI014379,O003483,P0025,1.0,0.178
LI014380,O005652,P0047,3.0,0.16
LI014381,O006473,P0056,4.0,0.186
LI014382,O001444,P0088,2.0,0.138
LI014383,O004508,P0001,1.0,0.096
LI014384,O002802,P0102,4.0,0.045
LI014385,O001776,P0118,1.0,0.13
LI014386,O000029,P0095,5.0,0.015
LI014387,O002293,P0037,3.0,0.015
LI014388,O003704,P0075,3.0,0.153
LI014389,O000826,P0113,5.0,0.12
LI014390,O006006,P0067,3.0,0.127
LI014391,O003742,P0012,3.0,0.08
LI014392,O005180,P0020,5.0,0.198
LI014393,O000139,P0030,2.0,0.05
LI014394,O004453,P0074,3.0,0.147
LI014395,O002260,P0103,2.0,0.215
LI014396,O001163,P0064,1.0,0.209
LI014397,O003440,P0079,1.0,0.007
LI014398,O002534,P0085,3.0,0.07
LI014399,O005613,P0064,1.0,0.179
LI014400,O001360,P0018,5.0,0.185
LI014401,O005731,P0032,3.0,0.121
LI014402,O002226,P0019,5.0,0.051
LI014403,O002561,P0094,2.0,0.07
LI014404,O003673,P0033,4.0,0.2
LI014405,O002161,P0062,4.0,0.048
LI014406,O000283,P0022,3.0,0.236
LI014407,O001140,P0109,5.0,0.125
LI014408,O001798,P0029,4.0,0.071
LI014409,O004137,P0088,3.0,0.097
LI014410,O002980,P0004,4.0,0.064
LI014411,O001191,P0050,4.0,0.096
LI014412,O001245,P0076,1.0,0.033
LI014413,O004409,P0100,3.0,0.206
LI014414,O001931,P0004,4.0,0.241
LI014415,O002519,P0005,3.0,0.165
LI014416,O005251,P0083,1.0,0.202
LI014417,O000048,P0105,3.0,0.057
LI014418,O000134,P0039,1.0,0.016
LI014419,O005676,P0057,4.0,0.157
LI014420,O003047,P0031,4.0,0.204
LI014421,O002365,P0007,4.0,0.209
LI014422,O003510,P0012,1.0,0.133
LI014423,O003507,P0010,2.0,0.156
LI014424,O002134,P0029,1.0,0.092
LI014425,O005168,P0116,1.0,0.208
LI014426,O004095,P0085,5.0,0.174
LI014427,O002538,P0013,4.0,0.046
LI014428,O005985,P0087,4.0,0.07
LI014429,O002472,P0070,5.0,0.038
LI014430,O002435,P0031,2.0,0.126
LI014431,O005022,P0009,3.0,0.051
LI014432,O004336,P0051,4.0,0.04
LI014433,O003523,P0088,4.0,0.04
LI014434,O002306,P0016,1.0,0.066
LI014435,O004140,P0059,2.0,0.202
LI014436,O005288,P0058,2.0,0.235
LI014437,O001811,P0011,2.0,0.249
LI014438,O005311,P0036,2.0,0.01
LI014439,O000664,P0001,5.0,0.142
LI014440,O005682,P0021,1.0,0.067
LI014441,O005945,P0044,5.0,0.247
LI014442,O003055,P0100,5.0,0.246
LI014443,O004850,P0037,3.0,0.234
LI014444,O004201,P0006,1.0,0.004
LI014445,O005023,P0014,2.0,0.039
LI014446,O003493,P0093,1.0,0.138
LI014447,O005995,P0001,2.0,0.047
LI014448,O005469,P0008,3.0,0.214
LI014449,O000954,P0111,4.0,0.175
LI014450,O001674,P0044,5.0,0.046
LI014451,O001343,P0083,3.0,0.205
LI014452,O003492,P0087,5.0,0.125
LI014453,O002743,P0103,2.0,0.177
LI014454,O002105,P0105,2.0,0.035
LI014455,O000240,P0075,3.0,0.129
LI014456,O002625,P0027,4.0,0.194
LI014457,O003050,P0119,4.0,0.086
LI014458,O006284,P0104,5.0,0.047
LI014459,O002110,P0036,2.0,0.16
LI014460,O004248,P0042,2.0,0.161
LI014461,O004226,P0020,4.0,0.051
LI014462,O001464,P0106,2.0,0.017
LI014463,O005332,P0008,2.0,0.042
LI014464,O000400,P0046,3.0,0.069
LI014465,O002722,P0100,4.0,0.009
LI014466,O005837,P0052,4.0,0.231
LI014467,O001938,P0026,1.0,0.058
LI014468,O004637,P0035,4.0,0.185
LI014469,O000182,P0060,4.0,0.104
LI014470,O001075,P0003,1.0,0.125
LI014471,O005867,P0004,2.0,0.134
LI014472,O002574,P0108,2.0,0.193
LI014473,O002398,P0093,5.0,0.197
LI014474,O001082,P0062,2.0,0.035
LI014475,O000419,P0064,4.0,0.076
LI014476,O001161,P0050,5.0,0.143
LI014477,O000640,P0092,5.0,0.083
LI014478,O002085,P0019,2.0,0.033
LI014479,O004590,P0043,5.0,0.102
LI014480,O000359,P0092,1.0,0.055
LI014481,O001804,P0082,5.0,0.036
LI014482,O005205,P0014,3.0,0.076
LI014483,O000539,P0107,1.0,0.075
LI014484,O004440,P0014,4.0,0.024
LI014485,O002219,P0054,2.0,0.146
LI014486,O001714,P0029,2.0,0.079
LI014487,O000866,P0003,3.0,0.043
LI014488,O002068,P0098,2.0,0.205
LI014489,O006029,P0073,4.0,0.001
LI014490,O002351,P0104,5.0,0.114
LI014491,O000776,P0005,2.0,0.109
LI014492,O005093,P0093,4.0,0.168
LI014493,O003269,P0105,1.0,0.097
LI014494,O006471,P0005,4.0,0.128
LI014495,O004672,P0117,3.0,0.227
LI014496,O003628,P0045,4.0,0.042
LI014497,O001036,P0064,2.0,0.026
LI014498,O000361,P0064,5.0,0.187
LI014499,O002820,P0043,4.0,0.186
LI014500,O000296,P0043,3.0,0.23
