order_id,customer_id,order_date,store_id,status
O000001,C00953,2025-10-13,S06,Completed
O000002,C00904,2024-11-13,S10,Completed
O000003,C00072,2025-03-11,S08,Completed
O000004,C00107,2024-06-24,S03,Completed
O000005,C01066,2025-11-16,S02,Completed
O000006,C00883,,S03,Completed
O000007,C00139,2024-12-16,S09,Completed
O000008,C00615,2024-05-22,S06,Completed
O000009,C00863,2025-02-01,S10,Completed
O000010,C00273,2025-09-15,S04,Completed
O000011,C00416,2025-12-18,S10,Completed
O000012,C00506,2025-10-04,S03,Completed
O000013,C00733,2025-01-03,S02,Completed
O000014,C00424,2025-05-15,S04,Completed
O000015,C00390,2025-09-13,S09,Completed
O000016,C00342,2025-01-04,S04,Completed
O000017,C00946,2025-08-01,S05,Completed
O000018,C00614,2025-01-16,S08,Completed
O000019,C00493,2024-03-26,S02,Completed
O000020,C00192,2025-04-04,S03,Completed
O000021,C00499,2024-11-20,S06,Completed
O000022,C00822,2025-06-05,S07,Completed
O000023,C00227,2025-05-03,S04,Completed
O000024,C00139,2025-01-31,S01,Completed
O000025,C00856,2024-12-20,S07,Completed
O000026,C00817,2024-10-14,S09,Completed
O000027,C01173,2025-04-03,S01,Completed
O000028,C01139,2025-09-15,S01,Completed
O000029,C01087,2025-06-19,S01,Completed
O000030,C00104,2024-10-17,S10,Completed
O000031,C00871,2024-06-16,S07,Completed
O000032,C00668,2025-09-12,S09,Completed
O000033,C00273,2025-03-03,S03,Completed
O000034,C01030,,S08,Completed
O000035,C01171,2025-05-04,S09,Completed
O000036,C00184,2024-12-20,S03,Completed
O000037,C01052,2024-07-14,S03,Completed
O000038,C01143,2025-06-28,S01,Completed
O000039,C00293,2025-12-17,S02,Completed
O000040,C00177,2025-11-24,S07,Cancelled
O000041,C00058,2025-10-20,S03,Completed
O000042,C00308,2024-01-11,S07,Completed
O000043,C00977,2025-08-04,S05,Completed
O000044,C01129,2024-09-12,S10,Completed
O000045,C00700,2025-01-30,S08,Completed
O000046,C00083,2025-12-31,S05,Completed
O000047,C00252,2025-02-12,S03,Cancelled
O000048,C00796,2024-12-27,S09,Completed
O000049,C00897,2024-09-15,S07,Cancelled
O000050,C00210,2024-01-03,S05,Completed
O000051,C00816,2024-03-24,S07,Completed
O000052,C00609,2024-06-04,S10,Completed
O000053,C00447,2025-10-24,S09,Completed
O000054,C00460,2024-06-24,S05,Completed
O000055,C00968,2025-12-07,S07,Cancelled
O000056,C00472,2025-04-16,S09,Completed
O000057,C00370,2025-09-10,S01,Completed
O000058,C00900,2025-02-27,S04,Completed
O000059,C00923,2024-05-13,S01,Completed
O000060,C00137,2025-01-14,S08,Completed
O000061,C00367,2025-10-28,S03,Completed
O000062,C00912,2024-10-03,S02,Completed
O000063,C00184,2024-08-23,S04,Completed
O000064,C00472,2024-01-13,S03,Completed
O000065,C00654,2024-12-07,S05,Completed
O000066,C00749,2024-02-04,S08,Completed
O000067,C00537,2025-07-12,S10,Completed
O000068,C00802,2024-08-01,S08,Completed
O000069,C00920,2025-02-15,S07,Returned
O000070,C00510,2025-02-08,S08,Cancelled
O000071,C00630,2025-05-08,S05,Completed
O000072,C01002,2025-10-19,S10,Returned
O000073,C01097,2024-06-07,S10,Completed
O000074,C00916,2025-09-28,S06,Completed
O000075,C01034,2024-04-19,S08,Completed
O000076,C00152,2025-07-02,S01,Cancelled
O000077,C01029,2025-06-09,S06,Completed
O000078,C00464,2024-12-12,S06,Completed
O000079,C01137,2025-09-27,S05,Completed
O000080,C00271,2024-10-05,S04,Completed
O000081,C01187,2025-04-23,S01,Completed
O000082,C00460,2024-04-20,S10,Completed
O000083,C00105,2025-09-27,S08,Completed
O000084,C00162,2025-03-06,S06,Completed
O000085,C00351,2025-06-25,S03,Completed
O000086,C00434,2024-04-24,S03,Completed
O000087,C00852,2024-03-30,S06,Completed
O000088,C00140,2024-07-30,S07,Completed
O000089,C01156,2025-07-03,S08,Completed
O000090,C00087,2025-08-17,S05,Completed
O000091,C00183,2025-06-22,S10,Completed
O000092,C00368,2025-12-29,S06,Completed
O000093,C00129,2024-12-25,S01,Cancelled
O000094,C00670,2025-04-30,S06,Completed
O000095,C00149,2025-01-06,S09,Completed
O000096,C00985,2024-08-02,S10,Completed
O000097,C00852,2024-01-15,S04,Completed
O000098,C00628,2024-09-15,S10,Completed
O000099,C00446,2025-04-07,S01,Completed
O000100,C00884,2024-04-29,S09,Completed
O000101,C00294,2024-05-07,S04,Cancelled
O000102,C01167,2025-12-23,S02,Completed
O000103,C00250,2025-06-06,S01,Completed
O000104,C00878,2025-11-18,S03,Completed
O000105,C00948,2025-10-06,S07,Completed
O000106,C00975,2024-11-20,S10,Completed
O000107,C01049,2024-11-15,S02,Completed
O000108,C00789,2025-05-20,S09,Completed
O000109,C00984,2025-06-09,S02,Completed
O000110,C00889,2024-02-19,S05,Completed
O000111,C00890,2025-08-06,S08,Completed
O000112,C00070,2024-03-09,S10,Completed
O000113,C00625,2025-01-25,S08,Completed
O000114,C00875,2025-01-17,S03,Completed
O000115,C01136,2024-01-16,S02,Completed
O000116,C00471,2025-03-14,S09,Completed
O000117,C00091,2025-07-21,S03,Cancelled
O000118,C00530,2025-09-08,S08,Completed
O000119,C00661,2024-05-11,S02,Completed
O000120,C00739,2025-07-13,S03,Completed
O000121,C00726,2024-09-04,S01,Completed
O000122,C00872,2024-09-29,S06,Completed
O000123,C00192,2025-09-14,S07,Completed
O000124,C00138,2024-12-14,S04,Completed
O000125,C00345,2025-04-28,S01,Returned
O000126,C01009,2025-07-03,S03,Completed
O000127,C00503,2024-12-22,S09,Completed
O000128,C00203,2024-11-13,S05,Completed
O000129,C00573,2025-09-24,S06,Completed
O000130,C00192,2024-02-17,S04,Completed
O000131,C00005,2024-01-10,S01,Completed
O000132,C00311,2024-08-20,S05,Completed
O000133,C00549,2024-02-05,S05,Completed
O000134,C00056,2025-02-16,S05,Completed
O000135,C00443,2025-04-06,S06,Completed
O000136,C00870,2024-01-04,S02,Completed
O000137,C00585,2024-02-13,S01,Completed
O000138,C00752,2025-07-21,S02,Completed
O000139,C00360,2025-07-07,S10,Completed
O000140,C00819,2024-09-11,S06,Returned
O000141,C00030,2024-04-23,S05,Completed
O000142,C00108,2025-01-31,S05,Completed
O000143,C00844,2024-06-22,S06,Cancelled
O000144,C00717,2024-09-11,S10,Completed
O000145,C00891,2025-04-10,S07,Returned
O000146,C00960,2024-10-03,S09,Completed
O000147,C00893,2025-04-08,S07,Completed
O000148,C00732,2025-05-16,S02,Completed
O000149,C00606,2025-03-16,S06,Completed
O000150,C00457,2024-03-09,S09,Completed
O000151,C00615,2025-05-23,S07,Completed
O000152,C00698,2024-11-21,S02,Completed
O000153,C00674,2024-03-07,S03,Completed
O000154,C00543,2024-10-30,S08,Completed
O000155,C00857,2025-04-28,S09,Cancelled
O000156,C00897,2025-07-01,S04,Completed
O000157,C00278,2025-02-20,S09,Returned
O000158,C00552,2024-06-07,S02,Completed
O000159,C00111,2024-05-28,S05,Completed
O000160,C00385,2024-01-27,S02,Completed
O000161,C00761,2025-08-06,S01,Completed
O000162,C00694,2024-09-04,S05,Completed
O000163,C00405,2024-04-10,S02,Completed
O000164,C00022,2025-12-02,S07,Completed
O000165,C00678,2024-04-05,S08,Completed
O000166,C00611,2025-01-18,S02,Cancelled
O000167,C00008,2024-10-08,S07,Completed
O000168,C00702,2024-11-17,S04,Completed
O000169,C00529,2025-01-30,S01,Completed
O000170,C00602,2024-10-04,S03,Completed
O000171,C00657,2025-06-12,S01,Returned
O000172,C00166,2024-09-19,S05,Completed
O000173,C00849,2025-09-10,S08,Completed
O000174,C00496,2025-08-02,S01,Completed
O000175,C00590,2025-10-01,S09,Completed
O000176,C00429,2024-10-19,S03,Completed
O000177,C00774,2024-10-20,S05,Completed
O000178,C00163,2025-08-30,S09,Completed
O000179,C00366,2025-01-29,S05,Completed
O000180,C00072,2025-05-27,S09,Completed
O000181,C00655,2024-06-28,S10,Completed
O000182,C00269,2025-11-23,S08,Completed
O000183,C00415,2024-08-22,S07,Completed
O000184,C01016,2024-12-02,S01,Completed
O000185,C00675,2024-01-08,S04,Completed
O000186,C01084,2025-03-18,S09,Completed
O000187,C00006,2025-06-22,S10,Completed
O000188,C00982,2025-10-19,S08,Cancelled
O000189,C00570,2024-03-31,S04,Completed
O000190,C00407,2024-09-28,S01,Completed
O000191,C00026,2024-01-05,S10,Completed
O000192,C01029,2025-08-16,S04,Completed
O000193,C00986,2024-08-06,S03,Completed
O000194,C00390,2024-04-27,S06,Completed
O000195,C00710,2025-08-15,S05,Completed
O000196,C00571,2025-08-04,S05,Completed
O000197,C00754,2024-04-24,S02,Completed
O000198,C00146,2024-09-19,S03,Completed
O000199,C00785,2024-11-01,S06,Cancelled
O000200,C00526,2025-10-15,S02,Returned
O000201,C00013,,S04,Cancelled
O000202,C00903,2024-07-25,S02,Completed
O000203,C00384,2025-09-14,S09,Completed
O000204,C00556,2024-10-29,S03,Completed
O000205,C00887,2024-04-21,S10,Completed
O000206,C00019,2025-02-20,S10,Completed
O000207,C00575,2025-07-08,S06,Completed
O000208,C00751,2024-10-11,S01,Returned
O000209,C01004,2025-10-01,S10,Completed
O000210,C00419,2024-07-03,S03,Completed
O000211,C00419,2024-08-08,S08,Completed
O000212,C00122,2025-03-19,S05,Returned
O000213,C00432,2024-04-26,S08,Completed
O000214,C00044,2024-03-10,S02,Completed
O000215,C00381,2024-03-10,S07,Completed
O000216,C00145,2025-09-13,S09,Completed
O000217,C00363,2025-03-02,S07,Completed
O000218,C01074,2025-10-05,S03,Completed
O000219,C01089,2025-07-21,S07,Completed
O000220,C00355,2025-03-18,S08,Completed
O000221,C00800,2025-08-23,S01,Completed
O000222,C01188,2024-05-16,S03,Completed
O000223,C01165,2025-05-18,S05,Returned
O000224,C00826,2024-05-10,S06,Returned
O000225,C01152,2024-08-05,S03,Completed
O000226,C00398,2025-11-18,S04,Returned
O000227,C00880,2024-06-19,S05,Completed
O000228,C00463,2025-04-19,S03,Completed
O000229,C00808,2025-09-03,S04,Completed
O000230,C00187,2024-05-08,S05,Completed
O000231,C00732,2024-02-26,S02,Completed
O000232,C00429,2024-06-29,S10,Completed
O000233,C00858,2024-09-02,S09,Completed
O000234,C00237,2024-05-23,S10,Completed
O000235,C00771,2024-02-20,S08,Completed
O000236,C00758,2025-01-02,S06,Completed
O000237,C00136,2025-04-03,S10,Completed
O000238,C00792,2024-08-05,S03,Returned
O000239,C00171,2025-09-07,S02,Completed
O000240,C00159,2025-07-20,S07,Returned
O000241,C00201,2024-09-13,S08,Completed
O000242,C00962,2024-06-04,S10,Completed
O000243,C00583,2025-07-18,S01,Completed
O000244,C00876,2025-03-17,S06,Completed
O000245,C00371,2025-11-29,S07,Completed
O000246,C00103,2025-10-23,S09,Completed
O000247,C01002,2025-12-23,S03,Completed
O000248,C01149,2024-01-25,S02,Completed
O000249,C00976,2025-10-25,S05,Completed
O000250,C00798,2025-06-19,S10,Completed
O000251,C00658,2024-02-29,S01,Completed
O000252,C00882,2025-04-11,S06,Completed
O000253,C00733,2025-03-09,S09,Completed
O000254,C00423,2024-03-06,S10,Completed
O000255,C00572,2025-07-18,S09,Cancelled
O000256,C00171,2024-04-15,S07,Cancelled
O000257,C00173,2024-04-05,S07,Completed
O000258,C00663,2025-11-18,S08,Completed
O000259,C00453,2025-07-04,S10,Completed
O000260,C00350,2024-06-16,S02,Completed
O000261,C00494,2024-02-11,S06,Returned
O000262,C00620,2024-04-13,S05,Returned
O000263,C01028,2024-07-22,S05,Completed
O000264,C01117,2025-06-03,S03,Completed
O000265,C00919,2024-10-08,S03,Returned
O000266,C00006,2024-02-12,S06,Completed
O000267,C00288,2024-04-19,S10,Completed
O000268,C01170,2024-07-28,S10,Completed
O000269,C00608,2024-02-18,S07,Completed
O000270,C00457,2024-04-24,S01,Completed
O000271,C01030,2024-06-03,S03,Completed
O000272,C00624,2025-10-10,S01,Completed
O000273,C00376,2025-05-17,S10,Completed
O000274,C00447,2025-11-09,S03,Completed
O000275,C00835,2025-12-11,S05,Completed
O000276,C01130,2024-03-11,S09,Completed
O000277,C00811,2025-06-02,S03,Completed
O000278,C01120,2025-12-12,S10,Returned
O000279,C00959,2024-12-01,S10,Completed
O000280,C00849,2024-03-07,S09,Completed
O000281,C00809,2025-05-07,S01,Cancelled
O000282,C00979,2025-10-11,S06,Completed
O000283,C00416,2024-07-31,S09,Completed
O000284,C00726,2024-06-29,S05,Completed
O000285,C00454,2025-09-04,S10,Completed
O000286,C00150,2025-08-21,S02,Completed
O000287,C00759,2025-11-27,S05,Completed
O000288,C00779,2025-08-25,S01,Returned
O000289,C00973,2024-09-04,S09,Completed
O000290,C00763,2024-08-01,S10,Completed
O000291,C01002,2024-12-24,S10,Completed
O000292,C00076,2024-09-05,S09,Completed
O000293,C00599,2025-09-29,S06,Cancelled
O000294,C00225,2025-05-30,S09,Completed
O000295,C00113,2024-03-28,S03,Completed
O000296,C00251,2025-10-24,S04,Completed
O000297,C00841,2024-06-24,S06,Completed
O000298,C00714,2025-12-23,S04,Returned
O000299,C01107,2025-03-01,S01,Completed
O000300,C00125,2025-08-25,S07,Completed
O000301,C01199,2025-12-03,S05,Completed
O000302,C01093,2024-03-21,S08,Completed
O000303,C01071,2024-05-17,S09,Completed
O000304,C00884,2025-03-08,S05,Completed
O000305,C00030,2025-04-14,S08,Completed
O000306,C00281,2024-12-15,S01,Completed
O000307,C00924,2024-05-05,S01,Completed
O000308,C00368,2024-11-04,S07,Returned
O000309,C00495,2024-08-17,S06,Completed
O000310,C01049,2025-04-04,S05,Completed
O000311,C00718,2024-12-10,S05,Returned
O000312,C01017,2024-11-05,S09,Completed
O000313,C00606,2024-01-20,S01,Completed
O000314,C00375,2025-07-14,S08,Completed
O000315,C00639,2025-10-08,S02,Completed
O000316,C01049,2025-06-24,S07,Completed
O000317,C00116,2025-07-13,S06,Completed
O000318,C00048,2025-04-21,S10,Completed
O000319,C00099,2024-09-25,S02,Returned
O000320,C00405,2024-01-03,S03,Completed
O000321,C00685,2024-01-16,S04,Completed
O000322,C00903,2025-08-28,S07,Completed
O000323,C00503,2024-12-23,S08,Completed
O000324,C00894,2025-10-07,S02,Completed
O000325,C00258,2024-05-12,S08,Completed
O000326,C00844,2024-11-07,S09,Completed
O000327,C00121,2025-04-26,S07,Completed
O000328,C00810,2025-06-27,S01,Completed
O000329,C00978,2024-10-31,S06,Completed
O000330,C00054,2024-09-25,S08,Completed
O000331,C01019,2025-02-17,S05,Completed
O000332,C00784,2024-01-25,S02,Returned
O000333,C00241,2024-11-11,S05,Completed
O000334,C00483,2025-07-24,S08,Returned
O000335,C01013,2025-12-25,S02,Returned
O000336,C00187,2025-10-29,S01,Returned
O000337,C00656,2024-10-02,S04,Completed
O000338,C00262,2025-01-23,S04,Returned
O000339,C00953,2025-12-22,S09,Completed
O000340,C00491,2025-03-19,S03,Completed
O000341,C00431,2025-03-02,S04,Completed
O000342,C00239,2024-02-26,S03,Cancelled
O000343,C00304,2025-11-27,S02,Completed
O000344,C00298,2025-07-19,S04,Completed
O000345,C00076,2025-12-21,S08,Completed
O000346,C00999,2025-01-02,S01,Completed
O000347,C00642,2024-12-07,S08,Completed
O000348,C00827,2024-10-30,S08,Completed
O000349,C00283,2025-01-08,S03,Completed
O000350,C00591,2024-04-21,S10,Cancelled
O000351,C00072,2024-01-06,S10,Completed
O000352,C00703,2025-12-03,S06,Returned
O000353,C00575,2024-10-05,S04,Completed
O000354,C01000,2025-01-16,S01,Completed
O000355,C00892,2024-01-13,S01,Completed
O000356,C00012,2024-10-29,S05,Completed
O000357,C00141,2025-07-09,S08,Completed
O000358,C00017,2025-09-08,S01,Completed
O000359,C01087,2024-06-08,S02,Completed
O000360,C00253,2024-06-02,S07,Completed
O000361,C00465,2024-06-29,S08,Completed
O000362,C00376,2025-06-09,S03,Completed
O000363,C00981,2024-06-28,S08,Completed
O000364,C00520,2025-01-11,S01,Completed
O000365,C00090,2024-06-16,S09,Completed
O000366,C00720,2024-08-01,S02,Returned
O000367,C00804,2024-05-29,S02,Completed
O000368,C00796,2024-01-16,S04,Completed
O000369,C00630,2024-03-31,S10,Completed
O000370,C01199,2024-04-29,S03,Completed
O000371,C00076,2024-09-09,S04,Completed
O000372,C00926,2024-02-29,S06,Completed
O000373,C00400,2024-09-22,S07,Completed
O000374,C00970,2025-02-12,S05,Completed
O000375,C01095,2024-01-31,S02,Completed
O000376,C01148,2024-01-21,S03,Completed
O000377,C00797,2025-12-31,S10,Completed
O000378,C00195,2025-08-15,S03,Completed
O000379,C00228,2024-10-15,S05,Completed
O000380,C00461,2025-06-26,S05,Completed
O000381,C00618,2025-05-12,S04,Completed
O000382,C01045,2025-04-18,S08,Completed
O000383,C00064,2025-02-08,S06,Returned
O000384,C00165,2025-07-01,S06,Completed
O000385,C00027,2024-05-11,S01,Completed
O000386,C01012,2024-11-19,S06,Completed
O000387,C00285,2024-05-11,S03,Completed
O000388,C00281,2025-06-04,S06,Completed
O000389,C00838,2024-01-30,S10,Completed
O000390,C00831,2025-09-18,S06,Completed
O000391,C01188,2024-10-27,S02,Completed
O000392,C00918,2024-01-04,S01,Completed
O000393,C00224,2024-11-20,S03,Completed
O000394,C00784,2025-05-23,S05,Completed
O000395,C01170,2024-08-24,S04,Completed
O000396,C00965,2025-06-18,S07,Completed
O000397,C00950,2024-01-16,S04,Completed
O000398,C01054,2025-06-17,S08,Completed
O000399,C00045,2025-08-06,S07,Cancelled
O000400,C00471,2025-03-21,S10,Completed
O000401,C00034,2025-05-17,S09,Completed
O000402,C00653,2024-08-17,S01,Completed
O000403,C00830,2024-04-16,S05,Completed
O000404,C00221,2025-12-20,S04,Completed
O000405,C00534,2025-01-23,S06,Completed
O000406,C00692,2025-12-20,S01,Completed
O000407,C00932,2024-09-19,S06,Completed
O000408,C00841,2025-07-16,S01,Completed
O000409,C01011,2024-03-05,S01,Completed
O000410,C00582,2024-09-21,S08,Completed
O000411,C01140,2024-12-03,S02,Returned
O000412,C00239,2024-10-27,S10,Completed
O000413,C00441,2025-01-12,S06,Completed
O000414,C00148,2024-06-23,S06,Completed
O000415,C01033,2024-05-31,S06,Completed
O000416,C00388,2025-04-20,S08,Completed
O000417,C01074,2024-09-22,S04,Completed
O000418,C00916,2024-11-24,S03,Completed
O000419,C00638,2024-06-11,S06,Completed
O000420,C00278,2025-03-13,S04,Completed
O000421,C00989,2024-12-08,S02,Completed
O000422,C00589,2025-01-01,S06,Completed
O000423,C00649,2025-04-09,S10,Completed
O000424,C00618,2024-07-17,S05,Completed
O000425,C00135,2025-05-14,S09,Completed
O000426,C00580,2024-01-16,S06,Completed
O000427,C01171,2024-10-22,S03,Completed
O000428,C00490,2025-05-25,S05,Completed
O000429,C00478,2024-08-26,S10,Completed
O000430,C01183,2025-08-03,S08,Completed
O000431,C00384,2024-10-27,S09,Completed
O000432,C00163,2024-01-06,S08,Completed
O000433,C00441,2024-08-07,S03,Completed
O000434,C00415,2025-03-28,S09,Cancelled
O000435,C00288,2025-03-08,S03,Completed
O000436,C00187,2025-01-20,S08,Completed
O000437,C01162,2025-09-10,S10,Cancelled
O000438,C00130,2024-10-21,S09,Completed
O000439,C00194,2024-04-27,S07,Completed
O000440,C00316,2025-02-08,S04,Completed
O000441,C00144,2025-11-10,S10,Completed
O000442,C00016,2025-08-16,S09,Completed
O000443,C00423,2025-07-19,S03,Completed
O000444,C00245,2024-01-12,S03,Completed
O000445,C00927,2024-07-27,S02,Completed
O000446,C01131,2024-06-13,S10,Completed
O000447,C01112,2024-10-20,S03,Cancelled
O000448,C00129,2025-06-02,S01,Completed
O000449,C00907,2024-03-18,S04,Completed
O000450,C00887,2025-03-09,S08,Completed
O000451,C00341,2025-07-30,S05,Completed
O000452,C00004,2025-09-05,S02,Completed
O000453,C00306,2025-11-13,S03,Completed
O000454,C00908,2024-03-17,S01,Completed
O000455,C00607,2024-02-17,S02,Completed
O000456,C00992,2024-03-22,S01,Completed
O000457,C00321,2025-12-21,S02,Completed
O000458,C00559,2024-07-27,S03,Completed
O000459,C00618,2025-03-20,S01,Completed
O000460,C00711,2025-08-18,S09,Completed
O000461,C01132,2025-06-05,S10,Completed
O000462,C00531,2024-01-29,S05,Completed
O000463,C00410,2024-10-30,S08,Cancelled
O000464,C00818,2025-04-09,S05,Completed
O000465,C01195,2025-05-16,S08,Completed
O000466,C00493,2025-03-21,S07,Completed
O000467,C00012,2025-09-19,S04,Completed
O000468,C00195,2025-05-04,S07,Completed
O000469,C00490,2025-03-03,S06,Completed
O000470,C00795,2025-07-12,S03,Completed
O000471,C00881,2024-12-24,S09,Completed
O000472,C00182,2024-03-31,S10,Completed
O000473,C00962,2024-02-22,S09,Completed
O000474,C00656,2025-12-30,S05,Completed
O000475,C00694,2025-08-11,S08,Completed
O000476,C00030,2024-07-22,S07,Completed
O000477,C01120,2025-07-09,S09,Completed
O000478,C00778,2024-06-04,S07,Completed
O000479,C00444,2024-01-02,S04,Completed
O000480,C00298,2024-12-22,S04,Completed
O000481,C00808,2025-07-22,S08,Completed
O000482,C00845,2024-02-27,S06,Completed
O000483,C01016,2024-09-10,S09,Completed
O000484,C00554,2024-06-28,S10,Completed
O000485,C00303,2025-05-07,S07,Completed
O000486,C00421,2025-10-30,S07,Completed
O000487,C00185,2024-02-04,S04,Completed
O000488,C00468,2024-03-15,S03,Returned
O000489,C00754,2024-10-15,S08,Completed
O000490,C00363,2025-01-05,S07,Completed
O000491,C00336,2025-08-09,S04,Completed
O000492,C00162,2024-11-24,S04,Completed
O000493,C01184,2025-08-12,S01,Completed
O000494,C00012,2024-10-30,S07,Completed
O000495,C01097,2025-08-01,S01,Completed
O000496,C00588,2024-08-08,S10,Completed
O000497,C00201,2024-06-12,S10,Completed
O000498,C00522,2025-04-24,S04,Completed
O000499,C00505,2025-03-30,S03,Completed
O000500,C00788,2025-01-09,S03,Returned
O000501,C01063,2024-08-07,S01,Completed
O000502,C00060,2025-11-14,S04,Completed
O000503,C00578,2024-09-10,S01,Returned
O000504,C00321,2025-12-22,S08,Completed
O000505,C00923,2024-07-06,S01,Completed
O000506,C00569,2024-07-09,S06,Completed
O000507,C01102,2025-01-23,S07,Cancelled
O000508,C00527,2024-08-02,S10,Returned
O000509,C00524,2025-01-09,S02,Completed
O000510,C00613,2024-03-26,S04,Completed
O000511,C01180,2025-04-18,S03,Completed
O000512,C00125,2025-09-09,S09,Completed
O000513,C00871,2025-06-14,S07,Completed
O000514,C00280,2024-02-16,S02,Cancelled
O000515,C00917,2024-03-05,S06,Completed
O000516,C00622,2025-04-19,S09,Completed
O000517,C00846,2024-05-25,S03,Completed
O000518,C00674,2025-01-16,S06,Completed
O000519,C01152,2024-03-06,S03,Completed
O000520,C00314,2025-05-31,S03,Completed
O000521,C00332,2024-04-02,S04,Completed
O000522,C01174,2025-03-01,S09,Completed
O000523,C00036,2025-04-12,S08,Completed
O000524,C01046,2024-04-03,S01,Completed
O000525,C00206,2025-09-09,S01,Returned
O000526,C00639,2024-05-12,S07,Completed
O000527,C00848,2025-03-09,S03,Completed
O000528,C00440,2024-12-06,S07,Completed
O000529,C00729,2024-11-09,S09,Returned
O000530,C01120,2025-08-13,S03,Completed
O000531,C00941,2024-07-30,S03,Completed
O000532,C00164,2025-06-03,S02,Completed
O000533,C00148,2024-06-07,S10,Completed
O000534,C00294,2024-09-24,S01,Completed
O000535,C00195,2025-10-22,S09,Completed
O000536,C00663,2025-08-25,S06,Completed
O000537,C00480,2025-04-18,S06,Completed
O000538,C00123,2025-02-13,S08,Completed
O000539,C00699,2025-04-18,S05,Completed
O000540,C00965,2024-12-21,S09,Completed
O000541,C00661,2025-11-10,S05,Completed
O000542,C01128,2024-07-11,S02,Completed
O000543,C00710,2025-11-29,S06,Completed
O000544,C00396,2024-09-27,S09,Completed
O000545,C00912,2024-04-23,S03,Cancelled
O000546,C01005,2025-06-06,S10,Completed
O000547,C01166,2024-02-24,S04,Completed
O000548,C00317,2024-03-05,S10,Completed
O000549,C00681,2025-11-14,S08,Completed
O000550,C00495,2024-09-28,S06,Completed
O000551,C00556,2025-05-16,S07,Completed
O000552,C00610,2025-10-23,S07,Completed
O000553,C00109,2024-12-27,S04,Completed
O000554,C00372,2024-05-25,S06,Completed
O000555,C00855,2024-07-27,S09,Completed
O000556,C00616,2024-10-12,S03,Completed
O000557,C00768,2024-01-10,S08,Cancelled
O000558,C00206,2024-07-04,S07,Completed
O000559,C00847,2025-07-27,S04,Completed
O000560,C00043,2025-08-19,S10,Completed
O000561,C00865,2025-04-08,S03,Returned
O000562,C00785,2024-05-13,S07,Completed
O000563,C00476,2024-06-19,S10,Completed
O000564,C00083,2024-07-31,S09,Completed
O000565,C01134,2025-06-13,S10,Completed
O000566,C00190,2025-05-16,S03,Completed
O000567,C00800,2025-07-25,S10,Completed
O000568,C00936,2025-08-22,S09,Completed
O000569,C00251,2024-01-27,S08,Completed
O000570,C00291,2024-03-08,S03,Completed
O000571,C00326,2025-02-11,S08,Cancelled
O000572,C00837,2025-07-05,S04,Completed
O000573,C00508,2024-04-18,S06,Completed
O000574,C00731,2024-03-14,S10,Completed
O000575,C00072,2025-07-31,S02,Completed
O000576,C00641,2025-11-10,S08,Completed
O000577,C00940,2024-09-18,S09,Completed
O000578,C00608,2025-01-02,S07,Completed
O000579,C00566,2024-08-24,S08,Completed
O000580,C00054,2025-12-27,S07,Completed
O000581,C00528,2024-12-31,S10,Completed
O000582,C00611,2024-10-12,S04,Completed
O000583,C00193,2025-01-12,S01,Completed
O000584,C00058,2025-10-22,S03,Completed
O000585,C01135,2025-01-10,S07,Completed
O000586,C00129,2025-09-10,S07,Completed
O000587,C00706,2025-10-14,S03,Completed
O000588,C00852,2024-03-16,S01,Returned
O000589,C00008,2024-01-09,S10,Completed
O000590,C00029,2024-07-14,S09,Completed
O000591,C01136,2025-09-21,S06,Completed
O000592,C00947,2024-10-16,S07,Completed
O000593,C00131,2024-03-01,S01,Completed
O000594,C00188,2025-01-23,S01,Completed
O000595,C00709,2025-07-16,S04,Completed
O000596,C00212,2025-07-17,S07,Completed
O000597,C00276,2025-09-25,S08,Completed
O000598,C01097,2025-11-09,S10,Completed
O000599,C00243,2024-01-08,S09,Completed
O000600,C01126,2025-01-03,S01,Completed
O000601,C00987,2024-02-14,S04,Completed
O000602,C00685,2024-12-09,S04,Completed
O000603,C00171,2025-01-09,S03,Completed
O000604,C00653,2025-09-10,S07,Cancelled
O000605,C00188,2024-01-27,S01,Completed
O000606,C01110,2024-07-11,S09,Completed
O000607,C00052,2024-12-22,S08,Completed
O000608,C00111,2024-03-02,S02,Completed
O000609,C00877,2024-03-02,S02,Completed
O000610,C01067,2025-02-25,S08,Completed
O000611,C00211,2025-09-24,S01,Completed
O000612,C00858,2025-07-04,S07,Completed
O000613,C00627,2025-01-14,S09,Returned
O000614,C01050,2024-10-03,S03,Completed
O000615,C00299,2025-08-28,S07,Completed
O000616,C01101,2025-03-06,S06,Completed
O000617,C00924,2024-04-24,S07,Completed
O000618,C00137,2025-11-18,S07,Completed
O000619,C01044,2024-04-30,S10,Completed
O000620,C00440,2025-06-08,S01,Completed
O000621,C00211,2025-02-19,S03,Returned
O000622,C00752,2024-06-11,S10,Completed
O000623,C00435,2025-11-18,S01,Completed
O000624,C00780,2024-12-02,S05,Completed
O000625,C00439,2025-01-13,S03,Completed
O000626,C00666,2024-11-19,S01,Completed
O000627,C01066,2024-06-21,S02,Completed
O000628,C00411,2024-03-04,S10,Completed
O000629,C00806,2024-04-10,S05,Completed
O000630,C00610,2024-11-17,S03,Completed
O000631,C00427,2024-03-06,S06,Completed
O000632,C00902,2025-07-10,S09,Completed
O000633,C00942,2025-08-21,S06,Completed
O000634,C00742,2025-04-02,S02,Completed
O000635,C00328,2025-08-01,S02,Completed
O000636,C00052,2025-03-28,S08,Completed
O000637,C00376,2024-09-15,S08,Completed
O000638,C00263,2025-12-17,S06,Completed
O000639,C00267,2025-03-01,S10,Completed
O000640,C00359,2024-06-26,S07,Completed
O000641,C00652,2024-10-06,S01,Completed
O000642,C00046,2024-12-09,S09,Completed
O000643,C00600,2024-01-17,S05,Completed
O000644,C00720,2024-10-22,S09,Completed
O000645,C00601,2024-07-20,S02,Completed
O000646,C00381,2025-11-14,S08,Completed
O000647,C00118,2024-07-12,S07,Completed
O000648,C00116,2024-05-28,S04,Completed
O000649,C00260,2025-01-09,S03,Cancelled
O000650,C01099,2024-02-04,S04,Completed
O000651,C00305,2025-01-03,S04,Completed
O000652,C00007,2024-01-29,S10,Completed
O000653,C00366,2024-08-08,S10,Completed
O000654,C00523,2024-02-22,S08,Completed
O000655,C00429,2024-12-18,S04,Completed
O000656,C00791,2025-01-26,S05,Completed
O000657,C00747,2024-03-16,S02,Completed
O000658,C00367,2025-05-08,S04,Completed
O000659,C00313,2025-11-18,S07,Completed
O000660,C00538,2025-06-05,S03,Completed
O000661,C00921,2024-04-26,S01,Completed
O000662,C01078,2024-10-06,S08,Returned
O000663,C00865,2025-12-30,S08,Completed
O000664,C01188,2024-06-23,S06,Completed
O000665,C00782,2024-10-21,S07,Completed
O000666,C00334,2025-03-26,S10,Completed
O000667,C00798,2025-06-01,S02,Completed
O000668,C00348,2024-01-21,S05,Completed
O000669,C00273,2024-03-13,S07,Completed
O000670,C00963,2024-02-05,S09,Completed
O000671,C00720,2025-05-21,S01,Completed
O000672,C00500,2024-08-20,S03,Completed
O000673,C01117,2025-12-28,S06,Completed
O000674,C00685,2025-05-11,S07,Completed
O000675,C00079,2024-07-24,S06,Completed
O000676,C00622,2025-03-01,S01,Completed
O000677,C00947,2024-02-13,S04,Returned
O000678,C00358,2024-03-31,S06,Completed
O000679,C00618,2025-04-14,S08,Completed
O000680,C00507,2025-08-27,S10,Completed
O000681,C00576,2025-04-11,S04,Completed
O000682,C00244,2025-03-29,S07,Completed
O000683,C00506,2025-08-17,S03,Completed
O000684,C00422,2024-11-28,S08,Completed
O000685,C01111,2025-05-21,S01,Completed
O000686,C00217,2025-04-14,S04,Completed
O000687,C01009,2024-01-21,S08,Completed
O000688,C01193,2024-08-15,S10,Completed
O000689,C00330,2025-01-10,S04,Completed
O000690,C00650,2024-05-09,S02,Completed
O000691,C00391,2025-11-17,S02,Completed
O000692,C00381,2025-09-11,S04,Completed
O000693,C00742,2025-02-17,S04,Completed
O000694,C00820,2024-03-11,S02,Completed
O000695,C00673,2025-02-07,S07,Completed
O000696,C00513,2025-07-15,S06,Returned
O000697,C00949,2025-08-29,S03,Completed
O000698,C00930,2025-01-31,S08,Completed
O000699,C00913,2024-12-02,S08,Completed
O000700,C00644,2025-10-05,S01,Cancelled
O000701,C00427,2025-05-19,S03,Completed
O000702,C00502,2024-10-02,S05,Completed
O000703,C00730,2024-01-13,S02,Completed
O000704,C00071,2024-01-03,S05,Completed
O000705,C00478,2024-08-11,S10,Completed
O000706,C00457,2024-06-23,S03,Completed
O000707,C00189,2025-01-19,S09,Completed
O000708,C00291,2025-08-24,S01,Completed
O000709,C00920,2024-08-28,S04,Completed
O000710,C00292,2025-06-30,S10,Completed
O000711,C00756,2024-01-14,S06,Completed
O000712,C00377,2024-07-13,S09,Completed
O000713,C01180,2025-01-31,S03,Completed
O000714,C00508,2025-03-06,S03,Completed
O000715,C00528,2024-11-01,S05,Completed
O000716,C00559,2024-11-29,S07,Completed
O000717,C01055,2025-12-25,S05,Completed
O000718,C00260,2025-02-13,S08,Completed
O000719,C00421,2024-01-03,S05,Completed
O000720,C00304,2025-11-21,S07,Completed
O000721,C00942,2025-07-05,S06,Returned
O000722,C01063,2025-03-27,S10,Completed
O000723,C00542,2025-11-06,S02,Completed
O000724,C01090,2025-05-09,S03,Completed
O000725,C00108,2025-02-20,S04,Completed
O000726,C00268,2025-01-25,S05,Completed
O000727,C00222,2025-01-07,S09,Completed
O000728,C01114,2025-09-19,S06,Completed
O000729,C00693,2024-02-21,S01,Completed
O000730,C00255,2025-01-10,S03,Completed
O000731,C00253,2025-01-29,S07,Completed
O000732,C00257,2024-05-21,S08,Completed
O000733,C00383,2024-03-26,S07,Completed
O000734,C00442,2025-04-08,S05,Completed
O000735,C00599,2024-02-15,S10,Cancelled
O000736,C01114,2024-08-25,S08,Completed
O000737,C00390,2024-01-10,S09,Completed
O000738,C00582,2025-10-25,S07,Completed
O000739,C01068,2025-07-26,S09,Completed
O000740,C00598,2025-06-13,S01,Completed
O000741,C00019,2025-08-20,S09,Completed
O000742,C01125,2025-10-10,S03,Completed
O000743,C00607,2025-10-01,S06,Completed
O000744,C00033,2025-09-07,S08,Completed
O000745,C00862,2025-11-28,S03,Completed
O000746,C00155,2024-06-26,S04,Completed
O000747,C00905,2024-01-06,S07,Completed
O000748,C00405,2024-11-02,S07,Completed
O000749,C00844,2025-07-01,S04,Completed
O000750,C01185,2024-11-22,S09,Completed
O000751,C00747,2024-12-21,S03,Completed
O000752,C01141,2025-01-29,S08,Completed
O000753,C00271,2024-10-26,S08,Completed
O000754,C00770,2025-06-09,S04,Completed
O000755,C00172,2024-10-11,S07,Completed
O000756,C00274,2024-11-25,S04,Completed
O000757,C00259,2024-02-19,S01,Completed
O000758,C01159,2025-09-13,S01,Completed
O000759,C00422,2025-12-09,S01,Completed
O000760,C00364,2025-01-12,S02,Completed
O000761,C00378,2025-08-22,S06,Completed
O000762,C00580,2025-06-21,S10,Completed
O000763,C00891,2024-05-23,S05,Completed
O000764,C00722,2024-02-29,S02,Completed
O000765,C00881,2024-03-15,S08,Returned
O000766,C01122,2024-01-03,S09,Completed
O000767,C00605,2025-07-28,S07,Returned
O000768,C00022,2025-03-23,S09,Completed
O000769,C01196,2024-10-01,S04,Completed
O000770,C00383,2025-06-13,S07,Completed
O000771,C00134,2025-08-14,S05,Returned
O000772,C01049,2024-08-02,S05,Completed
O000773,C00503,2025-11-13,S03,Completed
O000774,C01109,2025-04-29,S09,Completed
O000775,C00144,2024-11-24,S10,Completed
O000776,C00224,2024-09-11,S05,Completed
O000777,C00220,2025-01-21,S06,Completed
O000778,C00179,2024-05-05,S03,Returned
O000779,C00433,2025-08-06,S10,Completed
O000780,C00265,2025-07-03,S07,Completed
O000781,C00954,2024-11-19,S09,Completed
O000782,C00429,2024-07-22,S09,Completed
O000783,C00416,2024-06-20,S10,Completed
O000784,C00727,2024-08-04,S10,Completed
O000785,C00197,2024-09-01,S05,Completed
O000786,C01077,2024-12-01,S07,Completed
O000787,C00480,2025-12-03,S03,Completed
O000788,C00890,2024-10-24,S06,Cancelled
O000789,C00925,2024-06-30,S08,Completed
O000790,C00123,2024-11-29,S08,Returned
O000791,C00778,2025-05-25,S02,Completed
O000792,C00348,2025-01-17,S06,Completed
O000793,C00029,2025-12-17,S07,Completed
O000794,C00975,2024-07-17,S07,Completed
O000795,C00035,2024-11-27,S03,Completed
O000796,C00623,2024-06-13,S09,Completed
O000797,C00589,2024-08-29,S02,Completed
O000798,C01171,2025-10-03,S03,Completed
O000799,C01091,2024-08-14,S02,Completed
O000800,C00904,2025-09-25,S09,Completed
O000801,C00520,2025-07-09,S04,Completed
O000802,C00122,2025-03-26,S02,Completed
O000803,C00340,2024-07-14,S03,Completed
O000804,C00175,2024-07-22,S04,Completed
O000805,C00597,2025-04-02,S10,Completed
O000806,C00451,2024-09-13,S06,Completed
O000807,C00557,2025-06-12,S05,Completed
O000808,C01160,2024-09-28,S03,Completed
O000809,C01040,2024-01-09,S10,Completed
O000810,C00009,2024-07-19,S08,Completed
O000811,C00334,2024-02-28,S08,Completed
O000812,C01017,2025-01-27,S07,Completed
O000813,C00327,2025-10-13,S03,Completed
O000814,C00015,2024-04-28,S01,Completed
O000815,C00839,2025-07-06,S05,Completed
O000816,C00226,2025-02-02,S01,Completed
O000817,C00113,2024-11-26,S06,Cancelled
O000818,C00001,2024-09-23,S07,Completed
O000819,C00266,2025-06-03,S05,Completed
O000820,C00952,2025-11-25,S04,Completed
O000821,C00306,2025-04-24,S02,Completed
O000822,C00012,2024-05-13,S05,Completed
O000823,C00937,2025-11-23,S09,Completed
O000824,C00420,2024-12-20,S04,Completed
O000825,C00889,2025-08-06,S02,Completed
O000826,C00171,2025-05-12,S06,Completed
O000827,C00134,2025-09-16,S08,Completed
O000828,C00965,2024-04-16,S02,Returned
O000829,C01049,2024-10-16,S09,Completed
O000830,C01165,2025-09-20,S07,Completed
O000831,C00658,2025-09-23,S02,Completed
O000832,C01116,2024-05-26,S05,Completed
O000833,C00179,2024-11-22,S05,Completed
O000834,C01080,2025-02-18,S07,Cancelled
O000835,C01179,2024-07-28,S05,Completed
O000836,C00111,2024-10-22,S06,Completed
O000837,C00137,2025-02-01,S09,Completed
O000838,C00232,2024-04-12,S03,Completed
O000839,C00992,2025-09-27,S03,Cancelled
O000840,C00468,2025-05-22,S08,Completed
O000841,C00732,2024-07-27,S10,Completed
O000842,C00481,2025-03-03,S06,Completed
O000843,C01092,2025-01-27,S10,Completed
O000844,C00814,2024-04-18,S03,Completed
O000845,C00994,2024-12-13,S02,Cancelled
O000846,C00323,2024-02-19,S02,Completed
O000847,C00922,2024-04-14,S02,Completed
O000848,C00904,2025-02-23,S05,Completed
O000849,C00606,2025-01-07,S05,Completed
O000850,C00429,2024-01-27,S01,Returned
O000851,C00148,2024-09-29,S02,Completed
O000852,C01142,2025-10-10,S02,Completed
O000853,C00850,2024-12-05,S04,Completed
O000854,C00367,2024-10-27,S07,Completed
O000855,C00850,2025-04-24,S03,Completed
O000856,C01090,2025-06-27,S05,Completed
O000857,C00813,2025-07-10,S09,Returned
O000858,C00175,2024-09-21,S05,Completed
O000859,C00588,2025-06-25,S09,Completed
O000860,C00495,2025-08-18,S01,Completed
O000861,C00973,2024-06-14,S09,Completed
O000862,C01138,2024-11-11,S05,Completed
O000863,C01135,2024-01-01,S08,Completed
O000864,C01171,2024-09-17,S05,Completed
O000865,C00035,2024-03-03,S06,Completed
O000866,C00999,2025-04-27,S08,Completed
O000867,C00538,2025-11-06,S02,Completed
O000868,C00750,2024-11-16,S03,Completed
O000869,C01038,2024-07-19,S09,Completed
O000870,C00374,2024-08-09,S05,Completed
O000871,C00557,2024-05-31,S05,Completed
O000872,C00233,2025-10-05,S09,Completed
O000873,C00705,2025-09-17,S10,Completed
O000874,C00563,2025-04-06,S03,Completed
O000875,C00939,2024-08-04,S04,Returned
O000876,C00887,2024-07-14,S07,Completed
O000877,C00726,2024-07-20,S02,Completed
O000878,C00076,2025-10-08,S08,Cancelled
O000879,C00439,2024-08-21,S05,Completed
O000880,C00699,2024-05-20,S01,Returned
O000881,C00915,2025-12-08,S03,Completed
O000882,C00891,2025-05-12,S09,Completed
O000883,C00692,2025-07-08,S05,Completed
O000884,C00253,2024-02-26,S08,Completed
O000885,C01150,2025-05-18,S01,Completed
O000886,C01061,2024-05-21,S07,Completed
O000887,C00410,2025-12-22,S07,Completed
O000888,C00127,2025-08-06,S08,Completed
O000889,C01192,2025-06-22,S03,Completed
O000890,C00592,2025-10-01,S01,Completed
O000891,C00294,2024-04-15,S09,Completed
O000892,C01020,2024-06-13,S01,Completed
O000893,C00310,2024-08-02,S06,Completed
O000894,C00662,2024-03-11,S09,Completed
O000895,C00528,2025-12-16,S02,Completed
O000896,C00540,2025-10-26,S04,Completed
O000897,C00419,2025-08-01,S02,Cancelled
O000898,C00444,2024-03-30,S04,Completed
O000899,C00685,2024-08-15,S02,Completed
O000900,C00840,2024-03-19,S01,Completed
O000901,C00236,2025-08-30,S03,Completed
O000902,C00214,,S08,Completed
O000903,C00085,2024-09-02,S05,Returned
O000904,C00794,2024-09-28,S04,Completed
O000905,C00085,2025-02-06,S05,Completed
O000906,C00065,2025-10-30,S06,Completed
O000907,C00663,2024-04-25,S06,Completed
O000908,C00627,2025-03-10,S05,Completed
O000909,C00064,2025-06-13,S06,Completed
O000910,C00939,2025-03-17,S09,Completed
O000911,C00919,2024-06-20,S05,Completed
O000912,C01182,2024-01-16,S06,Completed
O000913,C00491,2024-02-25,S04,Completed
O000914,C00313,2025-08-13,S03,Completed
O000915,C00615,2024-04-12,S06,Cancelled
O000916,C00919,2024-10-10,S05,Completed
O000917,C00813,2025-12-05,S04,Completed
O000918,C00940,2025-05-31,S05,Completed
O000919,C01112,2025-09-09,S07,Completed
O000920,C00680,2024-10-04,S01,Completed
O000921,C00435,2025-09-03,S01,Completed
O000922,C00682,2024-09-25,S01,Completed
O000923,C01159,2025-02-03,S02,Completed
O000924,C01074,2025-05-17,S09,Completed
O000925,C00340,2024-03-26,S05,Completed
O000926,C00347,2024-11-15,S09,Completed
O000927,C00646,2024-02-01,S05,Completed
O000928,C00649,2024-12-01,S07,Completed
O000929,C00245,2024-02-20,S06,Completed
O000930,C00109,2024-03-19,S02,Completed
O000931,C00533,2025-11-28,S03,Completed
O000932,C01114,2024-06-22,S05,Completed
O000933,C00296,2025-09-09,S04,Completed
O000934,C00112,2025-05-15,S06,Completed
O000935,C00343,2025-07-28,S08,Completed
O000936,C00101,2024-03-16,S08,Cancelled
O000937,C00629,2024-11-11,S03,Completed
O000938,C00028,2025-01-07,S04,Completed
O000939,C00937,2024-03-21,S01,Completed
O000940,C00058,2025-10-01,S02,Completed
O000941,C00297,2025-11-25,S09,Completed
O000942,C00134,2025-11-27,S10,Completed
O000943,C00249,2024-03-11,S10,Returned
O000944,C01021,2025-10-27,S02,Completed
O000945,C00550,2025-10-13,S06,Cancelled
O000946,C00902,2024-03-11,S07,Returned
O000947,C01099,2024-02-15,S06,Completed
O000948,C00834,2024-02-16,S08,Completed
O000949,C01192,2025-08-13,S09,Completed
O000950,C00771,2025-02-25,S08,Completed
O000951,C00146,2024-05-28,S05,Completed
O000952,C00893,2024-05-09,S08,Completed
O000953,C00344,2025-03-31,S10,Completed
O000954,C01059,2025-09-30,S10,Completed
O000955,C00702,2025-09-22,S09,Completed
O000956,C00001,2025-05-19,S08,Completed
O000957,C00153,2024-08-31,S02,Completed
O000958,C00429,2025-04-18,S02,Completed
O000959,C00508,2025-01-16,S03,Returned
O000960,C01150,2024-04-12,S07,Completed
O000961,C00491,2025-05-03,S09,Completed
O000962,C00345,2024-02-06,S08,Completed
O000963,C00221,2025-10-15,S09,Completed
O000964,C00723,2025-07-02,S06,Completed
O000965,C01049,2025-06-03,S01,Completed
O000966,C00528,2024-11-28,S04,Completed
O000967,C00841,2025-01-31,S06,Completed
O000968,C01066,2024-10-22,S06,Returned
O000969,C00481,2024-04-16,S08,Completed
O000970,C00930,2025-06-13,S01,Completed
O000971,C00872,2024-03-23,S02,Completed
O000972,C00345,2024-10-14,S02,Returned
O000973,C00045,2025-12-06,S06,Completed
O000974,C00021,2025-04-05,S07,Completed
O000975,C01094,2024-08-02,S02,Completed
O000976,C00873,2024-10-07,S05,Completed
O000977,C00048,2025-04-03,S06,Completed
O000978,C00551,2024-12-09,S04,Completed
O000979,C00287,2024-07-12,S01,Completed
O000980,C01002,2024-06-06,S03,Cancelled
O000981,C01034,2025-04-09,S10,Completed
O000982,C00542,2024-04-13,S09,Completed
O000983,C00756,2024-02-03,S06,Completed
O000984,C00274,2024-04-11,S02,Completed
O000985,C00956,2025-09-30,S09,Completed
O000986,C00600,2025-12-26,S04,Completed
O000987,C00381,2024-11-20,S08,Completed
O000988,C00479,2025-11-21,S10,Completed
O000989,C00015,2025-08-14,S07,Completed
O000990,C00516,2024-05-20,S03,Completed
O000991,C00191,2025-04-18,S08,Completed
O000992,C01192,2024-01-31,S04,Completed
O000993,C00621,2024-03-03,S02,Completed
O000994,C01161,2025-07-13,S05,Completed
O000995,C00154,2024-03-27,S01,Completed
O000996,C00272,2024-10-30,S08,Completed
O000997,C00143,2024-03-01,S08,Completed
O000998,C01093,2025-01-30,S03,Completed
O000999,C00247,2024-11-29,S01,Completed
O001000,C00788,2025-02-14,S04,Completed
O001001,C00079,2024-10-10,S09,Completed
O001002,C00623,2025-04-10,S09,Completed
O001003,C00525,2024-03-20,S01,Completed
O001004,C00772,2025-11-22,S07,Completed
O001005,C00938,2024-03-17,S06,Completed
O001006,C01119,2025-06-23,S07,Cancelled
O001007,C00617,2024-12-26,S07,Completed
O001008,C01032,2024-03-17,S08,Completed
O001009,C00067,2025-05-23,S08,Completed
O001010,C00191,2024-06-12,S10,Completed
O001011,C00768,2024-01-09,S02,Cancelled
O001012,C00521,2024-06-23,S04,Completed
O001013,C00990,2025-04-06,S04,Completed
O001014,C01141,2024-11-02,S10,Completed
O001015,C00267,2025-08-10,S08,Completed
O001016,C00485,2024-09-01,S03,Completed
O001017,C01188,2024-05-01,S03,Completed
O001018,C00376,2024-07-03,S02,Completed
O001019,C00653,2024-02-01,S01,Completed
O001020,C00549,2025-07-22,S08,Completed
O001021,C01098,2024-11-05,S09,Completed
O001022,C00073,2025-01-06,S09,Completed
O001023,C00308,2025-10-17,S08,Returned
O001024,C00199,2025-08-18,S05,Completed
O001025,C01154,2024-02-25,S01,Completed
O001026,C00572,2024-09-29,S09,Completed
O001027,C00791,2025-04-08,S06,Completed
O001028,C01175,2025-11-08,S07,Completed
O001029,C00179,2025-03-31,S08,Completed
O001030,C00197,2025-10-31,S05,Completed
O001031,C00735,2024-09-05,S06,Completed
O001032,C00089,2025-11-28,S07,Completed
O001033,C00799,2024-03-18,S07,Completed
O001034,C00788,2025-06-17,S02,Returned
O001035,C00748,2024-04-17,S01,Completed
O001036,C00209,2024-09-29,S08,Completed
O001037,C00493,2024-01-15,S05,Completed
O001038,C01154,2025-01-04,S10,Completed
O001039,C00665,2024-10-30,S02,Completed
O001040,C01037,2025-11-02,S03,Completed
O001041,C00871,2024-07-23,S06,Completed
O001042,C00732,2024-04-22,S10,Completed
O001043,C01130,2025-11-10,S06,Completed
O001044,C00698,2024-09-09,S08,Completed
O001045,C01123,2025-03-16,S05,Completed
O001046,C00594,2024-07-04,S05,Completed
O001047,C00886,2024-08-14,S07,Completed
O001048,C00852,2025-06-11,S10,Completed
O001049,C00325,2025-10-29,S05,Completed
O001050,C00979,2024-12-19,S09,Completed
O001051,C00956,2025-09-14,S06,Completed
O001052,C00894,2024-01-01,S07,Completed
O001053,C00144,2025-07-06,S08,Completed
O001054,C00384,2025-07-13,S05,Completed
O001055,C00216,2025-02-23,S04,Completed
O001056,C00324,2025-09-11,S08,Completed
O001057,C01039,2024-06-09,S10,Completed
O001058,C00217,2024-06-09,S09,Completed
O001059,C00951,2024-05-07,S01,Completed
O001060,C00183,2025-12-22,S03,Completed
O001061,C00270,2024-05-30,S04,Completed
O001062,C00945,2025-03-19,S07,Completed
O001063,C00870,2025-04-15,S06,Completed
O001064,C00467,2025-04-07,S10,Completed
O001065,C00305,2025-12-30,S10,Completed
O001066,C01168,2024-01-30,S01,Cancelled
O001067,C00111,2025-04-17,S04,Completed
O001068,C01014,2025-07-10,S06,Completed
O001069,C00232,2024-03-20,S03,Completed
O001070,C00595,2024-02-08,S02,Completed
O001071,C00173,2024-08-27,S02,Completed
O001072,C00973,2025-07-10,S10,Returned
O001073,C01031,2025-08-12,S04,Completed
O001074,C01179,2024-12-02,S01,Completed
O001075,C00546,2024-10-06,S10,Cancelled
O001076,C00548,2024-04-25,S02,Completed
O001077,C00518,2024-09-25,S10,Completed
O001078,C00914,2024-11-30,S02,Completed
O001079,C00215,2024-11-07,S04,Completed
O001080,C00134,2024-02-22,S04,Completed
O001081,C00285,2024-03-08,S01,Cancelled
O001082,C01150,2025-11-24,S07,Completed
O001083,C00686,2024-02-03,S07,Completed
O001084,C01176,2025-01-20,S10,Completed
O001085,C00331,2024-09-05,S10,Completed
O001086,C01139,2024-04-20,S10,Completed
O001087,C00894,2024-04-03,S01,Completed
O001088,C00899,2025-02-13,S08,Completed
O001089,C01099,2024-06-27,S10,Completed
O001090,C01190,2024-02-16,S07,Completed
O001091,C00078,2025-08-26,S07,Completed
O001092,C00947,2025-01-10,S06,Completed
O001093,C00688,2025-12-24,S04,Completed
O001094,C00021,2025-08-09,S08,Completed
O001095,C00566,2024-07-20,S02,Completed
O001096,C00827,2025-03-20,S07,Completed
O001097,C00179,2024-10-23,S03,Completed
O001098,C01136,2024-11-03,S03,Completed
O001099,C01083,2025-12-23,S07,Completed
O001100,C00905,2025-05-07,S03,Completed
O001101,C00669,2024-12-03,S05,Completed
O001102,C00191,2025-10-07,S08,Completed
O001103,C00708,2024-03-06,S04,Completed
O001104,C01059,2025-02-25,S07,Completed
O001105,C00379,2025-06-23,S07,Completed
O001106,C00387,2025-09-20,S02,Completed
O001107,C00237,2025-05-07,S08,Completed
O001108,C00616,2024-11-12,S10,Completed
O001109,C00283,2025-09-17,S10,Completed
O001110,C00001,2024-03-15,S09,Completed
O001111,C00464,2025-12-14,S06,Completed
O001112,C00967,2024-02-28,S05,Completed
O001113,C00172,2025-01-20,S01,Completed
O001114,C01111,2024-01-15,S01,Completed
O001115,C01147,2024-08-18,S09,Cancelled
O001116,C00843,2025-09-08,S04,Completed
O001117,C00690,2025-11-07,S01,Cancelled
O001118,C00575,2024-07-17,S10,Completed
O001119,C00165,2024-12-19,S03,Completed
O001120,C00383,2024-02-04,S06,Completed
O001121,C00209,2024-06-10,S08,Completed
O001122,C00224,2025-04-15,S10,Completed
O001123,C00003,2025-06-14,S02,Completed
O001124,C00372,2025-02-26,S08,Completed
O001125,C00611,2024-12-13,S01,Completed
O001126,C00116,2025-11-24,S02,Completed
O001127,C00447,2024-05-26,S08,Cancelled
O001128,C00415,2025-01-08,S07,Completed
O001129,C01119,2025-11-18,S05,Completed
O001130,C00892,2025-11-05,S10,Completed
O001131,C01048,2025-02-19,S02,Completed
O001132,C00663,2025-11-17,S09,Completed
O001133,C01074,2025-05-08,S05,Completed
O001134,C00718,2025-07-12,S08,Completed
O001135,C01103,2024-09-12,S04,Completed
O001136,C01051,2025-11-16,S09,Completed
O001137,C00271,2024-04-12,S10,Completed
O001138,C00562,2024-04-30,S07,Returned
O001139,C00804,2025-02-22,S02,Returned
O001140,C00247,2024-12-15,S03,Completed
O001141,C00387,2025-10-18,S02,Completed
O001142,C00702,2024-02-11,S05,Completed
O001143,C00559,2025-01-01,S02,Completed
O001144,C00973,2024-01-29,S05,Completed
O001145,C00984,2024-01-14,S09,Completed
O001146,C00352,2025-04-29,S02,Completed
O001147,C00753,2024-07-07,S09,Completed
O001148,C00781,2024-10-21,S07,Completed
O001149,C01025,2024-07-01,S07,Completed
O001150,C00546,2025-07-01,S05,Completed
O001151,C00079,2024-02-06,S08,Completed
O001152,C00334,2024-01-14,S07,Completed
O001153,C00889,2025-09-26,S06,Completed
O001154,C01122,2025-08-17,S02,Completed
O001155,C01106,2024-06-07,S06,Completed
O001156,C00502,2025-05-08,S02,Completed
O001157,C00765,2024-11-24,S01,Completed
O001158,C00921,2025-09-05,S09,Completed
O001159,C00550,2024-03-23,S05,Completed
O001160,C00014,2025-07-09,S10,Completed
O001161,C00392,2025-08-02,S10,Completed
O001162,C00310,2025-07-13,S04,Completed
O001163,C00386,2025-07-22,S08,Cancelled
O001164,C00974,2025-08-09,S05,Completed
O001165,C01118,2024-01-22,S07,Completed
O001166,C01117,2024-05-11,S03,Completed
O001167,C00340,2025-04-09,S08,Completed
O001168,C00597,2025-03-31,S08,Completed
O001169,C00757,2024-10-28,S03,Completed
O001170,C01046,2024-09-23,S09,Completed
O001171,C00291,2025-01-29,S08,Completed
O001172,C00306,2024-04-29,S01,Completed
O001173,C00634,2024-09-02,S08,Completed
O001174,C01152,2025-07-21,S04,Completed
O001175,C00625,2024-02-07,S06,Completed
O001176,C00939,2024-09-01,S10,Completed
O001177,C00848,2024-01-21,S09,Completed
O001178,C00442,2024-04-19,S05,Cancelled
O001179,C00503,2025-08-28,S07,Completed
O001180,C00130,2025-01-28,S01,Completed
O001181,C01156,2025-02-13,S09,Completed
O001182,C00597,2025-10-09,S06,Completed
O001183,C00862,2024-01-08,S04,Completed
O001184,C00593,2025-03-19,S06,Completed
O001185,C00999,2024-11-23,S05,Completed
O001186,C00325,2024-10-16,S03,Completed
O001187,C01093,2025-05-25,S07,Returned
O001188,C00448,2024-12-26,S03,Completed
O001189,C00819,2025-08-21,S02,Completed
O001190,C01189,2025-12-16,S04,Completed
O001191,C00709,2024-08-06,S07,Completed
O001192,C00265,2025-02-09,S05,Completed
O001193,C00612,2025-09-12,S09,Completed
O001194,C00832,2024-08-07,S10,Completed
O001195,C00674,2025-08-17,S07,Completed
O001196,C00157,2024-04-16,S09,Completed
O001197,C00251,2025-08-03,S09,Cancelled
O001198,C00878,2025-08-31,S02,Completed
O001199,C00530,2025-12-24,S01,Cancelled
O001200,C00327,2024-10-12,S04,Returned
O001201,C00961,2024-01-08,S04,Completed
O001202,C00895,2024-07-07,S02,Completed
O001203,C00097,2024-03-21,S03,Completed
O001204,C00513,2024-04-17,S03,Completed
O001205,C00216,2024-11-16,S05,Completed
O001206,C01156,2025-08-01,S01,Completed
O001207,C00125,2025-11-16,S09,Completed
O001208,C01106,2024-12-11,S08,Completed
O001209,C00059,2024-11-23,S08,Completed
O001210,C00161,2025-07-08,S03,Completed
O001211,C00284,2025-11-29,S02,Completed
O001212,C00106,2024-10-28,S01,Completed
O001213,C01129,2024-07-18,S06,Completed
O001214,C00228,2025-02-22,S10,Completed
O001215,C00318,2024-02-08,S01,Completed
O001216,C00802,2024-11-02,S05,Returned
O001217,C00874,2024-01-04,S09,Completed
O001218,C00472,2025-09-24,S09,Completed
O001219,C01080,2024-03-17,S04,Completed
O001220,C00625,2025-04-12,S07,Completed
O001221,C00013,2024-06-27,S07,Completed
O001222,C01042,2025-10-06,S04,Completed
O001223,C00694,2024-10-02,S05,Completed
O001224,C00973,2024-05-31,S09,Completed
O001225,C00113,2024-06-12,S07,Completed
O001226,C00229,2024-10-16,S07,Completed
O001227,C00171,2025-01-12,S10,Completed
O001228,C00295,2025-09-12,S07,Completed
O001229,C00189,2025-09-29,S09,Completed
O001230,C00426,2024-11-05,S05,Completed
O001231,C00977,2025-01-23,S06,Completed
O001232,C01103,2025-10-19,S03,Completed
O001233,C00658,2024-07-01,S01,Completed
O001234,C00919,2024-11-01,S02,Completed
O001235,C00499,2024-03-12,S08,Completed
O001236,C00762,2024-08-06,S01,Returned
O001237,C00866,2025-12-19,S10,Completed
O001238,C00826,2024-06-21,S07,Completed
O001239,C00071,2025-10-14,S05,Completed
O001240,C00248,2024-09-28,S06,Completed
O001241,C00146,2025-12-26,S08,Completed
O001242,C00582,2025-04-12,S04,Completed
O001243,C00470,2024-09-25,S06,Completed
O001244,C00193,2024-01-20,S03,Completed
O001245,C01092,2025-07-31,S07,Completed
O001246,C00494,2025-05-17,S02,Returned
O001247,C00052,2024-05-26,S08,Completed
O001248,C00882,2025-03-04,S07,Completed
O001249,C00363,2024-06-13,S08,Completed
O001250,C00917,2024-11-05,S02,Completed
O001251,C00474,2025-06-01,S03,Completed
O001252,C00521,2024-01-14,S04,Completed
O001253,C00691,2024-05-11,S09,Completed
O001254,C01152,2025-03-14,S05,Completed
O001255,C00532,2025-11-04,S06,Completed
O001256,C00840,2024-09-19,S01,Completed
O001257,C01089,2025-10-04,S04,Completed
O001258,C00241,2024-08-12,S04,Completed
O001259,C00536,2024-09-14,S10,Cancelled
O001260,C00083,2024-08-21,S08,Completed
O001261,C00982,2024-12-01,S08,Completed
O001262,C00951,2025-02-12,S10,Completed
O001263,C00611,2024-01-24,S06,Completed
O001264,C00574,2024-09-27,S08,Completed
O001265,C00286,2024-04-04,S09,Completed
O001266,C00989,2024-05-21,S05,Completed
O001267,C00459,2025-11-24,S01,Completed
O001268,C00126,2025-12-18,S01,Completed
O001269,C00425,2024-03-21,S02,Completed
O001270,C00554,2024-09-30,S02,Completed
O001271,C00610,2024-10-02,S05,Completed
O001272,C01182,2025-04-09,S07,Completed
O001273,C00112,2024-07-26,S07,Completed
O001274,C00402,2024-10-22,S04,Cancelled
O001275,C00122,2024-02-08,S04,Completed
O001276,C00273,2024-10-14,S10,Completed
O001277,C00398,2024-05-03,S03,Completed
O001278,C00471,2024-10-09,S02,Completed
O001279,C00985,2024-06-28,S03,Completed
O001280,C01134,2024-04-06,S08,Cancelled
O001281,C00569,2024-07-09,S01,Completed
O001282,C01138,2024-03-14,S04,Completed
O001283,C00897,2025-03-22,S07,Completed
O001284,C00820,2025-05-11,S05,Completed
O001285,C00853,2025-07-14,S02,Completed
O001286,C00710,2025-04-28,S01,Completed
O001287,C00321,2025-12-22,S06,Completed
O001288,C00179,2024-04-25,S05,Completed
O001289,C00897,2025-06-18,S03,Completed
O001290,C00219,2024-04-07,S09,Returned
O001291,C00789,2024-11-23,S03,Completed
O001292,C00492,2025-02-10,S02,Completed
O001293,C00061,2024-11-08,S05,Completed
O001294,C01078,2025-12-02,S09,Completed
O001295,C00538,2025-11-24,S08,Completed
O001296,C00848,2024-05-27,S06,Completed
O001297,C00988,2024-12-07,S03,Completed
O001298,C00065,2025-05-09,S06,Cancelled
O001299,C00586,2024-01-23,S05,Completed
O001300,C00171,2024-04-14,S01,Completed
O001301,C00535,2025-11-05,S05,Completed
O001302,C00693,2025-08-01,S07,Completed
O001303,C00108,2025-07-11,S09,Completed
O001304,C01186,2025-08-15,S01,Completed
O001305,C00814,2025-10-20,S03,Completed
O001306,C01005,2024-08-09,S08,Completed
O001307,C00452,2024-01-15,S06,Completed
O001308,C00590,2025-09-24,S05,Completed
O001309,C01040,2024-03-18,S10,Completed
O001310,C00327,2024-11-17,S02,Cancelled
O001311,C00608,2024-08-28,S03,Completed
O001312,C00659,2024-01-18,S02,Completed
O001313,C00002,2025-03-29,S01,Completed
O001314,C01034,2025-03-18,S07,Completed
O001315,C00434,2024-10-03,S03,Completed
O001316,C00125,2025-02-27,S07,Completed
O001317,C01105,2025-04-20,S07,Completed
O001318,C00485,2024-01-27,S08,Completed
O001319,C00652,2025-05-28,S01,Completed
O001320,C01174,2025-04-08,S05,Completed
O001321,C00800,2024-12-28,S10,Completed
O001322,C00873,2025-01-17,S09,Completed
O001323,C00129,2025-06-08,S07,Completed
O001324,C00438,2025-01-16,S01,Completed
O001325,C00751,2024-07-02,S08,Completed
O001326,C00501,2024-07-12,S03,Completed
O001327,C01082,2025-04-06,S04,Completed
O001328,C00211,2024-02-25,S04,Completed
O001329,C00902,2024-08-17,S10,Completed
O001330,C00045,2025-05-03,S08,Cancelled
O001331,C01121,2024-01-28,S01,Completed
O001332,C00535,2025-08-05,S08,Completed
O001333,C00461,2025-12-22,S09,Completed
O001334,C00391,2024-07-02,S09,Completed
O001335,C01068,2025-02-28,S05,Completed
O001336,C00027,2025-01-09,S04,Returned
O001337,C00794,2024-02-10,S04,Completed
O001338,C01121,2025-04-28,S09,Completed
O001339,C00975,2024-09-16,S08,Completed
O001340,C00548,2025-03-16,S10,Completed
O001341,C00621,2024-03-24,S10,Completed
O001342,C00567,2024-02-15,S07,Completed
O001343,C00704,2025-03-15,S03,Completed
O001344,C00185,2025-11-01,S04,Completed
O001345,C01093,2025-06-02,S09,Completed
O001346,C01154,2025-03-13,S08,Completed
O001347,C00848,2024-05-15,S01,Completed
O001348,C00599,2024-07-01,S03,Completed
O001349,C00806,2025-12-09,S10,Completed
O001350,C01178,2024-06-20,S02,Completed
O001351,C00079,2025-08-12,S02,Completed
O001352,C00579,2025-11-20,S08,Completed
O001353,C00413,2025-06-22,S06,Completed
O001354,C00546,2024-04-29,S06,Completed
O001355,C00169,2024-10-07,S04,Completed
O001356,C00681,2024-11-03,S01,Returned
O001357,C00583,2025-12-08,S07,Returned
O001358,C00515,2024-10-03,S08,Completed
O001359,C00032,2025-06-13,S02,Completed
O001360,C00287,2024-10-21,S02,Completed
O001361,C00594,2024-02-22,S01,Completed
O001362,C01067,2025-03-07,S04,Completed
O001363,C00617,2024-02-21,S06,Completed
O001364,C01025,2025-12-28,S05,Completed
O001365,C00270,2024-03-12,S04,Cancelled
O001366,C00518,2024-01-28,S04,Completed
O001367,C01127,2025-04-13,S10,Completed
O001368,C01034,2025-06-30,S07,Completed
O001369,C00583,2025-02-04,S07,Completed
O001370,C01114,2024-07-19,S02,Completed
O001371,C00226,2025-09-02,S07,Cancelled
O001372,C00670,2025-04-10,S02,Completed
O001373,C00917,2025-10-13,S04,Completed
O001374,C00126,2025-08-17,S01,Completed
O001375,C00956,2025-07-13,S05,Completed
O001376,C01121,2025-01-13,S01,Completed
O001377,C00074,2024-06-25,S04,Returned
O001378,C00056,2024-02-21,S09,Completed
O001379,C00720,2024-03-19,S08,Completed
O001380,C00553,2025-01-19,S06,Returned
O001381,C00032,2025-07-29,S08,Completed
O001382,C00574,2024-01-08,S05,Completed
O001383,C00667,2024-08-01,S07,Cancelled
O001384,C00284,2024-01-25,S08,Completed
O001385,C00187,2025-03-25,S07,Completed
O001386,C00498,2025-04-01,S04,Completed
O001387,C00130,2025-04-05,S05,Completed
O001388,C00639,2024-07-16,S10,Completed
O001389,C00114,2024-04-03,S06,Completed
O001390,C00013,2025-12-19,S06,Completed
O001391,C00444,2025-03-12,S09,Completed
O001392,C00447,2025-06-10,S10,Completed
O001393,C00986,2025-11-20,S02,Completed
O001394,C00993,2025-01-12,S06,Completed
O001395,C00715,2025-08-09,S03,Completed
O001396,C00074,2024-04-13,S02,Completed
O001397,C00537,2025-11-10,S06,Completed
O001398,C00101,2025-09-18,S04,Completed
O001399,C00176,2024-02-08,S05,Completed
O001400,C00427,2025-04-02,S05,Completed
O001401,C01141,2024-12-29,S03,Completed
O001402,C01190,2024-05-14,S04,Completed
O001403,C00041,2025-01-08,S03,Cancelled
O001404,C00429,2024-08-19,S07,Completed
O001405,C00344,2024-02-08,S01,Cancelled
O001406,C00366,2024-02-16,S06,Completed
O001407,C01144,2024-02-05,S04,Completed
O001408,C00609,2024-04-04,S01,Completed
O001409,C00657,2024-12-26,S01,Completed
O001410,C00728,2025-06-08,S05,Completed
O001411,C00229,2024-05-25,S05,Completed
O001412,C00825,2025-01-02,S10,Completed
O001413,C01154,2024-03-05,S07,Completed
O001414,C00889,2024-08-15,S04,Completed
O001415,C00984,2025-06-03,S09,Completed
O001416,C00836,2025-07-08,S04,Completed
O001417,C00117,2024-06-29,S07,Completed
O001418,C00818,2025-05-15,S05,Completed
O001419,C00368,2025-08-19,S05,Cancelled
O001420,C01118,2024-06-03,S06,Completed
O001421,C00168,2025-06-18,S08,Completed
O001422,C00954,2025-09-18,S05,Completed
O001423,C00661,2025-03-10,S03,Cancelled
O001424,C00695,2024-04-08,S06,Completed
O001425,C00925,2025-09-07,S02,Completed
O001426,C00152,2025-01-06,S08,Completed
O001427,C00586,2025-07-16,S08,Completed
O001428,C00913,2024-12-27,S03,Completed
O001429,C00274,2024-04-21,S08,Completed
O001430,C00496,2025-03-28,S09,Completed
O001431,C00101,2024-06-17,S05,Completed
O001432,C00557,2025-08-06,S05,Completed
O001433,C01106,2024-05-18,S06,Completed
O001434,C00073,2024-08-18,S07,Cancelled
O001435,C01038,2024-08-26,S03,Completed
O001436,C00157,2024-09-09,S05,Completed
O001437,C00735,2025-03-11,S01,Completed
O001438,C00132,2025-07-14,S10,Completed
O001439,C01019,2025-02-25,S05,Completed
O001440,C00559,2024-10-29,S04,Completed
O001441,C00107,2024-03-12,S01,Cancelled
O001442,C00265,2024-09-19,S07,Completed
O001443,C01103,2024-08-09,S01,Completed
O001444,C00155,2024-03-17,S08,Completed
O001445,C00988,2024-03-02,S10,Completed
O001446,C00997,2025-04-15,S02,Completed
O001447,C00247,2024-06-05,S10,Cancelled
O001448,C00531,2024-05-04,S05,Completed
O001449,C00858,2024-06-09,S06,Completed
O001450,C00538,2025-06-24,S09,Completed
O001451,C00729,2025-09-17,S07,Completed
O001452,C01178,2025-08-13,S06,Completed
O001453,C00154,2025-06-18,S05,Completed
O001454,C00092,2024-04-15,S06,Completed
O001455,C00338,2024-05-10,S04,Completed
O001456,C01155,2024-12-22,S01,Completed
O001457,C00450,2025-11-15,S09,Completed
O001458,C00810,2024-01-02,S05,Completed
O001459,C00787,2024-08-20,S08,Completed
O001460,C00273,2025-01-03,S07,Completed
O001461,C00588,2024-09-07,S08,Completed
O001462,C00177,2024-04-17,S01,Completed
O001463,C00831,2024-10-02,S09,Completed
O001464,C00643,2024-06-28,S01,Completed
O001465,C01073,2025-12-25,S03,Completed
O001466,C00567,2024-10-19,S08,Cancelled
O001467,C00666,2025-08-06,S01,Completed
O001468,C00868,2024-06-23,S01,Returned
O001469,C01070,2024-05-02,S06,Completed
O001470,C00302,2024-08-14,S05,Completed
O001471,C00868,2025-03-19,S06,Completed
O001472,C00912,2025-03-03,S03,Completed
O001473,C00408,2024-03-23,S10,Completed
O001474,C00822,2025-10-19,S10,Completed
O001475,C01153,2025-09-23,S06,Completed
O001476,C00561,2024-03-05,S02,Completed
O001477,C01142,2024-10-07,S08,Completed
O001478,C00464,2025-01-25,S06,Completed
O001479,C00144,2025-03-03,S04,Completed
O001480,C00442,2025-09-09,S04,Completed
O001481,C01181,2024-04-16,S07,Returned
O001482,C00487,2025-07-01,S03,Completed
O001483,C00860,2025-10-20,S03,Completed
O001484,C01158,2024-09-18,S06,Completed
O001485,C00148,2024-06-07,S09,Completed
O001486,C01095,2024-09-21,S01,Completed
O001487,C00811,2025-04-12,S05,Completed
O001488,C00666,2024-07-20,S01,Completed
O001489,C00090,2024-06-03,S01,Completed
O001490,C00199,2024-01-13,S03,Completed
O001491,C01185,2024-10-23,S03,Completed
O001492,C00538,2025-05-12,S04,Completed
O001493,C01145,2025-08-19,S03,Completed
O001494,C00301,2024-09-01,S06,Completed
O001495,C00724,2024-10-26,S04,Completed
O001496,C00963,2024-12-27,S08,Completed
O001497,C00068,2024-12-19,S01,Completed
O001498,C00459,2025-06-04,S08,Completed
O001499,C00398,2025-01-20,S01,Completed
O001500,C00620,2024-11-07,S01,Completed
O001501,C01164,2025-02-17,S07,Completed
O001502,C00730,2024-10-04,S01,Completed
O001503,C00556,2025-12-15,S09,Completed
O001504,C00781,2025-08-15,S08,Completed
O001505,C00894,2024-12-21,S01,Completed
O001506,C00610,2025-06-08,S02,Completed
O001507,C00748,2024-01-16,S02,Returned
O001508,C00282,2024-02-14,S02,Completed
O001509,C00661,2024-11-16,S06,Completed
O001510,C00924,2025-10-12,S04,Completed
O001511,C00996,2024-11-21,S08,Completed
O001512,C00746,2024-05-27,S01,Returned
O001513,C00087,2024-12-20,S10,Completed
O001514,C01103,2024-08-23,S04,Completed
O001515,C00791,2025-12-03,S10,Completed
O001516,C00304,2025-09-04,S05,Completed
O001517,C00130,2024-04-14,S09,Completed
O001518,C00596,2025-04-18,S05,Completed
O001519,C00558,2025-01-30,S03,Completed
O001520,C00899,2025-03-21,S04,Completed
O001521,C00078,2025-08-28,S10,Completed
O001522,C00784,2024-08-07,S07,Completed
O001523,C00674,2025-03-17,S01,Completed
O001524,C00238,2025-10-06,S06,Completed
O001525,C01158,2025-10-28,S08,Completed
O001526,C00278,2024-01-28,S01,Completed
O001527,C01042,2025-04-19,S08,Completed
O001528,C00524,2025-09-19,S07,Completed
O001529,C00180,2024-10-31,S01,Returned
O001530,C00123,2025-02-08,S09,Completed
O001531,C01075,2025-05-27,S03,Completed
O001532,C01095,2025-05-16,S02,Completed
O001533,C00480,2024-12-13,S07,Completed
O001534,C01043,2024-08-27,S03,Cancelled
O001535,C00084,2025-07-23,S01,Returned
O001536,C01179,2025-11-25,S10,Completed
O001537,C00565,2024-12-02,S03,Completed
O001538,C00619,2024-01-26,S06,Completed
O001539,C00357,2025-02-12,S03,Completed
O001540,C00816,2024-03-17,S05,Completed
O001541,C00647,2024-08-04,S09,Completed
O001542,C00443,2024-11-23,S07,Completed
O001543,C01093,2024-01-23,S02,Returned
O001544,C00523,2025-10-31,S01,Returned
O001545,C00143,2025-12-18,S07,Cancelled
O001546,C00192,2024-11-05,S04,Completed
O001547,C00378,2025-08-21,S07,Completed
O001548,C00581,2024-09-23,S06,Completed
O001549,C00535,2025-02-18,S07,Completed
O001550,C01033,2025-10-07,S04,Completed
O001551,C00093,2024-09-23,S03,Completed
O001552,C00529,2024-11-28,S05,Completed
O001553,C01178,2025-03-25,S03,Completed
O001554,C00405,2025-07-18,S03,Completed
O001555,C00840,2025-09-02,S04,Completed
O001556,C01173,2024-09-03,S08,Completed
O001557,C00889,2024-02-05,S02,Completed
O001558,C00422,2025-02-04,S04,Completed
O001559,C00472,2024-01-28,S03,Returned
O001560,C00893,2024-08-07,S07,Completed
O001561,C00547,2025-02-09,S02,Completed
O001562,C00631,2025-09-05,S01,Completed
O001563,C01038,2024-09-27,S10,Completed
O001564,C00778,2025-10-12,S01,Completed
O001565,C00364,2025-05-25,S06,Cancelled
O001566,C00119,2024-10-12,S03,Cancelled
O001567,C00546,2025-03-29,S07,Completed
O001568,C01193,2024-11-12,S08,Completed
O001569,C00522,2025-08-12,S05,Completed
O001570,C00634,2024-10-23,S05,Completed
O001571,C00963,2024-12-03,S02,Completed
O001572,C00958,2024-11-02,S08,Completed
O001573,C00883,2025-03-03,S10,Completed
O001574,C00780,2024-12-16,S01,Completed
O001575,C00871,2025-05-25,S10,Completed
O001576,C00516,2025-06-08,S09,Completed
O001577,C00938,2025-05-06,S01,Completed
O001578,C00866,2025-08-16,S01,Completed
O001579,C00106,2024-01-09,S01,Completed
O001580,C01109,2025-05-11,S07,Completed
O001581,C00214,2025-12-25,S04,Completed
O001582,C01145,2025-07-13,S07,Completed
O001583,C01156,2025-07-14,S05,Completed
O001584,C00850,2025-03-15,S07,Completed
O001585,C00197,2025-07-05,S10,Completed
O001586,C00019,2024-04-17,S07,Completed
O001587,C00642,2024-09-01,S04,Completed
O001588,C01036,2024-09-11,S02,Completed
O001589,C01105,2024-02-02,S08,Completed
O001590,C00330,2024-01-23,S02,Completed
O001591,C00866,2025-07-19,S09,Cancelled
O001592,C00774,2024-02-18,S05,Completed
O001593,C00392,2025-04-06,S09,Completed
O001594,C00637,2025-08-12,S09,Completed
O001595,C00307,2024-12-01,S08,Completed
O001596,C00895,2024-12-23,S08,Completed
O001597,C00652,2024-05-01,S04,Completed
O001598,C00841,2025-03-19,S04,Completed
O001599,C01026,2024-12-24,S02,Completed
O001600,C00520,2025-08-24,S04,Completed
O001601,C00636,2024-12-11,S04,Completed
O001602,C00740,2024-07-11,S06,Completed
O001603,C00469,2025-02-19,S03,Completed
O001604,C00212,2025-01-11,S02,Completed
O001605,C01136,2025-04-07,S08,Completed
O001606,C01032,2025-10-22,S02,Completed
O001607,C00804,2024-05-25,S08,Completed
O001608,C00477,2025-04-22,S07,Completed
O001609,C00874,2025-10-14,S03,Completed
O001610,C00460,2025-02-11,S06,Completed
O001611,C00253,2024-10-12,S06,Completed
O001612,C00752,2024-04-20,S10,Completed
O001613,C00981,2025-09-11,S05,Completed
O001614,C00854,2024-02-19,S08,Completed
O001615,C00236,2024-01-14,S05,Returned
O001616,C00478,2024-05-13,S07,Returned
O001617,C00679,2025-08-10,S06,Completed
O001618,C01044,2025-08-18,S07,Completed
O001619,C00216,2024-12-08,S09,Returned
O001620,C00855,2025-10-31,S03,Completed
O001621,C00135,2024-10-12,S10,Completed
O001622,C00905,2024-11-09,S07,Completed
O001623,C01153,2025-08-28,S10,Completed
O001624,C00410,2024-10-23,S03,Completed
O001625,C00086,2025-08-28,S02,Completed
O001626,C00556,2025-07-22,S07,Completed
O001627,C00378,2024-06-12,S04,Completed
O001628,C01075,2025-05-11,S01,Completed
O001629,C00242,2025-09-01,S06,Cancelled
O001630,C00920,2024-01-16,S06,Completed
O001631,C00266,2024-12-09,S06,Completed
O001632,C01144,2024-03-18,S02,Completed
O001633,C00712,2024-12-11,S01,Completed
O001634,C00070,2024-03-12,S03,Returned
O001635,C00057,2024-09-26,S02,Completed
O001636,C00039,2024-10-13,S06,Completed
O001637,C00801,2024-03-06,S06,Completed
O001638,C01042,2024-03-08,S05,Completed
O001639,C00732,2024-07-11,S10,Completed
O001640,C00825,2024-02-24,S10,Completed
O001641,C00756,2025-01-13,S05,Completed
O001642,C00352,2024-06-16,S09,Completed
O001643,C00283,2025-02-12,S05,Cancelled
O001644,C00110,2025-05-22,S10,Cancelled
O001645,C01017,2025-06-20,S06,Cancelled
O001646,C00544,2025-10-04,S04,Cancelled
O001647,C00025,2024-04-11,S10,Completed
O001648,C00843,2025-02-25,S01,Completed
O001649,C00791,2025-04-22,S04,Completed
O001650,C00738,2024-04-29,S02,Completed
O001651,C00057,2024-10-17,S10,Completed
O001652,C00180,2025-05-02,S03,Completed
O001653,C00232,2024-06-09,S07,Returned
O001654,C00343,2025-11-03,S07,Completed
O001655,C00477,2024-03-18,S01,Completed
O001656,C00576,2024-02-07,S08,Completed
O001657,C00455,2025-01-28,S07,Completed
O001658,C00289,2025-03-16,S01,Completed
O001659,C00258,2025-06-23,S08,Completed
O001660,C00530,2025-04-06,S02,Completed
O001661,C00687,2025-09-03,S08,Completed
O001662,C00929,2024-10-20,S03,Completed
O001663,C00229,2025-02-03,S10,Completed
O001664,C00596,2025-09-27,S07,Completed
O001665,C00435,2024-04-01,S06,Completed
O001666,C00882,2025-08-31,S05,Completed
O001667,C01021,2024-01-06,S10,Completed
O001668,C00402,2025-11-11,S02,Completed
O001669,C00622,2024-09-27,S02,Completed
O001670,C00088,2025-09-11,S01,Completed
O001671,C00584,2025-07-12,S09,Completed
O001672,C00309,2024-04-08,S08,Completed
O001673,C00906,2025-06-09,S08,Completed
O001674,C00343,2024-07-12,S01,Completed
O001675,C00436,2024-06-05,S05,Completed
O001676,C00177,2025-10-27,S06,Completed
O001677,C00139,2024-04-24,S02,Completed
O001678,C00194,2025-01-30,S10,Completed
O001679,C01188,2025-10-18,S05,Completed
O001680,C01185,2025-06-05,S06,Completed
O001681,C00943,2024-08-01,S09,Returned
O001682,C00525,2025-11-13,S10,Completed
O001683,C01066,2025-06-16,S01,Completed
O001684,C00915,2024-01-15,S10,Completed
O001685,C00210,2025-02-22,S03,Completed
O001686,C00741,2025-01-02,S09,Completed
O001687,C00862,2025-09-29,S01,Completed
O001688,C00954,2024-07-31,S01,Completed
O001689,C00833,2025-11-30,S01,Completed
O001690,C00140,2025-11-14,S07,Completed
O001691,C00792,2024-01-05,S05,Completed
O001692,C00546,2024-08-18,S06,Completed
O001693,C01017,2024-07-19,S08,Completed
O001694,C00057,2025-02-05,S02,Completed
O001695,C00112,2024-05-28,S02,Completed
O001696,C00005,2025-08-06,S03,Completed
O001697,C01037,2025-05-06,S03,Completed
O001698,C00090,2024-08-13,S03,Completed
O001699,C00616,2025-08-08,S04,Completed
O001700,C00891,2024-06-17,S03,Completed
O001701,C00698,2024-05-31,S02,Completed
O001702,C00898,2024-08-11,S09,Completed
O001703,C00971,2025-05-18,S06,Completed
O001704,C01132,2025-07-03,S03,Completed
O001705,C00668,2024-02-13,S09,Completed
O001706,C00594,2025-11-27,S04,Completed
O001707,C00589,2025-05-18,S04,Completed
O001708,C00485,2024-08-28,S08,Cancelled
O001709,C00982,2024-12-16,S07,Completed
O001710,C00972,2025-12-22,S07,Returned
O001711,C00639,2024-01-23,S10,Completed
O001712,C00997,2025-09-27,S07,Completed
O001713,C00282,2025-08-20,S10,Completed
O001714,C00986,2024-02-12,S05,Completed
O001715,C01112,2025-04-10,S07,Returned
O001716,C00016,2024-02-09,S04,Completed
O001717,C01175,2024-10-29,S08,Completed
O001718,C00936,2025-11-11,S09,Completed
O001719,C00254,2024-06-23,S03,Completed
O001720,C00329,2025-06-15,S07,Cancelled
O001721,C00544,2025-04-05,S10,Completed
O001722,C00783,2025-09-12,S09,Returned
O001723,C00997,2024-07-11,S01,Completed
O001724,C00845,2024-08-31,S02,Completed
O001725,C01193,2024-10-06,S07,Completed
O001726,C00366,2024-02-05,S02,Cancelled
O001727,C00655,2025-07-10,S07,Completed
O001728,C00760,2025-06-23,S01,Completed
O001729,C00639,2024-06-02,S03,Completed
O001730,C01064,2024-01-23,S05,Completed
O001731,C00924,2025-12-19,S06,Completed
O001732,C00416,2024-03-31,S09,Completed
O001733,C00255,2025-01-24,S09,Completed
O001734,C01167,2024-12-24,S03,Completed
O001735,C00710,2025-07-03,S08,Completed
O001736,C00577,2024-08-15,S04,Completed
O001737,C00900,2024-07-20,S07,Completed
O001738,C00011,2024-12-15,S06,Completed
O001739,C00026,2024-02-07,S08,Returned
O001740,C00957,2025-05-14,S06,Completed
O001741,C00421,2025-11-29,S04,Completed
O001742,C00496,2024-02-12,S02,Completed
O001743,C00237,2025-09-17,S07,Completed
O001744,C01009,2025-05-31,S04,Completed
O001745,C00219,2024-03-08,S09,Returned
O001746,C00461,2024-05-02,S09,Completed
O001747,C00663,2025-11-15,S07,Returned
O001748,C00635,2024-12-01,S05,Completed
O001749,C01168,2024-06-01,S03,Completed
O001750,C00990,2025-10-30,S03,Completed
O001751,C00189,2024-06-10,S09,Completed
O001752,C00255,2024-08-01,S09,Completed
O001753,C00068,2025-01-10,S04,Completed
O001754,C00616,2025-03-18,S01,Completed
O001755,C00336,2025-02-26,S10,Completed
O001756,C00671,2025-06-21,S05,Completed
O001757,C00821,2025-12-01,S08,Completed
O001758,C00874,2025-09-25,S10,Completed
O001759,C00300,2024-08-17,S04,Completed
O001760,C00357,2024-02-28,S10,Returned
O001761,C00256,2024-04-05,S10,Completed
O001762,C01008,2024-09-18,S04,Returned
O001763,C00353,2024-12-19,S09,Completed
O001764,C00524,2024-11-07,S09,Completed
O001765,C00950,2024-05-15,S07,Completed
O001766,C00756,2025-04-17,S10,Completed
O001767,C00284,2025-09-23,S08,Completed
O001768,C00099,2025-03-05,S04,Completed
O001769,C00197,2025-06-20,S08,Completed
O001770,C00482,2024-05-25,S06,Completed
O001771,C00878,2025-06-07,S03,Completed
O001772,C00615,2024-03-27,S07,Completed
O001773,C00618,2024-04-18,S03,Completed
O001774,C00368,2025-02-26,S07,Cancelled
O001775,C00570,2024-12-10,S05,Completed
O001776,C00590,2024-09-22,S04,Completed
O001777,C01099,2025-08-08,S03,Completed
O001778,C01066,2025-05-08,S08,Completed
O001779,C00422,2024-11-28,S04,Completed
O001780,C00836,2025-02-16,S08,Completed
O001781,C00545,2025-09-05,S10,Completed
O001782,C00071,2025-10-10,S03,Completed
O001783,C01129,2024-07-09,S10,Cancelled
O001784,C01125,2024-05-21,S09,Completed
O001785,C00768,2024-03-13,S06,Completed
O001786,C00307,2024-06-15,S05,Completed
O001787,C00377,2024-06-16,S05,Completed
O001788,C00655,2025-07-19,S03,Completed
O001789,C00678,2024-09-15,S02,Completed
O001790,C00399,2025-03-14,S06,Completed
O001791,C00221,2024-04-20,S01,Completed
O001792,C00182,2025-11-03,S07,Returned
O001793,C00307,2025-06-14,S05,Completed
O001794,C00522,2024-10-16,S04,Completed
O001795,C01014,2025-07-15,S09,Completed
O001796,C00004,2025-05-24,S10,Cancelled
O001797,C00863,2024-06-23,S01,Completed
O001798,C00848,2024-10-28,S04,Completed
O001799,C00804,2025-11-26,S03,Completed
O001800,C00215,2024-07-03,S06,Completed
O001801,C00972,2024-12-04,S05,Completed
O001802,C00101,2025-05-24,S07,Completed
O001803,C00963,2024-11-05,S01,Completed
O001804,C00573,2025-05-21,S05,Completed
O001805,C00658,2024-12-11,S02,Completed
O001806,C00939,2024-03-21,S02,Completed
O001807,C01087,2025-01-08,S02,Completed
O001808,C00226,2024-06-04,S09,Completed
O001809,C00105,2025-03-07,S10,Completed
O001810,C00772,2025-05-14,S03,Completed
O001811,C00429,2024-05-26,S04,Completed
O001812,C00434,2025-04-25,S05,Completed
O001813,C01052,2025-03-10,S04,Cancelled
O001814,C00682,2025-06-02,S04,Completed
O001815,C00588,2025-10-30,S05,Completed
O001816,C01093,2025-11-13,S10,Completed
O001817,C00866,2024-03-09,S09,Completed
O001818,C00746,2025-08-28,S09,Completed
O001819,C01191,2024-07-04,S06,Completed
O001820,C00864,2025-11-12,S03,Completed
O001821,C00368,2024-07-22,S06,Completed
O001822,C00251,2025-07-07,S10,Completed
O001823,C00859,2024-01-13,S04,Cancelled
O001824,C00856,2025-10-27,S03,Completed
O001825,C01194,2024-09-30,S06,Completed
O001826,C01114,2024-10-24,S06,Completed
O001827,C00561,2024-02-20,S02,Completed
O001828,C00294,2025-05-14,S09,Completed
O001829,C00919,2025-01-03,S08,Completed
O001830,C01174,2025-12-24,S06,Completed
O001831,C01156,2025-10-17,S01,Completed
O001832,C00433,2024-12-22,S02,Completed
O001833,C00059,2024-01-03,S04,Completed
O001834,C00969,2024-09-10,S07,Completed
O001835,C00836,2025-04-19,S09,Completed
O001836,C00199,2025-05-20,S10,Completed
O001837,C00215,2024-09-12,S05,Cancelled
O001838,C00898,2025-09-01,S10,Completed
O001839,C00472,2025-11-15,S02,Completed
O001840,C00247,2024-05-29,S01,Completed
O001841,C00382,2025-05-02,S10,Completed
O001842,C00991,2024-10-05,S01,Completed
O001843,C00927,2024-02-28,S05,Returned
O001844,C01192,2025-03-21,S07,Completed
O001845,C00560,2024-04-22,S09,Completed
O001846,C01075,2025-07-22,S09,Returned
O001847,C00689,2025-05-03,S08,Completed
O001848,C00380,2025-02-10,S01,Completed
O001849,C00474,2025-01-01,S05,Returned
O001850,C01104,2024-02-29,S06,Completed
O001851,C00697,2024-11-24,S06,Completed
O001852,C00911,2025-12-28,S04,Completed
O001853,C00960,2025-04-13,S01,Completed
O001854,C00478,2025-07-20,S03,Completed
O001855,C01004,2025-12-20,S10,Completed
O001856,C00926,2024-03-03,S04,Completed
O001857,C00707,2024-07-02,S04,Completed
O001858,C00854,2024-11-06,S04,Completed
O001859,C01138,2025-06-21,S05,Completed
O001860,C01017,2024-06-25,S09,Returned
O001861,C00754,2025-07-28,S04,Returned
O001862,C00503,2025-03-04,S09,Cancelled
O001863,C00817,2024-03-13,S09,Completed
O001864,C00588,2024-06-15,S01,Completed
O001865,C00708,2024-08-12,S05,Completed
O001866,C01068,2025-07-30,S09,Completed
O001867,C01108,2025-08-03,S04,Completed
O001868,C00207,2024-01-09,S05,Completed
O001869,C00151,2024-08-23,S04,Completed
O001870,C00668,2025-12-10,S02,Returned
O001871,C00528,2025-11-15,S10,Cancelled
O001872,C00165,2024-01-28,S02,Completed
O001873,C00917,2025-10-07,S02,Completed
O001874,C01169,2024-01-27,S01,Completed
O001875,C01010,2025-07-03,S03,Completed
O001876,C00037,2024-07-14,S10,Completed
O001877,C00333,2024-07-21,S01,Completed
O001878,C00403,2024-03-25,S04,Completed
O001879,C00414,2024-01-30,S01,Completed
O001880,C00045,2025-04-10,S04,Returned
O001881,C00206,2024-04-08,S03,Completed
O001882,C00062,2024-07-08,S09,Completed
O001883,C00420,2024-01-12,S01,Completed
O001884,C00868,2025-08-25,S08,Completed
O001885,C00820,2024-01-30,S09,Completed
O001886,C00019,2025-12-25,S07,Completed
O001887,C00365,2024-02-07,S01,Completed
O001888,C01031,2025-07-25,S04,Completed
O001889,C00428,2024-10-20,S10,Completed
O001890,C01141,2024-12-25,S01,Completed
O001891,C00580,2025-10-16,S04,Completed
O001892,C00546,2024-06-28,S03,Completed
O001893,C00325,2024-04-21,S02,Cancelled
O001894,C00055,2025-03-19,S01,Completed
O001895,C00778,2024-01-21,S06,Cancelled
O001896,C00992,2024-05-24,S07,Completed
O001897,C00042,2025-05-13,S06,Completed
O001898,C00231,2024-05-25,S09,Completed
O001899,C00453,2025-03-16,S09,Completed
O001900,C00394,2025-02-24,S02,Completed
O001901,C01152,2024-11-11,S02,Completed
O001902,C00691,2024-06-14,S09,Completed
O001903,C00392,2025-10-13,S01,Cancelled
O001904,C00604,2024-07-21,S05,Completed
O001905,C00881,2025-05-10,S01,Completed
O001906,C01102,2025-09-16,S07,Completed
O001907,C00085,2025-04-12,S09,Completed
O001908,C01054,2025-12-13,S06,Completed
O001909,C00049,2025-01-19,S02,Completed
O001910,C01169,2024-11-09,S06,Cancelled
O001911,C00069,2024-09-11,S09,Completed
O001912,C01082,2024-01-23,S03,Completed
O001913,C00697,2024-12-04,S09,Completed
O001914,C00479,2025-05-07,S08,Completed
O001915,C00820,2025-05-25,S07,Completed
O001916,C01195,2024-12-31,S08,Completed
O001917,C00147,2025-01-06,S10,Completed
O001918,C01016,2025-08-21,S06,Completed
O001919,C00609,2024-08-06,S03,Completed
O001920,C00446,2025-04-19,S07,Completed
O001921,C00221,2025-02-26,S04,Completed
O001922,C00095,2024-12-21,S10,Cancelled
O001923,C00262,2025-04-04,S05,Completed
O001924,C00897,2025-05-17,S08,Completed
O001925,C01095,2024-01-27,S07,Completed
O001926,C00219,2024-08-10,S07,Completed
O001927,C00092,2025-11-20,S08,Completed
O001928,C00127,2024-05-27,S10,Returned
O001929,C00080,2025-02-27,S03,Completed
O001930,C00983,2024-12-16,S03,Completed
O001931,C00916,2024-07-04,S02,Completed
O001932,C00486,2025-02-18,S01,Completed
O001933,C00694,2025-03-04,S10,Completed
O001934,C00025,2024-02-10,S06,Completed
O001935,C00156,2025-01-27,S06,Completed
O001936,C00632,2025-12-03,S10,Completed
O001937,C01081,2024-03-19,S08,Cancelled
O001938,C00019,2025-12-17,S06,Completed
O001939,C00237,2025-06-27,S06,Completed
O001940,C00277,2025-03-25,S01,Completed
O001941,C00745,2025-04-18,S07,Cancelled
O001942,C00552,2024-05-21,S07,Completed
O001943,C01177,2024-09-07,S10,Completed
O001944,C00639,2024-10-20,S09,Completed
O001945,C00237,2025-09-01,S07,Completed
O001946,C00998,2024-05-15,S08,Completed
O001947,C00055,2025-04-28,S04,Completed
O001948,C00684,2024-11-07,S09,Completed
O001949,C00109,2025-07-08,S01,Completed
O001950,C00373,2025-09-23,S08,Completed
O001951,C00973,2024-02-15,S03,Completed
O001952,C00201,2024-08-23,S01,Completed
O001953,C00849,2024-02-17,S02,Completed
O001954,C00509,2024-07-16,S06,Completed
O001955,C00275,2024-03-24,S05,Completed
O001956,C00211,2025-06-26,S03,Completed
O001957,C00504,2024-06-09,S09,Completed
O001958,C01142,2025-03-03,S08,Completed
O001959,C00703,2024-03-11,S03,Completed
O001960,C00042,2025-06-03,S02,Completed
O001961,C00315,2024-02-21,S08,Completed
O001962,C00788,2024-02-14,S05,Completed
O001963,C00329,2024-10-19,S09,Returned
O001964,C01041,2025-04-09,S01,Completed
O001965,C00283,2025-07-03,S10,Completed
O001966,C00943,2025-01-14,S03,Completed
O001967,C00258,2025-04-22,S05,Returned
O001968,C00575,2024-09-18,S02,Returned
O001969,C00574,2025-08-02,S03,Completed
O001970,C00612,2024-06-27,S04,Completed
O001971,C01043,2024-12-22,S04,Completed
O001972,C00837,2025-02-22,S09,Returned
O001973,C00423,2025-11-28,S01,Completed
O001974,C00758,2024-07-19,S09,Cancelled
O001975,C00763,2024-01-13,S09,Completed
O001976,C01105,2025-03-18,S06,Completed
O001977,C00424,2025-12-26,S01,Completed
O001978,C00429,2024-10-12,S06,Completed
O001979,C00204,2024-09-14,S08,Cancelled
O001980,C00196,2025-07-23,S05,Completed
O001981,C00728,2025-07-01,S05,Cancelled
O001982,C00285,2025-05-04,S01,Completed
O001983,C00196,2025-05-12,S01,Completed
O001984,C00307,2025-12-05,S08,Completed
O001985,C00014,2024-11-28,S05,Completed
O001986,C01170,2025-07-15,S08,Completed
O001987,C01081,2024-02-01,S10,Returned
O001988,C00723,2025-09-01,S02,Completed
O001989,C00780,2024-02-12,S04,Completed
O001990,C00529,2024-12-16,S10,Cancelled
O001991,C00798,2024-11-29,S09,Completed
O001992,C00344,2025-07-12,S03,Completed
O001993,C00209,2024-09-26,S06,Completed
O001994,C00641,2025-02-16,S07,Completed
O001995,C00252,2025-07-28,S03,Completed
O001996,C00271,2024-01-19,S01,Completed
O001997,C00920,2024-12-12,S02,Cancelled
O001998,C00419,2025-09-04,S10,Completed
O001999,C00795,2024-02-06,S07,Completed
O002000,C01100,2025-09-10,S07,Completed
O002001,C00725,2024-04-01,S01,Cancelled
O002002,C00433,2024-07-03,S10,Completed
O002003,C00109,2025-12-28,S07,Completed
O002004,C00641,2024-01-28,S10,Completed
O002005,C01071,2025-07-01,S06,Completed
O002006,C00379,2025-01-06,S06,Completed
O002007,C01120,2025-06-13,S07,Completed
O002008,C00958,2024-12-10,S07,Completed
O002009,C00103,2025-02-22,S01,Completed
O002010,C00892,2024-07-14,S10,Completed
O002011,C00854,2024-03-18,S05,Completed
O002012,C01170,2024-06-15,S08,Completed
O002013,C01051,2024-03-30,S08,Completed
O002014,C00530,2024-09-20,S03,Completed
O002015,C00679,2025-04-16,S03,Completed
O002016,C00989,2024-07-26,S07,Completed
O002017,C01106,2025-12-24,S04,Completed
O002018,C00428,2024-09-27,S06,Completed
O002019,C00822,2024-09-19,S09,Completed
O002020,C01186,2025-05-20,S10,Completed
O002021,C00932,2025-05-26,S02,Completed
O002022,C01062,2025-12-26,S02,Completed
O002023,C00511,2025-07-29,S06,Cancelled
O002024,C00393,2025-06-07,S03,Completed
O002025,C00713,2025-12-22,S01,Completed
O002026,C00494,2024-11-07,S02,Completed
O002027,C00547,2024-06-22,S07,Completed
O002028,C00594,2025-03-06,S04,Completed
O002029,C00389,2025-04-07,S02,Completed
O002030,C00158,2024-04-10,S08,Completed
O002031,C01028,2024-01-16,S04,Completed
O002032,C00167,2025-12-09,S04,Completed
O002033,C00960,2024-09-14,S02,Completed
O002034,C00409,2024-08-31,S01,Completed
O002035,C00194,2024-12-13,S01,Completed
O002036,C00235,2024-09-05,S03,Cancelled
O002037,C00718,2024-04-14,S06,Completed
O002038,C01174,2025-11-24,S07,Completed
O002039,C01183,2025-10-28,S09,Completed
O002040,C00816,2024-10-13,S05,Completed
O002041,C00404,2024-06-17,S09,Completed
O002042,C00893,2025-02-23,S08,Completed
O002043,C00678,2024-02-16,S01,Completed
O002044,C00068,2024-02-12,S03,Completed
O002045,C00088,2024-11-16,S08,Completed
O002046,C00217,2024-08-08,S09,Completed
O002047,C00001,2025-05-27,S04,Completed
O002048,C01159,2025-12-12,S06,Completed
O002049,C00140,2025-03-16,S04,Completed
O002050,C00618,2024-05-23,S09,Completed
O002051,C00133,2024-01-28,S02,Completed
O002052,C00178,2025-07-06,S06,Completed
O002053,C00810,2025-10-20,S03,Completed
O002054,C00380,2025-11-20,S10,Completed
O002055,C00908,2024-06-15,S04,Completed
O002056,C00658,2025-09-26,S02,Completed
O002057,C00450,2025-08-08,S08,Completed
O002058,C00586,2024-09-05,S10,Completed
O002059,C00463,2024-12-22,S08,Returned
O002060,C00990,2024-04-20,S01,Returned
O002061,C01132,2025-11-22,S10,Completed
O002062,C00122,2025-11-30,S06,Completed
O002063,C00017,2025-12-19,S01,Completed
O002064,C00327,2024-08-21,S06,Completed
O002065,C00318,2024-01-24,S07,Returned
O002066,C00809,2024-01-26,S02,Completed
O002067,C00503,2025-01-15,S09,Completed
O002068,C00119,2025-12-30,S08,Completed
O002069,C00710,2024-12-11,S09,Completed
O002070,C00045,2025-01-12,S10,Completed
O002071,C00314,2025-06-05,S04,Completed
O002072,C00418,2024-01-17,S04,Completed
O002073,C00556,2024-09-01,S08,Returned
O002074,C01102,2025-12-18,S01,Completed
O002075,C00326,2025-09-15,S08,Completed
O002076,C00515,2025-12-17,S07,Completed
O002077,C00214,2025-06-22,S07,Completed
O002078,C00074,2025-08-05,S09,Completed
O002079,C00509,2025-11-18,S10,Completed
O002080,C00332,2024-07-20,S07,Completed
O002081,C01117,2024-09-04,S02,Completed
O002082,C00688,2024-04-27,S01,Completed
O002083,C00657,2024-01-09,S01,Completed
O002084,C01028,2025-08-20,S07,Completed
O002085,C01162,2024-01-23,S05,Completed
O002086,C00600,2024-08-27,S04,Completed
O002087,C01076,2025-08-07,S05,Completed
O002088,C00325,2024-01-27,S10,Completed
O002089,C00992,2024-03-21,S10,Completed
O002090,C00717,2025-08-18,S06,Completed
O002091,C00723,2024-07-17,S10,Completed
O002092,C00277,2025-07-08,S06,Completed
O002093,C00536,2024-04-01,S01,Completed
O002094,C00152,2024-03-24,S02,Completed
O002095,C00955,2024-10-26,S03,Completed
O002096,C00259,2024-10-22,S04,Completed
O002097,C00324,2025-10-08,S06,Cancelled
O002098,C01017,2025-03-29,S09,Completed
O002099,C00869,2024-10-07,S02,Completed
O002100,C01192,2024-02-28,S08,Cancelled
O002101,C00688,2024-12-07,S09,Completed
O002102,C00310,2025-04-09,S02,Completed
O002103,C00803,2024-12-07,S09,Returned
O002104,C01080,2025-09-01,S07,Completed
O002105,C00620,2024-03-02,S09,Completed
O002106,C00473,2025-09-16,S06,Completed
O002107,C00461,2025-03-04,S02,Completed
O002108,C00814,2025-10-19,S08,Completed
O002109,C00846,2025-12-28,S10,Completed
O002110,C01165,2024-09-12,S09,Completed
O002111,C00667,2025-12-06,S08,Cancelled
O002112,C00262,2024-12-12,S02,Completed
O002113,C00355,2025-06-09,S08,Completed
O002114,C00770,2024-10-30,S03,Completed
O002115,C00180,2025-09-06,S03,Completed
O002116,C00066,2024-09-01,S09,Completed
O002117,C00820,2025-02-15,S09,Completed
O002118,C00171,2024-08-04,S09,Completed
O002119,C00474,2025-05-30,S04,Completed
O002120,C00534,2025-04-18,S07,Completed
O002121,C01131,2024-02-05,S08,Completed
O002122,C00439,2024-06-26,S05,Completed
O002123,C00835,2025-01-21,S01,Completed
O002124,C00227,2024-01-17,S09,Completed
O002125,C00442,2025-12-11,S06,Completed
O002126,C00396,2024-02-17,S03,Completed
O002127,C00728,2024-03-02,S03,Cancelled
O002128,C00084,2024-03-09,S10,Completed
O002129,C01037,2025-10-20,S01,Completed
O002130,C00693,2024-12-31,S08,Completed
O002131,C00493,2024-06-10,S02,Completed
O002132,C01144,2025-05-02,S01,Completed
O002133,C00970,2025-03-06,S07,Completed
O002134,C00353,2025-05-03,S09,Completed
O002135,C01081,2024-08-17,S06,Completed
O002136,C00040,2025-01-04,S08,Completed
O002137,C00640,2024-06-26,S08,Completed
O002138,C00173,2025-02-13,S09,Completed
O002139,C00259,2025-07-21,S07,Completed
O002140,C00517,2025-08-12,S09,Completed
O002141,C00730,2024-09-26,S09,Completed
O002142,C00523,2024-07-24,S01,Completed
O002143,C00839,2024-03-22,S06,Completed
O002144,C00117,2024-07-11,S08,Completed
O002145,C00184,2025-09-09,S10,Completed
O002146,C01140,2024-07-07,S09,Completed
O002147,C00162,2024-10-02,S04,Cancelled
O002148,C00543,2024-03-14,S02,Completed
O002149,C00839,2024-01-10,S09,Completed
O002150,C01090,2025-09-26,S09,Completed
O002151,C01094,2024-08-03,S08,Completed
O002152,C00447,2024-10-16,S03,Completed
O002153,C00416,2025-03-20,S05,Returned
O002154,C00532,2025-07-05,S02,Completed
O002155,C00441,2024-07-11,S03,Completed
O002156,C00738,2025-09-30,S01,Completed
O002157,C00464,2024-10-15,S04,Completed
O002158,C00396,2025-08-05,S05,Completed
O002159,C00711,2025-10-10,S02,Completed
O002160,C00395,2024-05-23,S03,Completed
O002161,C00326,2025-01-23,S06,Completed
O002162,C01115,2025-02-10,S06,Completed
O002163,C00750,2025-01-04,S07,Completed
O002164,C01094,2025-03-16,S09,Completed
O002165,C01190,2025-10-12,S04,Returned
O002166,C00642,2025-07-17,S05,Completed
O002167,C00214,2025-06-12,S02,Completed
O002168,C00369,2025-11-07,S06,Cancelled
O002169,C00049,2024-01-13,S04,Completed
O002170,C01076,2025-12-02,S05,Completed
O002171,C00133,2024-12-05,S07,Completed
O002172,C00999,2024-11-07,S06,Completed
O002173,C00786,2024-04-13,S08,Completed
O002174,C01190,2024-12-04,S06,Completed
O002175,C00373,2024-07-16,S10,Returned
O002176,C00479,2024-10-26,S08,Completed
O002177,C00832,2025-03-19,S04,Completed
O002178,C00650,2024-12-24,S07,Completed
O002179,C00682,2025-01-02,S03,Completed
O002180,C00688,2024-06-17,S01,Completed
O002181,C00082,2024-05-28,S09,Completed
O002182,C00087,2024-02-11,S09,Completed
O002183,C00225,2024-07-20,S06,Completed
O002184,C00016,2024-08-31,S02,Completed
O002185,C00822,2025-10-30,S08,Completed
O002186,C00163,2025-04-08,S10,Completed
O002187,C00514,2025-03-24,S06,Cancelled
O002188,C00350,2025-03-12,S07,Completed
O002189,C00681,2025-06-14,S01,Completed
O002190,C01116,2025-07-18,S03,Completed
O002191,C00181,2025-08-19,S01,Returned
O002192,C00743,2024-09-29,S10,Completed
O002193,C00660,2025-03-05,S01,Completed
O002194,C00493,2024-07-31,S01,Completed
O002195,C00923,2024-04-13,S04,Completed
O002196,C00128,2024-07-10,S07,Completed
O002197,C00565,2025-11-19,S07,Completed
O002198,C00550,2025-10-20,S05,Completed
O002199,C00453,2025-01-14,S06,Completed
O002200,C00471,2024-03-21,S02,Completed
O002201,C00988,2025-12-05,S05,Completed
O002202,C00738,2025-07-02,S07,Completed
O002203,C00224,2025-01-11,S09,Completed
O002204,C00154,2024-06-02,S06,Completed
O002205,C00560,2025-10-03,S10,Completed
O002206,C00351,2025-07-24,S04,Cancelled
O002207,C01171,2024-08-27,S03,Completed
O002208,C00349,2025-01-08,S09,Completed
O002209,C00182,2024-07-22,S07,Completed
O002210,C00637,2025-09-02,S06,Completed
O002211,C01018,2024-12-15,S07,Completed
O002212,C00179,2025-11-18,S08,Completed
O002213,C01063,2024-05-22,S05,Completed
O002214,C00772,2024-07-07,S03,Completed
O002215,C00894,2024-09-28,S03,Completed
O002216,C01027,2025-06-15,S02,Completed
O002217,C01016,2024-10-26,S08,Completed
O002218,C00064,2025-03-01,S01,Completed
O002219,C00029,2024-02-15,S08,Completed
O002220,C00372,2024-04-04,S03,Completed
O002221,C00097,2024-03-04,S09,Completed
O002222,C00993,2025-02-16,S02,Completed
O002223,C00021,2025-10-04,S10,Completed
O002224,C00735,2024-01-09,S09,Completed
O002225,C01126,2025-04-03,S06,Completed
O002226,C01070,2025-12-15,S01,Completed
O002227,C00066,2025-02-12,S05,Completed
O002228,C00603,2025-04-14,S10,Completed
O002229,C01188,2025-05-20,S09,Completed
O002230,C01135,2025-11-16,S06,Completed
O002231,C00338,2024-03-13,S07,Completed
O002232,C00123,2024-03-24,S04,Completed
O002233,C00447,2024-02-28,S01,Completed
O002234,C00611,2024-01-21,S05,Returned
O002235,C00671,2025-04-02,S02,Cancelled
O002236,C00615,2024-06-05,S08,Completed
O002237,C00897,2024-11-24,S04,Completed
O002238,C00281,2025-07-26,S01,Completed
O002239,C01067,2025-07-29,S10,Completed
O002240,C00596,2025-11-10,S07,Completed
O002241,C00703,2024-07-21,S02,Completed
O002242,C01075,2025-10-02,S03,Returned
O002243,C00210,2024-04-15,S09,Completed
O002244,C00126,2024-05-01,S09,Completed
O002245,C00492,2024-11-13,S02,Completed
O002246,C00960,2024-06-30,S03,Completed
O002247,C00970,2025-09-06,S09,Completed
O002248,C00581,2024-11-11,S01,Completed
O002249,C00777,2025-09-16,S02,Completed
O002250,C00258,2025-02-09,S02,Completed
O002251,C00230,2024-03-10,S10,Completed
O002252,C00189,2024-06-08,S03,Completed
O002253,C00010,2024-08-27,S10,Completed
O002254,C01138,2025-06-06,S03,Completed
O002255,C01100,2024-05-17,S10,Completed
O002256,C00676,2025-05-09,S02,Completed
O002257,C00502,2025-11-09,S08,Completed
O002258,C00085,2024-09-03,S08,Completed
O002259,C00049,2025-06-26,S08,Completed
O002260,C00838,2025-06-07,S02,Completed
O002261,C01008,2024-08-30,S09,Completed
O002262,C00689,2025-09-11,S07,Cancelled
O002263,C00387,2024-12-01,S05,Cancelled
O002264,C00970,2025-02-25,S07,Completed
O002265,C01006,2024-07-12,S08,Completed
O002266,C00218,2024-11-03,S09,Completed
O002267,C01005,2025-10-06,S02,Completed
O002268,C00255,2025-05-20,S06,Completed
O002269,C00236,2024-10-07,S09,Completed
O002270,C01050,2025-11-05,S06,Completed
O002271,C00271,2025-03-14,S02,Completed
O002272,C00123,2025-12-15,S01,Completed
O002273,C00656,2025-08-30,S03,Completed
O002274,C00259,2025-04-27,S05,Completed
O002275,C00948,2024-08-10,S07,Completed
O002276,C00047,2024-04-26,S10,Returned
O002277,C00863,2024-07-10,S10,Completed
O002278,C00525,2025-09-09,S03,Completed
O002279,C00888,2025-05-30,S09,Cancelled
O002280,C00208,2025-06-13,S10,Completed
O002281,C00747,2024-11-02,S04,Completed
O002282,C00149,2025-06-15,S10,Completed
O002283,C00438,2024-05-01,S02,Completed
O002284,C00155,2025-10-10,S03,Completed
O002285,C01114,2025-08-14,S05,Returned
O002286,C00358,2024-06-02,S03,Completed
O002287,C01198,2025-06-20,S05,Completed
O002288,C00456,2025-03-27,S04,Completed
O002289,C00776,2024-06-17,S10,Completed
O002290,C00629,2024-02-28,S03,Completed
O002291,C00832,2024-10-27,S06,Completed
O002292,C00486,2025-07-06,S08,Completed
O002293,C00533,2025-07-03,S04,Completed
O002294,C00200,2024-04-26,S09,Completed
O002295,C00371,2024-05-06,S06,Completed
O002296,C01014,2025-02-08,S05,Completed
O002297,C00853,2025-02-02,S03,Completed
O002298,C00248,2025-05-29,S05,Completed
O002299,C00788,2025-05-12,S05,Completed
O002300,C00264,2025-06-11,S04,Completed
O002301,C01082,2025-02-01,S06,Completed
O002302,C00031,2024-09-21,S03,Cancelled
O002303,C00605,2024-09-19,S10,Completed
O002304,C00502,2025-02-01,S01,Completed
O002305,C01108,2025-10-07,S07,Completed
O002306,C00886,2025-12-25,S07,Completed
O002307,C00549,2025-06-10,S04,Returned
O002308,C00839,2025-03-11,S09,Completed
O002309,C01117,2024-12-25,S02,Completed
O002310,C00848,2024-05-08,S01,Completed
O002311,C00614,2025-09-25,S03,Completed
O002312,C00412,2024-08-28,S07,Completed
O002313,C00432,2025-09-18,S09,Completed
O002314,C00678,2025-12-09,S02,Completed
O002315,C00159,2024-08-09,S06,Completed
O002316,C00014,2024-08-01,S03,Completed
O002317,C00373,2025-08-14,S05,Completed
O002318,C00225,2024-05-14,S09,Completed
O002319,C01097,2025-01-20,S03,Completed
O002320,C00511,2024-10-29,S01,Completed
O002321,C00603,2024-10-13,S05,Completed
O002322,C00216,2025-07-15,S01,Completed
O002323,C00988,2024-07-07,S08,Completed
O002324,C00840,2024-10-23,S07,Completed
O002325,C00727,2025-06-09,S02,Cancelled
O002326,C00554,2025-01-23,S09,Completed
O002327,C01066,2025-04-03,S05,Completed
O002328,C00676,2024-09-17,S07,Completed
O002329,C00873,2025-12-04,S04,Returned
O002330,C00283,2025-12-15,S01,Completed
O002331,C01082,2024-04-22,S08,Completed
O002332,C00834,2024-02-05,S01,Completed
O002333,C00537,2024-03-19,S03,Completed
O002334,C01097,2024-10-01,S06,Completed
O002335,C00923,2024-10-04,S08,Completed
O002336,C01153,2025-11-04,S08,Completed
O002337,C00842,2024-11-07,S02,Completed
O002338,C00948,2025-06-12,S09,Completed
O002339,C00665,2024-07-22,S04,Completed
O002340,C01149,2024-01-17,S04,Returned
O002341,C00067,2025-12-14,S02,Completed
O002342,C00006,2025-04-20,S01,Completed
O002343,C00637,2025-05-25,S10,Returned
O002344,C00314,2024-07-28,S07,Cancelled
O002345,C00565,2025-05-13,S10,Completed
O002346,C00826,2025-02-05,S03,Cancelled
O002347,C00506,2025-03-04,S04,Completed
O002348,C01106,2024-03-18,S09,Completed
O002349,C01026,2025-07-21,S06,Completed
O002350,C00204,2024-03-20,S01,Completed
O002351,C00662,2024-11-01,S09,Completed
O002352,C00805,2024-02-27,S09,Completed
O002353,C00404,2025-06-13,S05,Completed
O002354,C01127,2024-07-26,S08,Completed
O002355,C00536,2025-05-25,S07,Completed
O002356,C00577,2024-05-14,S08,Completed
O002357,C00763,2025-06-05,S09,Completed
O002358,C00117,2025-08-03,S02,Completed
O002359,C00628,2024-03-23,S10,Completed
O002360,C00749,2025-09-12,S05,Completed
O002361,C00105,2024-02-13,S08,Completed
O002362,C00495,2025-04-27,S03,Completed
O002363,C00046,2025-10-05,S06,Completed
O002364,C00823,2025-05-07,S06,Returned
O002365,C00982,2025-05-13,S07,Completed
O002366,C00960,2024-01-18,S03,Completed
O002367,C00845,2025-08-27,S08,Completed
O002368,C00449,2024-10-20,S08,Completed
O002369,C00536,2024-05-27,S09,Cancelled
O002370,C00511,2025-04-16,S08,Completed
O002371,C00540,2024-06-20,S03,Completed
O002372,C00016,2025-07-16,S06,Completed
O002373,C00243,2025-06-14,S09,Completed
O002374,C00912,2024-04-29,S01,Completed
O002375,C00761,2024-03-06,S03,Completed
O002376,C00705,2024-05-20,S02,Completed
O002377,C00115,2025-03-21,S08,Completed
O002378,C00397,2025-05-20,S06,Completed
O002379,C00394,2024-07-07,S10,Completed
O002380,C01099,2024-06-06,S08,Completed
O002381,C00978,2025-09-01,S02,Completed
O002382,C01127,2025-10-31,S06,Completed
O002383,C00297,2024-09-02,S07,Completed
O002384,C01002,2024-02-02,S08,Completed
O002385,C00178,2024-12-26,S09,Completed
O002386,C00967,2024-11-25,S05,Completed
O002387,C00315,2025-05-26,S03,Completed
O002388,C01063,2024-03-11,S02,Completed
O002389,C00259,2024-11-08,S08,Completed
O002390,C00007,2025-12-28,S01,Completed
O002391,C00049,2024-03-19,S10,Completed
O002392,C00161,2024-06-17,S06,Completed
O002393,C00176,2024-06-28,S02,Completed
O002394,C01026,2025-09-19,S03,Completed
O002395,C01001,2024-09-16,S08,Completed
O002396,C00455,2025-04-30,S01,Cancelled
O002397,C00276,2024-01-05,S06,Completed
O002398,C00498,2024-10-23,S03,Completed
O002399,C00676,2025-09-11,S06,Completed
O002400,C01052,2024-12-25,S03,Completed
O002401,C01025,2024-04-26,S08,Completed
O002402,C00056,2024-12-22,S05,Completed
O002403,C00547,2025-03-14,S04,Completed
O002404,C01136,2024-11-26,S09,Completed
O002405,C00036,2025-06-08,S05,Completed
O002406,C00439,2025-10-15,S04,Completed
O002407,C00595,2024-07-06,S08,Completed
O002408,C00307,2024-10-07,S08,Completed
O002409,C00619,2025-05-25,S08,Completed
O002410,C01133,2025-04-10,S04,Completed
O002411,C00357,2024-04-24,S01,Completed
O002412,C00181,2024-08-23,S02,Completed
O002413,C00068,2024-12-03,S04,Completed
O002414,C00292,2025-06-05,S10,Completed
O002415,C00692,2024-07-17,S02,Completed
O002416,C00181,2024-02-19,S10,Completed
O002417,C00434,2024-05-21,S03,Completed
O002418,C00914,2025-06-11,S09,Completed
O002419,C00066,2025-05-28,S09,Completed
O002420,C01045,2025-10-31,S09,Completed
O002421,C00384,2024-01-30,S07,Completed
O002422,C00039,2024-03-22,S04,Returned
O002423,C00822,2024-01-31,S01,Completed
O002424,C00602,2024-11-28,S03,Completed
O002425,C00785,2025-10-21,S08,Cancelled
O002426,C00671,2024-06-25,S04,Completed
O002427,C01097,2025-01-04,S10,Cancelled
O002428,C00479,2025-06-30,S10,Completed
O002429,C00561,2025-06-18,S02,Completed
O002430,C00101,2024-04-15,S08,Completed
O002431,C00514,2024-04-06,S07,Completed
O002432,C00176,2024-08-17,S10,Completed
O002433,C00238,2024-08-14,S09,Completed
O002434,C00910,2025-01-05,S02,Returned
O002435,C01083,2024-04-09,S05,Completed
O002436,C01123,2025-03-20,S06,Completed
O002437,C00871,2025-04-12,S02,Completed
O002438,C00495,2024-02-24,S02,Completed
O002439,C00947,2024-07-13,S10,Completed
O002440,C00755,2025-06-03,S04,Completed
O002441,C00211,2025-02-27,S08,Completed
O002442,C01147,2024-11-10,S05,Completed
O002443,C00140,2024-05-07,S09,Completed
O002444,C00541,2024-02-01,S04,Completed
O002445,C00270,2024-04-02,S03,Completed
O002446,C01036,2025-06-02,S10,Completed
O002447,C00506,2024-09-14,S08,Cancelled
O002448,C01130,2024-08-07,S01,Completed
O002449,C00032,2024-04-15,S09,Completed
O002450,C01098,2025-07-01,S04,Completed
O002451,C01195,2025-02-19,S09,Completed
O002452,C01093,2025-07-10,S08,Completed
O002453,C00813,2024-11-04,S03,Completed
O002454,C00362,2024-12-31,S03,Completed
O002455,C00929,2025-06-04,S09,Completed
O002456,C00100,2025-04-03,S03,Completed
O002457,C00009,2025-08-21,S04,Completed
O002458,C00697,2025-01-04,S09,Completed
O002459,C01053,2024-11-26,S04,Completed
O002460,C01138,2025-11-19,S03,Completed
O002461,C00462,2025-10-03,S07,Completed
O002462,C00921,2025-12-07,S06,Completed
O002463,C01167,2024-01-11,S01,Cancelled
O002464,C00390,2025-05-21,S10,Completed
O002465,C00632,2025-02-22,S08,Completed
O002466,C00682,2024-05-01,S01,Completed
O002467,C00157,2024-08-22,S04,Completed
O002468,C00335,2024-11-26,S06,Completed
O002469,C00260,2025-06-26,S06,Completed
O002470,C00082,2024-12-13,S07,Completed
O002471,C00754,2025-02-15,S05,Completed
O002472,C01196,2024-08-11,S05,Completed
O002473,C00720,2024-06-01,S04,Completed
O002474,C00075,2024-07-30,S06,Completed
O002475,C00626,2024-04-01,S07,Completed
O002476,C00062,2024-11-26,S10,Completed
O002477,C00874,2025-04-11,S10,Completed
O002478,C00320,2025-10-02,S01,Completed
O002479,C00102,2025-12-09,S09,Completed
O002480,C00874,2025-07-07,S08,Completed
O002481,C00954,2024-08-15,S07,Completed
O002482,C00255,2024-07-12,S09,Cancelled
O002483,C00570,2025-06-13,S03,Completed
O002484,C00112,2024-08-30,S10,Completed
O002485,C00985,2025-01-23,S04,Completed
O002486,C00998,2024-10-02,S07,Completed
O002487,C00461,2025-03-25,S06,Completed
O002488,C00708,2025-09-30,S02,Completed
O002489,C00887,2025-08-09,S02,Completed
O002490,C01116,2025-07-27,S10,Returned
O002491,C01076,2025-04-22,S07,Completed
O002492,C00520,2025-04-24,S09,Completed
O002493,C00812,2024-10-14,S09,Completed
O002494,C01122,2025-11-28,S07,Completed
O002495,C00236,2025-11-20,S08,Completed
O002496,C00927,2025-11-08,S10,Completed
O002497,C00557,2025-11-25,S03,Completed
O002498,C00649,2025-06-23,S01,Completed
O002499,C00234,2024-11-25,S07,Completed
O002500,C01056,2025-04-14,S08,Completed
O002501,C00579,2025-06-17,S02,Completed
O002502,C00542,2025-04-11,S09,Cancelled
O002503,C00114,2025-02-23,S04,Completed
O002504,C00204,2025-08-30,S10,Completed
O002505,C01053,2024-05-01,S09,Completed
O002506,C00643,2024-11-03,S03,Completed
O002507,C00474,2024-11-29,S08,Completed
O002508,C00697,2025-02-23,S02,Completed
O002509,C00253,2024-11-21,S03,Completed
O002510,C00905,2025-10-10,S01,Returned
O002511,C00386,2025-07-26,S05,Completed
O002512,C00062,2024-09-06,S04,Completed
O002513,C00515,2024-04-04,S01,Completed
O002514,C00430,2024-10-22,S10,Cancelled
O002515,C00580,2024-07-02,S09,Completed
O002516,C01165,2024-09-16,S06,Cancelled
O002517,C00743,2025-10-28,S06,Completed
O002518,C00675,2024-07-04,S02,Completed
O002519,C00311,2025-02-12,S07,Completed
O002520,C00471,2024-03-09,S09,Completed
O002521,C00809,2025-09-18,S06,Completed
O002522,C00172,2024-01-08,S08,Completed
O002523,C00576,2024-09-21,S05,Completed
O002524,C00031,2025-04-28,S02,Completed
O002525,C00047,2025-09-08,S04,Completed
O002526,C00130,2025-01-05,S01,Completed
O002527,C00352,2025-11-07,S01,Completed
O002528,C00978,2024-03-23,S06,Completed
O002529,C00058,2025-10-07,S02,Completed
O002530,C01130,2024-07-29,S06,Completed
O002531,C00812,2024-11-08,S01,Completed
O002532,C00768,2025-08-26,S10,Completed
O002533,C00683,2024-12-02,S03,Completed
O002534,C01186,2025-05-04,S09,Completed
O002535,C00997,2025-02-06,S02,Completed
O002536,C00286,2025-09-30,S08,Completed
O002537,C01095,2024-07-09,S06,Completed
O002538,C00886,2025-11-01,S06,Returned
O002539,C00397,2024-11-30,S07,Completed
O002540,C00026,2025-06-05,S05,Completed
O002541,C00313,2025-09-10,S04,Completed
O002542,C00126,2024-03-27,S06,Completed
O002543,C00811,2025-08-01,S08,Completed
O002544,C00188,2024-03-02,S04,Completed
O002545,C00698,2025-01-21,S05,Completed
O002546,C00810,2024-05-25,S07,Completed
O002547,C00716,2024-06-01,S06,Completed
O002548,C00450,2025-09-10,S04,Completed
O002549,C00523,2025-10-21,S04,Completed
O002550,C00986,2025-11-28,S10,Cancelled
O002551,C00658,2024-12-14,S04,Completed
O002552,C00597,2024-06-26,S01,Completed
O002553,C00100,2025-05-01,S05,Completed
O002554,C00616,2025-10-22,S08,Completed
O002555,C00948,2024-09-03,S07,Completed
O002556,C00556,2024-09-10,S05,Completed
O002557,C00278,2025-05-14,S03,Completed
O002558,C00491,2025-06-24,S01,Completed
O002559,C00255,2024-12-17,S07,Completed
O002560,C00381,2025-05-26,S03,Completed
O002561,C00892,2024-01-13,S04,Cancelled
O002562,C00542,2025-07-12,S05,Completed
O002563,C00825,2024-05-30,S08,Completed
O002564,C00879,2024-02-19,S07,Completed
O002565,C01139,2024-08-02,S09,Completed
O002566,C00281,2025-10-05,S03,Completed
O002567,C00773,2025-01-06,S10,Completed
O002568,C00843,2024-04-22,S01,Completed
O002569,C00719,2024-09-08,S01,Completed
O002570,C00328,2024-12-06,S10,Completed
O002571,C00211,2024-02-22,S01,Completed
O002572,C00727,2024-05-09,S02,Completed
O002573,C00923,2024-07-11,S02,Completed
O002574,C00552,2025-08-13,S07,Completed
O002575,C00026,2024-02-26,S09,Completed
O002576,C00027,2024-04-06,S08,Completed
O002577,C00702,2024-07-16,S04,Completed
O002578,C01107,2025-10-08,S02,Completed
O002579,C00682,2024-05-26,S03,Completed
O002580,C00413,2025-11-14,S10,Completed
O002581,C00167,2025-07-28,S05,Completed
O002582,C00169,2025-07-30,S09,Completed
O002583,C00229,2024-10-21,S08,Completed
O002584,C00367,2025-12-23,S03,Completed
O002585,C00528,2025-09-12,S09,Completed
O002586,C00791,2025-11-14,S10,Completed
O002587,C00524,2024-01-12,S03,Completed
O002588,C01096,2024-11-28,S10,Completed
O002589,C00106,2024-08-07,S08,Completed
O002590,C00732,2025-02-01,S01,Completed
O002591,C00965,2024-12-07,S04,Returned
O002592,C00133,2025-05-26,S04,Completed
O002593,C00534,2024-06-20,S06,Completed
O002594,C00975,2025-04-12,S02,Completed
O002595,C00269,2024-06-14,S07,Completed
O002596,C00673,2025-11-29,S05,Completed
O002597,C00791,2024-06-18,S10,Cancelled
O002598,C00018,2025-07-17,S06,Completed
O002599,C00117,2025-05-26,S06,Completed
O002600,C00798,2024-07-07,S06,Completed
O002601,C01168,2024-04-29,S10,Completed
O002602,C00551,2024-04-14,S08,Completed
O002603,C00929,2025-11-04,S10,Completed
O002604,C00753,2024-02-10,S04,Completed
O002605,C00422,2025-11-07,S10,Completed
O002606,C00646,2024-11-16,S08,Completed
O002607,C00558,2024-11-30,S09,Completed
O002608,C00050,2024-06-08,S04,Completed
O002609,C00678,2024-09-20,S01,Completed
O002610,C00106,2025-06-13,S03,Completed
O002611,C00658,2025-11-15,S01,Completed
O002612,C01096,2025-04-21,S07,Completed
O002613,C00988,2024-12-17,S01,Completed
O002614,C00842,2025-06-28,S04,Returned
O002615,C00446,2024-07-28,S01,Returned
O002616,C00070,2025-05-10,S02,Completed
O002617,C00150,2025-01-16,S01,Returned
O002618,C00774,2025-11-06,S05,Completed
O002619,C01123,2025-04-25,S07,Completed
O002620,C00944,2024-01-05,S03,Completed
O002621,C00455,2024-02-03,S08,Completed
O002622,C01128,2024-05-24,S05,Completed
O002623,C00946,2024-12-16,S05,Completed
O002624,C00601,2025-08-05,S05,Completed
O002625,C00653,2025-04-09,S08,Completed
O002626,C00725,2024-12-13,S02,Completed
O002627,C00233,2024-05-04,S02,Completed
O002628,C00251,2024-09-27,S08,Cancelled
O002629,C00079,2024-12-22,S09,Completed
O002630,C01076,2025-06-10,S10,Completed
O002631,C00898,2025-05-12,S10,Completed
O002632,C00921,2024-06-01,S02,Completed
O002633,C00781,2024-02-22,S04,Completed
O002634,C00226,2024-05-28,S08,Completed
O002635,C01075,2025-05-17,S02,Completed
O002636,C01058,2025-03-25,S04,Completed
O002637,C00803,2024-08-06,S10,Completed
O002638,C00742,2025-09-16,S01,Completed
O002639,C00131,2024-10-03,S02,Completed
O002640,C01023,2025-03-27,S07,Completed
O002641,C00632,2025-03-03,S01,Completed
O002642,C00838,2024-03-23,S01,Completed
O002643,C00759,2024-08-05,S02,Completed
O002644,C00704,2025-06-10,S04,Completed
O002645,C00497,2025-02-07,S07,Completed
O002646,C00323,2024-10-16,S04,Cancelled
O002647,C00615,2025-02-23,S05,Completed
O002648,C00329,2024-12-04,S04,Completed
O002649,C00133,2025-12-11,S04,Completed
O002650,C00835,2025-10-31,S09,Completed
O002651,C00651,2025-02-22,S06,Completed
O002652,C00121,2024-07-25,S03,Completed
O002653,C00606,2025-11-16,S06,Completed
O002654,C00965,2025-11-26,S07,Completed
O002655,C00129,2024-09-21,S07,Completed
O002656,C01115,2024-02-05,S08,Completed
O002657,C00029,2025-01-07,S04,Returned
O002658,C00722,2025-05-02,S01,Completed
O002659,C00333,2024-09-15,S06,Completed
O002660,C01154,2025-06-14,S08,Completed
O002661,C01197,2024-01-23,S05,Completed
O002662,C00944,2024-04-13,S03,Returned
O002663,C01048,2024-08-28,S04,Completed
O002664,C01123,2025-12-16,S08,Completed
O002665,C00356,2024-09-09,S06,Cancelled
O002666,C00139,2024-05-21,S05,Completed
O002667,C01198,2025-10-16,S09,Completed
O002668,C00029,2025-03-26,S10,Completed
O002669,C00931,2024-11-02,S03,Completed
O002670,C00496,2025-05-14,S07,Completed
O002671,C01014,2025-09-13,S09,Completed
O002672,C00655,2024-01-08,S04,Completed
O002673,C00828,2024-03-09,S10,Completed
O002674,C00351,2025-12-02,S10,Completed
O002675,C00554,2025-11-21,S03,Returned
O002676,C00299,2025-07-28,S01,Completed
O002677,C00064,2024-03-08,S09,Completed
O002678,C00755,2025-12-18,S01,Completed
O002679,C00770,2025-02-11,S02,Completed
O002680,C00834,2025-06-01,S09,Completed
O002681,C00166,2024-04-28,S05,Completed
O002682,C00506,2024-01-31,S04,Completed
O002683,C00793,2025-06-01,S09,Cancelled
O002684,C00833,2025-04-27,S09,Completed
O002685,C00858,2024-07-25,S02,Completed
O002686,C00806,2025-10-30,S03,Completed
O002687,C01173,2025-08-01,S03,Completed
O002688,C00761,2025-01-21,S05,Completed
O002689,C00833,2025-02-15,S03,Completed
O002690,C00283,2025-01-04,S10,Completed
O002691,C00379,2024-12-18,S06,Completed
O002692,C00198,2024-12-01,S02,Completed
O002693,C01015,2024-10-15,S06,Completed
O002694,C01024,2024-05-19,S06,Completed
O002695,C00556,2024-10-26,S02,Completed
O002696,C00356,2024-01-13,S06,Completed
O002697,C01041,2025-10-25,S06,Completed
O002698,C00639,2025-03-03,S06,Completed
O002699,C00379,2025-02-03,S05,Completed
O002700,C00680,2024-04-18,S07,Completed
O002701,C00506,2025-04-29,S05,Completed
O002702,C00899,2024-12-21,S01,Completed
O002703,C00076,2024-05-28,S09,Completed
O002704,C00231,2025-12-16,S03,Returned
O002705,C00962,2024-11-02,S02,Completed
O002706,C00302,2025-06-16,S10,Completed
O002707,C00726,2024-02-29,S06,Cancelled
O002708,C00215,2025-03-10,S08,Completed
O002709,C01182,2024-01-21,S02,Completed
O002710,C00069,2025-01-16,S04,Completed
O002711,C00393,2024-09-01,S02,Completed
O002712,C01109,2024-03-13,S09,Returned
O002713,C00267,2025-03-24,S10,Completed
O002714,C01093,2024-03-16,S02,Completed
O002715,C00611,2025-11-28,S10,Completed
O002716,C01009,2025-08-12,S02,Completed
O002717,C00962,2025-01-24,S05,Completed
O002718,C00728,2025-07-30,S05,Returned
O002719,C00673,2024-12-07,S07,Cancelled
O002720,C00423,2024-10-16,S01,Completed
O002721,C01198,2025-07-21,S02,Completed
O002722,C00115,2024-11-26,S06,Completed
O002723,C00220,2024-09-15,S02,Cancelled
O002724,C00031,2025-03-01,S04,Completed
O002725,C01154,2025-12-02,S10,Completed
O002726,C00617,2024-01-06,S06,Completed
O002727,C00539,2024-01-06,S07,Completed
O002728,C00739,2024-07-09,S10,Completed
O002729,C01026,2024-05-27,S05,Completed
O002730,C00871,2025-02-08,S08,Completed
O002731,C00101,2024-09-14,S06,Completed
O002732,C01082,2025-12-30,S05,Completed
O002733,C00692,2025-04-23,S04,Completed
O002734,C00941,2024-03-30,S06,Completed
O002735,C00341,2024-01-10,S06,Completed
O002736,C00861,2024-03-27,S06,Completed
O002737,C01044,2024-05-30,S01,Completed
O002738,C00038,2025-09-16,S06,Completed
O002739,C00660,2024-01-30,S01,Completed
O002740,C00928,2024-05-07,S05,Completed
O002741,C01050,2024-03-18,S07,Completed
O002742,C00454,2025-02-24,S01,Completed
O002743,C00737,2024-02-24,S01,Completed
O002744,C00819,2025-04-24,S06,Cancelled
O002745,C00773,2024-10-31,S07,Completed
O002746,C00013,2025-06-29,S06,Completed
O002747,C00915,2024-04-14,S05,Completed
O002748,C00921,2024-06-20,S06,Returned
O002749,C00825,2025-05-13,S03,Completed
O002750,C00371,2024-01-22,S09,Returned
O002751,C00332,2024-10-13,S05,Completed
O002752,C00261,2025-01-25,S02,Completed
O002753,C00697,2025-09-08,S10,Completed
O002754,C00687,2024-05-28,S10,Completed
O002755,C00950,2024-09-28,S07,Completed
O002756,C00387,2024-10-25,S03,Completed
O002757,C00821,2024-06-20,S01,Completed
O002758,C00468,2024-02-16,S03,Completed
O002759,C00069,2025-09-17,S09,Completed
O002760,C01128,2024-07-25,S05,Completed
O002761,C01185,2025-03-28,S07,Completed
O002762,C00200,2025-01-29,S03,Returned
O002763,C00216,2024-10-27,S04,Completed
O002764,C00212,2025-12-08,S01,Completed
O002765,C00508,2025-11-06,S03,Completed
O002766,C00016,2024-06-24,S07,Completed
O002767,C00884,2024-04-19,S04,Completed
O002768,C00332,2025-11-14,S02,Completed
O002769,C00717,2024-07-20,S05,Completed
O002770,C00551,2024-06-16,S05,Completed
O002771,C00942,2025-09-05,S02,Completed
O002772,C00256,2024-03-26,S06,Completed
O002773,C00992,2025-10-15,S10,Completed
O002774,C00728,2025-12-25,S04,Completed
O002775,C00880,2024-02-20,S01,Completed
O002776,C00815,2024-04-21,S03,Completed
O002777,C01196,2025-04-07,S09,Returned
O002778,C00649,2025-03-17,S10,Completed
O002779,C01000,2024-09-27,S07,Completed
O002780,C00471,2025-07-30,S06,Completed
O002781,C00690,2024-12-09,S01,Completed
O002782,C00700,2024-07-01,S09,Returned
O002783,C00507,2025-05-17,S09,Returned
O002784,C00992,2024-01-10,S01,Completed
O002785,C01010,2025-05-08,S06,Completed
O002786,C00804,2024-08-21,S07,Completed
O002787,C00831,2024-10-24,S02,Completed
O002788,C00214,2024-08-31,S10,Returned
O002789,C00169,2025-05-23,S08,Completed
O002790,C00978,2024-12-16,S08,Completed
O002791,C00146,2024-09-23,S06,Completed
O002792,C00516,2025-09-21,S09,Completed
O002793,C01114,2025-10-17,S03,Returned
O002794,C00453,2024-07-19,S02,Completed
O002795,C00060,2024-08-26,S02,Completed
O002796,C00528,2024-11-29,S06,Completed
O002797,C01024,2025-02-18,S07,Completed
O002798,C00474,2025-04-28,S06,Cancelled
O002799,C00757,2025-03-12,S03,Returned
O002800,C00782,2024-09-02,S05,Cancelled
O002801,C01103,2024-01-08,S08,Completed
O002802,C00433,2024-05-31,S06,Completed
O002803,C01177,2025-01-26,S02,Completed
O002804,C00401,2024-07-29,S07,Completed
O002805,C00057,2025-01-01,S08,Completed
O002806,C01003,2025-10-31,S04,Completed
O002807,C00186,2025-07-23,S01,Completed
O002808,C00398,2024-03-26,S02,Completed
O002809,C00605,2024-02-24,S04,Completed
O002810,C00788,2025-12-13,S07,Completed
O002811,C00158,2025-09-25,S02,Cancelled
O002812,C00589,2025-03-21,S06,Completed
O002813,C00466,2025-09-11,S02,Completed
O002814,C00446,2024-10-30,S07,Cancelled
O002815,C00801,2024-05-11,S02,Completed
O002816,C01097,2025-02-24,S03,Completed
O002817,C00929,2025-01-19,S09,Completed
O002818,C00017,2024-07-16,S04,Completed
O002819,C00731,2024-02-16,S05,Completed
O002820,C00326,2024-07-21,S09,Completed
O002821,C00995,2024-09-17,S07,Completed
O002822,C00613,2025-11-20,S08,Completed
O002823,C00546,2024-01-24,S03,Completed
O002824,C00596,2025-11-17,S04,Completed
O002825,C00921,2024-12-05,S07,Completed
O002826,C00842,2025-02-15,S04,Completed
O002827,C00344,2024-09-17,S02,Completed
O002828,C00859,2024-10-12,S10,Completed
O002829,C00445,2025-05-27,S06,Completed
O002830,C00222,2024-03-26,S09,Completed
O002831,C00592,2025-03-05,S02,Completed
O002832,C01031,2025-08-03,S01,Completed
O002833,C01018,2024-01-31,S08,Completed
O002834,C00016,2025-12-10,S01,Completed
O002835,C00524,2025-08-25,S01,Returned
O002836,C00803,2025-03-15,S03,Cancelled
O002837,C00021,2024-12-14,S05,Completed
O002838,C00228,2025-02-15,S09,Completed
O002839,C01008,2025-06-11,S10,Completed
O002840,C00809,2024-11-05,S02,Completed
O002841,C01158,2025-01-30,S01,Completed
O002842,C00404,2024-12-03,S01,Completed
O002843,C01090,2025-11-04,S08,Completed
O002844,C00437,2025-03-12,S10,Completed
O002845,C00829,2025-12-04,S10,Completed
O002846,C00934,2025-10-24,S10,Completed
O002847,C00259,2024-12-30,S02,Completed
O002848,C00103,2024-04-22,S09,Completed
O002849,C00993,2024-06-24,S09,Completed
O002850,C00769,2024-05-28,S02,Returned
O002851,C01125,2024-06-26,S03,Completed
O002852,C00813,2025-01-16,S02,Returned
O002853,C00226,2024-08-10,S06,Completed
O002854,C00943,2024-09-15,S07,Completed
O002855,C00463,2024-07-07,S06,Completed
O002856,C00237,2024-11-01,S03,Completed
O002857,C01050,2025-01-12,S03,Completed
O002858,C01145,2025-08-24,S02,Completed
O002859,C00506,2024-12-08,S02,Completed
O002860,C00814,2024-06-04,S05,Completed
O002861,C00767,2025-12-12,S08,Completed
O002862,C00634,2024-02-24,S06,Completed
O002863,C00991,2025-03-17,S09,Completed
O002864,C00618,2025-11-15,S05,Completed
O002865,C00273,2024-07-18,S10,Completed
O002866,C00232,2025-02-06,S04,Completed
O002867,C00768,2025-09-05,S09,Completed
O002868,C00496,2025-10-24,S10,Completed
O002869,C01048,2025-09-14,S05,Completed
O002870,C01133,2025-08-25,S01,Completed
O002871,C00502,2024-06-25,S05,Completed
O002872,C00025,2025-03-24,S05,Completed
O002873,C00288,2025-06-24,S05,Completed
O002874,C00338,2024-10-27,S02,Completed
O002875,C01061,2025-12-07,S06,Completed
O002876,C00137,2024-11-02,S05,Completed
O002877,C00508,2024-09-23,S02,Completed
O002878,C00227,2024-08-01,S10,Completed
O002879,C00320,2025-08-16,S08,Completed
O002880,C00916,2025-10-01,S06,Cancelled
O002881,C00086,2025-04-27,S10,Completed
O002882,C00926,2024-09-18,S03,Returned
O002883,C00053,2024-03-07,S09,Completed
O002884,C00860,2025-07-27,S04,Completed
O002885,C00867,2024-05-12,S03,Completed
O002886,C00433,2025-10-10,S07,Completed
O002887,C00999,2025-06-23,S08,Completed
O002888,C00100,2025-05-26,S07,Completed
O002889,C00990,2024-07-29,S01,Completed
O002890,C00599,2025-12-17,S01,Completed
O002891,C00403,2024-09-09,S05,Completed
O002892,C00396,2024-02-07,S08,Completed
O002893,C00415,2024-02-12,S10,Completed
O002894,C00939,2025-09-20,S03,Completed
O002895,C00677,2025-02-08,S08,Returned
O002896,C00463,2025-12-02,S03,Completed
O002897,C00541,2024-02-15,S04,Completed
O002898,C01154,2025-03-29,S10,Completed
O002899,C00084,2025-11-08,S07,Cancelled
O002900,C00271,2024-10-31,S03,Completed
O002901,C00244,2025-12-15,S04,Completed
O002902,C00388,2024-08-20,S08,Completed
O002903,C00214,2024-09-01,S04,Completed
O002904,C00818,2025-12-21,S09,Completed
O002905,C01190,2024-10-21,S04,Completed
O002906,C00059,2025-01-17,S04,Completed
O002907,C00883,2024-06-06,S05,Returned
O002908,C00843,2025-02-08,S01,Completed
O002909,C00924,2024-01-01,S07,Returned
O002910,C00123,2024-08-04,S09,Completed
O002911,C01163,2025-05-21,S09,Completed
O002912,C00439,2025-08-03,S01,Completed
O002913,C01022,2024-01-30,S06,Completed
O002914,C00562,2025-09-18,S03,Completed
O002915,C00118,2025-06-03,S04,Completed
O002916,C00905,2024-10-01,S08,Completed
O002917,C00395,2025-05-06,S04,Completed
O002918,C00876,2024-02-05,S08,Completed
O002919,C00935,2024-11-06,S04,Completed
O002920,C01102,2024-02-13,S09,Completed
O002921,C00952,2024-06-03,S06,Completed
O002922,C00075,2024-03-17,S01,Completed
O002923,C00295,2025-08-12,S10,Completed
O002924,C00021,2025-09-04,S02,Completed
O002925,C01195,2025-03-13,S07,Completed
O002926,C01039,2025-03-07,S10,Completed
O002927,C00560,2025-06-25,S07,Completed
O002928,C01110,2024-02-08,S03,Completed
O002929,C01173,2024-08-26,S01,Completed
O002930,C00372,2024-01-13,S08,Completed
O002931,C00818,2024-05-01,S10,Completed
O002932,C01175,2024-05-23,S10,Completed
O002933,C01165,2025-11-14,S07,Completed
O002934,C01093,2025-03-30,S10,Cancelled
O002935,C00846,2025-01-02,S08,Completed
O002936,C00521,2024-09-03,S01,Completed
O002937,C00371,2024-02-14,S03,Completed
O002938,C00101,2025-01-09,S02,Completed
O002939,C00661,2024-10-17,S01,Completed
O002940,C00968,2024-07-25,S05,Completed
O002941,C00243,2025-06-02,S03,Completed
O002942,C00753,2024-08-29,S10,Completed
O002943,C00512,2025-09-13,S08,Completed
O002944,C00849,2024-04-23,S06,Cancelled
O002945,C00555,2024-10-28,S10,Completed
O002946,C01119,2024-10-02,S09,Completed
O002947,C00226,2024-04-05,S09,Completed
O002948,C00214,2024-10-20,S06,Completed
O002949,C00718,2025-12-01,S02,Completed
O002950,C00067,2024-12-25,S09,Completed
O002951,C00396,2024-10-14,S02,Completed
O002952,C00612,2024-06-02,S03,Completed
O002953,C01036,2025-07-23,S06,Completed
O002954,C00770,2025-02-26,S02,Completed
O002955,C00407,2024-02-19,S05,Completed
O002956,C00925,2024-07-25,S02,Completed
O002957,C00647,2025-07-17,S04,Completed
O002958,C00222,2025-10-23,S03,Completed
O002959,C01180,2025-07-18,S05,Completed
O002960,C00654,2024-07-31,S06,Completed
O002961,C00428,2024-03-06,S07,Completed
O002962,C01182,2024-08-19,S10,Completed
O002963,C00977,2025-10-24,S08,Cancelled
O002964,C01006,2025-12-17,S09,Completed
O002965,C00371,2024-11-15,S04,Completed
O002966,C00850,2024-05-16,S04,Completed
O002967,C00856,2025-10-08,S07,Completed
O002968,C00229,2025-07-19,S10,Completed
O002969,C00280,2024-03-05,S10,Completed
O002970,C01071,2025-05-28,S09,Cancelled
O002971,C00975,2024-05-11,S02,Completed
O002972,C00758,2024-11-29,S06,Completed
O002973,C01048,2024-02-01,S10,Cancelled
O002974,C00321,2025-05-12,S10,Completed
O002975,C00274,2024-08-30,S08,Completed
O002976,C00556,2024-07-10,S05,Returned
O002977,C00844,2024-05-21,S05,Completed
O002978,C00668,2025-10-21,S08,Completed
O002979,C01000,2025-08-23,S01,Completed
O002980,C00380,2025-07-14,S06,Completed
O002981,C00711,2025-10-09,S10,Completed
O002982,C00746,2024-07-09,S09,Returned
O002983,C00675,2024-05-28,S06,Completed
O002984,C00116,2025-08-21,S07,Completed
O002985,C00605,2025-02-19,S04,Cancelled
O002986,C01066,2025-06-03,S10,Completed
O002987,C00379,2024-01-16,S01,Completed
O002988,C00466,2024-04-15,S09,Completed
O002989,C00280,2024-10-09,S06,Returned
O002990,C00618,2024-04-13,S03,Returned
O002991,C00118,2024-12-26,S04,Completed
O002992,C00309,2025-10-19,S10,Completed
O002993,C00100,2024-02-04,S06,Completed
O002994,C00261,2024-04-22,S06,Completed
O002995,C00993,2024-11-03,S09,Returned
O002996,C00286,2024-02-22,S04,Completed
O002997,C00328,2024-03-21,S05,Completed
O002998,C01127,2025-09-07,S05,Completed
O002999,C00063,2025-01-03,S03,Completed
O003000,C00687,2024-08-29,S02,Completed
O003001,C00738,2024-01-31,S08,Completed
O003002,C01031,2025-12-04,S10,Cancelled
O003003,C00639,2024-12-26,S09,Cancelled
O003004,C00936,2024-08-20,S10,Completed
O003005,C01116,2025-09-01,S09,Completed
O003006,C00476,2024-02-03,S05,Completed
O003007,C00053,2024-08-30,S09,Completed
O003008,C00754,2024-02-28,S04,Completed
O003009,C00486,2025-06-12,S02,Completed
O003010,C01136,2024-03-18,S03,Completed
O003011,C00409,2025-12-18,S01,Completed
O003012,C01031,2024-10-28,S05,Completed
O003013,C00668,2025-11-08,S01,Completed
O003014,C00835,2024-04-21,S01,Completed
O003015,C00876,2025-02-16,S07,Completed
O003016,C00367,2024-11-12,S02,Completed
O003017,C01002,2024-05-24,S08,Completed
O003018,C00250,2025-10-29,S06,Completed
O003019,C00380,2025-11-20,S04,Completed
O003020,C00872,2025-10-09,S09,Completed
O003021,C00835,2024-01-18,S10,Completed
O003022,C00775,2024-12-16,S08,Completed
O003023,C00919,2024-06-03,S10,Completed
O003024,C00455,2025-05-20,S03,Cancelled
O003025,C00366,2024-12-25,S03,Completed
O003026,C00403,2024-11-27,S04,Completed
O003027,C00058,2025-06-11,S09,Returned
O003028,C00521,2024-01-12,S09,Completed
O003029,C01139,2024-03-15,S05,Completed
O003030,C00210,2024-07-30,S09,Completed
O003031,C01065,2025-11-21,S06,Completed
O003032,C00816,2025-10-02,S08,Completed
O003033,C00173,2024-10-09,S08,Completed
O003034,C00234,2024-07-13,S10,Completed
O003035,C00793,2024-01-30,S07,Returned
O003036,C00793,2024-01-09,S04,Completed
O003037,C01063,2024-11-04,S04,Completed
O003038,C00119,2025-03-20,S06,Completed
O003039,C00335,2024-11-05,S09,Completed
O003040,C01098,2025-11-07,S07,Completed
O003041,C00324,2025-12-05,S05,Completed
O003042,C01011,2025-03-01,S05,Completed
O003043,C01171,2025-12-04,S08,Completed
O003044,C00284,2025-08-13,S06,Completed
O003045,C00213,2025-11-21,S01,Completed
O003046,C00929,2024-03-31,S01,Returned
O003047,C00752,2025-03-31,S09,Completed
O003048,C00339,2025-03-19,S08,Completed
O003049,C01046,2025-12-27,S06,Completed
O003050,C00105,2024-03-19,S01,Returned
O003051,C00770,2025-04-19,S02,Cancelled
O003052,C00716,2024-04-12,S10,Completed
O003053,C00763,2025-09-14,S03,Completed
O003054,C00379,2025-03-31,S10,Completed
O003055,C00713,2024-11-09,S03,Completed
O003056,C00225,2024-09-03,S02,Completed
O003057,C00738,2024-08-21,S02,Completed
O003058,C00236,2025-08-16,S06,Completed
O003059,C00183,2025-10-05,S07,Completed
O003060,C00712,2024-08-22,S04,Completed
O003061,C00444,2025-01-21,S01,Completed
O003062,C00623,2025-09-02,S06,Completed
O003063,C01030,2024-02-07,S07,Completed
O003064,C01151,2024-06-09,S04,Completed
O003065,C01128,2025-04-06,S06,Completed
O003066,C00749,2025-03-24,S09,Completed
O003067,C00155,2024-04-26,S04,Completed
O003068,C00257,2024-08-28,S10,Completed
O003069,C00235,2024-01-26,S04,Completed
O003070,C00500,2025-10-09,S10,Cancelled
O003071,C00289,2025-07-15,S05,Completed
O003072,C00510,2024-10-24,S03,Completed
O003073,C00709,2024-06-02,S10,Completed
O003074,C00785,2025-10-13,S02,Cancelled
O003075,C00894,2025-04-12,S09,Completed
O003076,C00776,2024-02-18,S01,Completed
O003077,C00298,2025-10-15,S05,Completed
O003078,C00137,2024-02-15,S05,Completed
O003079,C00376,2025-11-05,S08,Completed
O003080,C00087,2024-10-11,S06,Completed
O003081,C00437,2025-09-19,S06,Completed
O003082,C00764,2024-03-22,S06,Completed
O003083,C00702,2024-02-13,S04,Completed
O003084,C00942,2025-12-06,S01,Completed
O003085,C00152,2024-09-29,S03,Cancelled
O003086,C01032,2025-01-28,S10,Completed
O003087,C00807,2025-08-17,S06,Completed
O003088,C00235,2024-02-27,S05,Completed
O003089,C00675,2025-07-18,S10,Completed
O003090,C00561,2024-01-01,S01,Completed
O003091,C00038,2024-08-03,S05,Completed
O003092,C01160,2024-11-12,S02,Completed
O003093,C00822,2024-08-15,S01,Completed
O003094,C00421,2025-04-17,S04,Completed
O003095,C00348,2025-04-28,S06,Completed
O003096,C01103,2025-11-01,S07,Completed
O003097,C00748,2024-10-13,S09,Completed
O003098,C00273,2025-05-25,S05,Completed
O003099,C01185,2025-07-31,S08,Completed
O003100,C00308,2025-04-02,S08,Completed
O003101,C00976,2024-04-04,S09,Completed
O003102,C00733,2025-05-07,S03,Completed
O003103,C01033,2024-05-29,S03,Completed
O003104,C00444,2024-01-23,S09,Cancelled
O003105,C01137,2024-08-02,S07,Completed
O003106,C00405,2025-02-02,S04,Completed
O003107,C00853,2025-02-13,S01,Completed
O003108,C00778,2024-05-10,S07,Completed
O003109,C00115,2024-05-27,S10,Completed
O003110,C01145,2025-01-15,S06,Completed
O003111,C00065,2024-04-18,S03,Completed
O003112,C00825,2025-07-05,S05,Completed
O003113,C00239,2024-04-30,S03,Completed
O003114,C00302,2024-10-21,S08,Completed
O003115,C00969,2024-04-29,S05,Completed
O003116,C00369,2025-03-31,S10,Completed
O003117,C00233,2025-06-13,S10,Completed
O003118,C00195,2024-06-17,S06,Completed
O003119,C00907,2025-12-10,S02,Completed
O003120,C01036,2024-05-22,S08,Completed
O003121,C00921,2024-02-06,S09,Completed
O003122,C00689,2025-11-28,S03,Completed
O003123,C00177,2024-09-17,S06,Completed
O003124,C00217,2024-08-18,S06,Completed
O003125,C01035,2024-09-10,S02,Completed
O003126,C00630,2024-11-24,S10,Completed
O003127,C00164,2024-10-23,S08,Completed
O003128,C00053,2024-01-10,S05,Cancelled
O003129,C00218,2025-03-21,S08,Completed
O003130,C00999,2024-08-17,S08,Completed
O003131,C00824,2025-06-19,S03,Cancelled
O003132,C00385,2024-03-18,S05,Returned
O003133,C00056,2025-02-28,S07,Completed
O003134,C00118,2024-07-11,S05,Completed
O003135,C00900,2025-02-04,S06,Returned
O003136,C00798,2024-04-18,S02,Completed
O003137,C00780,2024-09-19,S08,Completed
O003138,C01016,2024-11-24,S05,Completed
O003139,C00803,2024-12-28,S06,Returned
O003140,C00845,2025-01-12,S01,Completed
O003141,C00855,2024-12-06,S10,Completed
O003142,C00708,2024-09-15,S02,Completed
O003143,C01104,2024-11-30,S04,Completed
O003144,C00022,2024-03-25,S09,Returned
O003145,C00843,2025-06-05,S06,Completed
O003146,C01117,2025-07-24,S08,Completed
O003147,C00192,2024-11-03,S02,Completed
O003148,C01019,2024-09-18,S10,Completed
O003149,C01127,2025-09-22,S05,Completed
O003150,C00396,2025-11-10,S01,Completed
O003151,C01031,2025-12-01,S04,Completed
O003152,C00640,2025-03-27,S10,Completed
O003153,C01019,2024-09-07,S01,Completed
O003154,C00567,2024-11-19,S09,Completed
O003155,C00231,2024-08-16,S02,Completed
O003156,C00874,2025-12-02,S07,Cancelled
O003157,C00574,2025-09-27,S03,Completed
O003158,C00240,2025-08-18,S02,Completed
O003159,C00090,2024-10-23,S04,Completed
O003160,C00232,2025-12-27,S07,Completed
O003161,C00457,2024-08-24,S07,Returned
O003162,C00233,2025-09-16,S09,Completed
O003163,C00354,2024-08-04,S03,Completed
O003164,C01005,2024-09-02,S07,Completed
O003165,C00439,2025-03-23,S06,Completed
O003166,C00345,2024-11-14,S10,Completed
O003167,C00664,2025-03-07,S07,Completed
O003168,C00657,2025-02-07,S07,Completed
O003169,C00130,2024-02-06,S10,Returned
O003170,C00141,2025-07-29,S05,Completed
O003171,C00415,2025-12-31,S09,Returned
O003172,C01117,2024-12-07,S07,Completed
O003173,C00626,2025-01-23,S07,Completed
O003174,C00284,2024-02-03,S03,Completed
O003175,C00223,2024-02-08,S01,Completed
O003176,C00744,2025-08-01,S05,Completed
O003177,C00463,2024-07-27,S08,Completed
O003178,C01164,2024-05-31,S05,Completed
O003179,C00357,2024-12-30,S10,Completed
O003180,C01047,2024-07-17,S03,Completed
O003181,C00859,2025-08-23,S09,Completed
O003182,C00665,2024-03-19,S02,Cancelled
O003183,C01015,2025-04-21,S03,Completed
O003184,C00085,2025-03-09,S04,Completed
O003185,C00621,2024-02-01,S10,Completed
O003186,C01055,2024-03-27,S01,Completed
O003187,C00240,2025-07-04,S04,Completed
O003188,C00363,2025-01-27,S04,Completed
O003189,C00822,2025-09-04,S09,Completed
O003190,C00668,2024-08-31,S08,Completed
O003191,C00099,2024-08-19,S02,Completed
O003192,C00047,2025-08-02,S07,Completed
O003193,C00839,2024-07-10,S06,Completed
O003194,C00422,2025-06-23,S07,Completed
O003195,C00062,2024-09-26,S04,Completed
O003196,C01133,2024-03-17,S05,Completed
O003197,C01143,2024-06-15,S06,Cancelled
O003198,C01010,2024-10-10,S09,Completed
O003199,C00598,2025-12-04,S02,Completed
O003200,C00392,2024-03-29,S09,Completed
O003201,C00977,2025-06-27,S10,Completed
O003202,C01076,2025-10-10,S01,Completed
O003203,C00603,2024-06-04,S04,Completed
O003204,C00337,2024-09-06,S05,Completed
O003205,C00810,2024-04-04,S09,Cancelled
O003206,C00752,2024-01-17,S06,Completed
O003207,C01160,2024-04-26,S04,Completed
O003208,C00881,2024-11-28,S02,Completed
O003209,C00635,2025-06-05,S05,Completed
O003210,C00254,2024-03-20,S08,Completed
O003211,C01138,2025-10-07,S08,Completed
O003212,C00020,2025-03-07,S06,Completed
O003213,C00528,2024-07-21,S01,Completed
O003214,C01169,2024-04-25,S08,Completed
O003215,C00376,2024-08-07,S04,Completed
O003216,C00166,2024-09-09,S02,Completed
O003217,C00861,2024-06-17,S01,Completed
O003218,C00617,2024-11-11,S07,Completed
O003219,C00612,2025-12-17,S02,Completed
O003220,C00503,2025-01-06,S04,Completed
O003221,C00913,2025-08-05,S04,Completed
O003222,C00079,2024-06-04,S10,Completed
O003223,C00585,2025-09-05,S01,Completed
O003224,C00688,2024-01-13,S02,Completed
O003225,C00396,2025-05-22,S01,Completed
O003226,C01127,2025-04-09,S06,Completed
O003227,C00402,2024-08-07,S03,Completed
O003228,C00975,2024-01-15,S01,Completed
O003229,C00224,2024-04-26,S08,Completed
O003230,C00518,2024-11-26,S04,Completed
O003231,C00634,2024-02-25,S10,Completed
O003232,C00236,2024-12-16,S07,Cancelled
O003233,C00116,2024-05-11,S10,Completed
O003234,C01187,2024-08-13,S02,Completed
O003235,C00226,2024-11-03,S06,Completed
O003236,C00230,2025-04-19,S06,Cancelled
O003237,C00182,2024-08-09,S07,Completed
O003238,C00210,2024-06-21,S01,Completed
O003239,C00096,2024-12-05,S01,Completed
O003240,C00894,2025-05-20,S02,Completed
O003241,C00756,2024-06-05,S02,Completed
O003242,C01110,2024-05-30,S05,Completed
O003243,C00415,2025-11-27,S01,Completed
O003244,C00394,2024-06-26,S02,Completed
O003245,C00696,2025-06-16,S06,Completed
O003246,C00844,2024-04-21,S03,Completed
O003247,C00604,2025-11-13,S04,Completed
O003248,C00582,2024-05-17,S01,Completed
O003249,C00133,2024-08-20,S05,Completed
O003250,C00791,2024-11-27,S04,Completed
O003251,C00649,2025-06-25,S08,Completed
O003252,C00221,2024-11-02,S03,Completed
O003253,C00976,2024-06-09,S10,Completed
O003254,C01070,2025-02-05,S01,Cancelled
O003255,C00788,2025-08-12,S10,Completed
O003256,C00691,2024-10-04,S05,Completed
O003257,C00039,2024-11-15,S01,Completed
O003258,C00690,2025-06-16,S05,Completed
O003259,C00162,2025-05-11,S09,Cancelled
O003260,C01128,2024-12-28,S05,Completed
O003261,C00161,2025-01-06,S02,Completed
O003262,C01078,2025-10-16,S02,Completed
O003263,C01058,2024-02-05,S10,Completed
O003264,C00242,2024-10-29,S09,Completed
O003265,C00967,2025-03-13,S05,Completed
O003266,C00890,2025-12-26,S08,Completed
O003267,C00113,2024-02-01,S10,Cancelled
O003268,C01014,2024-07-04,S04,Completed
O003269,C00318,2024-06-22,S02,Completed
O003270,C00023,2025-07-19,S04,Completed
O003271,C00824,2025-11-03,S04,Completed
O003272,C01142,2024-09-06,S09,Completed
O003273,C00701,2024-10-05,S10,Completed
O003274,C01019,2025-11-13,S06,Completed
O003275,C01137,2025-11-25,S10,Completed
O003276,C01068,2024-01-02,S06,Completed
O003277,C00128,2024-07-12,S05,Completed
O003278,C00876,2024-06-14,S06,Completed
O003279,C00158,2024-04-19,S01,Completed
O003280,C00827,2025-01-14,S05,Completed
O003281,C00852,2025-08-05,S06,Completed
O003282,C00512,2025-11-06,S08,Completed
O003283,C00045,2024-10-11,S04,Completed
O003284,C01132,2025-02-24,S05,Completed
O003285,C00219,2024-04-22,S04,Completed
O003286,C00443,2024-08-15,S07,Completed
O003287,C00315,2025-04-15,S10,Cancelled
O003288,C00177,2025-06-11,S06,Completed
O003289,C00228,2025-05-10,S04,Completed
O003290,C00267,2024-01-31,S06,Cancelled
O003291,C00870,2024-06-10,S04,Cancelled
O003292,C00838,2025-12-05,S08,Completed
O003293,C00489,2025-12-22,S03,Completed
O003294,C00702,2025-01-12,S08,Returned
O003295,C00687,2025-03-21,S02,Completed
O003296,C00996,2025-03-02,S06,Completed
O003297,C00357,2025-11-26,S08,Completed
O003298,C00872,2025-05-18,S01,Completed
O003299,C00204,2025-06-10,S06,Completed
O003300,C00552,2025-12-21,S09,Completed
O003301,C00323,2025-11-14,S10,Completed
O003302,C00594,2025-06-15,S10,Completed
O003303,C00181,2025-08-04,S02,Completed
O003304,C00499,2025-06-03,S01,Completed
O003305,C00083,2024-02-03,S02,Completed
O003306,C00303,2025-11-21,S05,Completed
O003307,C00262,2025-05-04,S06,Completed
O003308,C00784,2025-09-11,S01,Completed
O003309,C00914,2025-02-26,S07,Completed
O003310,C00692,2025-04-12,S04,Completed
O003311,C00944,2024-01-24,S09,Completed
O003312,C00683,2024-08-03,S06,Completed
O003313,C00689,2024-02-24,S09,Completed
O003314,C00396,2024-01-26,S01,Completed
O003315,C01162,2024-10-07,S04,Completed
O003316,C00839,2024-11-22,S02,Completed
O003317,C00878,2024-07-04,S06,Completed
O003318,C00823,2025-05-09,S04,Completed
O003319,C01153,2024-01-12,S09,Completed
O003320,C00049,2025-10-02,S03,Completed
O003321,C00789,2025-03-09,S01,Completed
O003322,C00293,2024-07-26,S01,Completed
O003323,C00536,2024-05-12,S09,Completed
O003324,C00311,2024-12-04,S09,Completed
O003325,C00537,2024-07-14,S05,Returned
O003326,C00639,2024-09-18,S02,Completed
O003327,C00234,2024-10-08,S09,Completed
O003328,C00605,2025-01-03,S08,Completed
O003329,C00094,2024-04-12,S10,Completed
O003330,C00327,2025-09-23,S10,Completed
O003331,C00225,2024-07-01,S06,Returned
O003332,C00967,2025-02-26,S07,Completed
O003333,C00890,2024-01-09,S06,Completed
O003334,C00011,2025-07-10,S05,Completed
O003335,C01036,2024-08-31,S04,Completed
O003336,C00035,2025-09-15,S07,Completed
O003337,C00447,2025-07-20,S04,Completed
O003338,C00441,2025-01-27,S10,Returned
O003339,C00653,2025-06-10,S10,Completed
O003340,C00595,2024-02-06,S10,Completed
O003341,C00229,2024-06-26,S09,Completed
O003342,C00344,2025-09-30,S05,Completed
O003343,C01104,2025-09-20,S08,Completed
O003344,C00989,2024-03-12,S06,Completed
O003345,C01152,2024-12-17,S04,Completed
O003346,C00909,2025-09-14,S03,Cancelled
O003347,C00527,2024-05-28,S06,Completed
O003348,C00075,2025-11-27,S01,Completed
O003349,C00196,2024-04-14,S02,Completed
O003350,C00029,2025-10-20,S07,Completed
O003351,C00706,2024-08-08,S04,Returned
O003352,C01021,2025-01-08,S05,Returned
O003353,C00016,2025-06-01,S10,Completed
O003354,C00805,2024-09-16,S01,Completed
O003355,C00940,2024-10-25,S02,Cancelled
O003356,C00967,2024-02-11,S04,Completed
O003357,C01101,2025-05-06,S08,Completed
O003358,C00229,2025-03-14,S10,Completed
O003359,C00962,2024-02-16,S04,Completed
O003360,C00715,2024-03-25,S03,Completed
O003361,C00984,2025-11-16,S03,Completed
O003362,C00573,2024-02-27,S05,Completed
O003363,C00615,2025-12-11,S03,Completed
O003364,C00326,2024-07-27,S08,Completed
O003365,C00875,2024-09-04,S05,Completed
O003366,C00359,2024-07-29,S07,Completed
O003367,C00324,2024-02-08,S08,Completed
O003368,C00165,2024-09-08,S05,Cancelled
O003369,C00798,2025-10-04,S08,Completed
O003370,C00455,2025-02-16,S03,Cancelled
O003371,C01177,2025-03-21,S07,Completed
O003372,C01151,2024-02-21,S08,Completed
O003373,C00193,2025-01-08,S07,Completed
O003374,C00627,2025-06-09,S02,Completed
O003375,C00530,2024-06-04,S08,Returned
O003376,C01034,2025-06-25,S06,Completed
O003377,C00092,2024-03-30,S10,Completed
O003378,C00139,2025-11-09,S03,Completed
O003379,C00481,2024-12-16,S04,Cancelled
O003380,C00449,2024-03-09,S07,Completed
O003381,C00869,2024-06-11,S03,Completed
O003382,C00340,2024-08-29,S01,Completed
O003383,C01076,2025-05-09,S06,Completed
O003384,C00466,2025-01-17,S03,Completed
O003385,C00718,2024-02-21,S10,Completed
O003386,C00799,2025-10-15,S06,Completed
O003387,C00475,2024-03-03,S10,Completed
O003388,C00401,2025-05-23,S03,Cancelled
O003389,C00605,2024-10-18,S06,Completed
O003390,C00932,2024-03-31,S04,Completed
O003391,C00997,2025-10-25,S04,Completed
O003392,C00922,2025-02-27,S10,Completed
O003393,C00821,2025-10-30,S10,Completed
O003394,C00657,2024-12-30,S02,Completed
O003395,C00598,2024-05-29,S04,Completed
O003396,C01177,2024-09-27,S04,Completed
O003397,C00514,2025-08-03,S07,Completed
O003398,C01030,2024-04-25,S05,Completed
O003399,C00500,2025-12-04,S08,Completed
O003400,C00717,2025-05-30,S07,Returned
O003401,C01142,2025-08-09,S10,Completed
O003402,C00601,2024-08-28,S09,Completed
O003403,C00666,2024-01-30,S08,Completed
O003404,C00468,2024-05-22,S09,Completed
O003405,C00161,2024-11-21,S01,Cancelled
O003406,C00270,2025-11-25,S10,Completed
O003407,C01080,2024-01-16,S03,Completed
O003408,C00228,2024-04-20,S05,Completed
O003409,C00849,2025-12-13,S09,Completed
O003410,C00149,2024-04-16,S08,Completed
O003411,C01070,2025-01-13,S10,Completed
O003412,C01168,2024-06-10,S07,Completed
O003413,C00632,2024-10-09,S02,Completed
O003414,C00413,2024-09-25,S06,Completed
O003415,C00520,2025-04-28,S04,Returned
O003416,C00387,2025-10-28,S05,Completed
O003417,C00275,2024-03-13,S05,Completed
O003418,C00353,2024-07-15,S04,Completed
O003419,C01090,2024-08-30,S04,Completed
O003420,C01103,2025-08-20,S04,Completed
O003421,C00598,2024-09-15,S02,Completed
O003422,C00558,2024-05-28,S01,Completed
O003423,C00113,2025-01-24,S02,Completed
O003424,C01115,2025-02-19,S07,Completed
O003425,C00141,2025-03-01,S01,Completed
O003426,C00730,2025-12-02,S06,Completed
O003427,C00589,2024-08-04,S04,Completed
O003428,C00411,2024-03-26,S02,Completed
O003429,C00377,2024-08-03,S03,Completed
O003430,C01176,2025-02-26,S07,Completed
O003431,C00751,2024-11-15,S06,Returned
O003432,C00627,2024-04-27,S06,Completed
O003433,C00995,2025-02-18,S08,Returned
O003434,C00703,2025-08-21,S08,Completed
O003435,C00462,2024-02-09,S06,Completed
O003436,C00012,2024-06-09,S01,Completed
O003437,C01180,2025-12-03,S10,Completed
O003438,C00477,2025-06-20,S07,Cancelled
O003439,C00939,2025-02-23,S08,Completed
O003440,C00401,2025-10-25,S05,Completed
O003441,C00808,2024-04-04,S04,Completed
O003442,C00177,2025-03-17,S07,Completed
O003443,C00057,2025-07-11,S06,Completed
O003444,C00448,2025-10-11,S06,Completed
O003445,C00203,2025-04-10,S03,Completed
O003446,C00738,2024-10-14,S10,Completed
O003447,C00202,2025-11-06,S04,Completed
O003448,C00363,2025-02-15,S05,Completed
O003449,C00892,2025-02-03,S09,Completed
O003450,C00454,2025-06-11,S08,Completed
O003451,C00356,2024-01-18,S03,Completed
O003452,C00216,2024-05-15,S06,Cancelled
O003453,C00972,2025-04-08,S10,Completed
O003454,C00555,2024-09-04,S01,Returned
O003455,C00887,2025-12-10,S03,Completed
O003456,C00023,2024-01-01,S10,Completed
O003457,C00155,2025-12-02,S07,Completed
O003458,C00249,2025-01-15,S07,Completed
O003459,C00749,2025-05-23,S02,Completed
O003460,C00805,2025-04-04,S03,Completed
O003461,C00134,2025-05-19,S07,Cancelled
O003462,C00321,2025-04-20,S06,Completed
O003463,C00390,2025-07-10,S07,Completed
O003464,C00434,2024-02-01,S10,Completed
O003465,C01046,2024-04-27,S09,Returned
O003466,C00873,2024-07-02,S08,Completed
O003467,C01149,2024-07-09,S06,Completed
O003468,C01103,2025-12-28,S04,Completed
O003469,C00858,2024-03-14,S10,Completed
O003470,C00051,2025-09-14,S09,Completed
O003471,C00176,2024-04-12,S07,Completed
O003472,C00870,2025-08-08,S05,Completed
O003473,C00253,2025-02-23,S02,Completed
O003474,C00966,2025-04-17,S09,Cancelled
O003475,C00739,2024-04-23,S07,Completed
O003476,C01130,2025-01-13,S09,Returned
O003477,C00302,2024-11-08,S09,Completed
O003478,C00548,2024-11-25,S10,Completed
O003479,C00716,2024-12-04,S05,Completed
O003480,C00779,2024-08-25,S07,Completed
O003481,C00268,2024-06-21,S05,Returned
O003482,C01194,2024-03-19,S03,Completed
O003483,C01010,2025-04-08,S10,Completed
O003484,C00551,2025-08-27,S08,Returned
O003485,C01165,2025-05-15,S08,Completed
O003486,C01170,2025-07-15,S09,Completed
O003487,C00314,2024-10-11,S06,Completed
O003488,C00184,2024-08-10,S02,Completed
O003489,C00713,2025-08-15,S03,Completed
O003490,C00128,2024-09-22,S10,Completed
O003491,C00700,2025-10-28,S06,Completed
O003492,C00386,2025-01-07,S01,Completed
O003493,C00271,2024-08-20,S02,Completed
O003494,C00811,2024-08-23,S08,Completed
O003495,C00415,2025-11-01,S08,Completed
O003496,C00198,2024-11-09,S06,Completed
O003497,C01080,2025-01-14,S03,Completed
O003498,C00831,2025-09-05,S02,Completed
O003499,C00628,2025-07-16,S06,Completed
O003500,C00604,2025-02-23,S01,Completed
O003501,C01162,2024-02-21,S10,Completed
O003502,C01081,2025-12-21,S06,Completed
O003503,C01010,2025-10-04,S09,Cancelled
O003504,C00071,2025-05-23,S07,Completed
O003505,C00911,2024-07-23,S09,Completed
O003506,C00594,2025-12-31,S02,Cancelled
O003507,C00600,2024-09-13,S05,Completed
O003508,C00514,2024-07-03,S09,Completed
O003509,C00084,2024-05-24,S07,Completed
O003510,C00994,2025-11-20,S09,Completed
O003511,C01067,2024-01-14,S06,Completed
O003512,C00839,2024-09-02,S07,Completed
O003513,C00606,2024-07-05,S10,Completed
O003514,C00810,2024-12-02,S05,Returned
O003515,C00133,2024-09-15,S06,Returned
O003516,C01089,2024-02-09,S01,Completed
O003517,C00290,2025-08-23,S01,Completed
O003518,C00376,2025-09-28,S02,Completed
O003519,C00769,2025-02-21,S04,Completed
O003520,C00467,2024-12-16,S09,Completed
O003521,C01172,2024-01-09,S07,Completed
O003522,C00471,2024-12-15,S06,Completed
O003523,C00149,2024-03-24,S01,Completed
O003524,C00088,2025-06-16,S05,Completed
O003525,C00396,2024-12-23,S04,Completed
O003526,C00790,2025-01-12,S05,Completed
O003527,C01106,2024-06-20,S09,Completed
O003528,C00865,2024-01-25,S03,Completed
O003529,C00024,2025-01-27,S04,Returned
O003530,C00956,2024-04-12,S08,Completed
O003531,C00311,2025-12-02,S03,Completed
O003532,C00664,2024-08-23,S03,Completed
O003533,C00438,2025-02-13,S09,Completed
O003534,C00706,2025-07-02,S05,Completed
O003535,C00422,2024-11-27,S10,Completed
O003536,C00321,2025-10-25,S01,Completed
O003537,C00587,2025-06-15,S07,Completed
O003538,C00947,2025-10-10,S07,Completed
O003539,C01187,2024-01-29,S06,Completed
O003540,C01189,2025-06-26,S06,Completed
O003541,C00849,2024-01-19,S03,Completed
O003542,C00042,2024-05-27,S03,Completed
O003543,C00939,2025-04-15,S10,Completed
O003544,C00387,2025-05-05,S09,Completed
O003545,C01162,2024-10-09,S01,Completed
O003546,C00910,2025-11-05,S07,Completed
O003547,C00716,2024-04-22,S10,Completed
O003548,C00431,2025-03-30,S07,Completed
O003549,C00554,2025-10-23,S08,Cancelled
O003550,C00800,2024-11-25,S06,Completed
O003551,C00426,2024-09-11,S08,Completed
O003552,C00026,2025-08-21,S01,Completed
O003553,C00385,2025-02-02,S01,Completed
O003554,C00056,2025-09-01,S09,Completed
O003555,C00634,2025-05-22,S04,Cancelled
O003556,C00106,2025-10-05,S03,Completed
O003557,C01154,2025-04-10,S06,Completed
O003558,C00849,2025-02-10,S10,Completed
O003559,C00670,2025-08-31,S09,Completed
O003560,C00376,2024-04-07,S10,Completed
O003561,C00743,2024-10-16,S04,Completed
O003562,C00967,2025-10-18,S09,Completed
O003563,C00308,2024-06-04,S05,Cancelled
O003564,C00091,2024-06-10,S07,Completed
O003565,C00802,2025-09-15,S03,Completed
O003566,C00110,2025-11-27,S03,Completed
O003567,C00585,2025-12-17,S03,Completed
O003568,C00340,2024-04-06,S08,Completed
O003569,C00979,2025-01-11,S06,Completed
O003570,C00356,2025-07-20,S09,Completed
O003571,C00168,2025-03-25,S09,Completed
O003572,C00557,2024-04-26,S08,Completed
O003573,C00905,2025-08-27,S01,Completed
O003574,C00105,2025-12-16,S06,Completed
O003575,C00150,2025-05-20,S04,Completed
O003576,C00146,2024-07-07,S04,Completed
O003577,C00716,2025-04-20,S03,Completed
O003578,C00874,2024-11-18,S09,Completed
O003579,C00299,2025-08-18,S02,Completed
O003580,C01191,2024-06-28,S01,Completed
O003581,C00646,2024-06-29,S10,Completed
O003582,C00723,2025-11-23,S03,Completed
O003583,C01072,2024-10-13,S04,Completed
O003584,C00638,2025-04-19,S04,Completed
O003585,C00239,2025-09-09,S06,Completed
O003586,C01031,2025-10-02,S01,Completed
O003587,C00464,2024-09-18,S01,Completed
O003588,C00453,2025-06-06,S02,Returned
O003589,C00784,2024-06-10,S04,Completed
O003590,C00897,2025-05-01,S07,Completed
O003591,C00371,2024-06-29,S06,Completed
O003592,C00487,2025-12-25,S09,Completed
O003593,C00165,2025-04-13,S07,Completed
O003594,C01149,2024-01-21,S05,Completed
O003595,C00192,2024-10-01,S06,Completed
O003596,C00730,2024-09-16,S10,Completed
O003597,C00214,2024-11-28,S09,Completed
O003598,C00574,2025-04-10,S01,Completed
O003599,C00957,2024-04-25,S09,Completed
O003600,C00381,2025-02-16,S06,Completed
O003601,C00673,2025-06-20,S04,Completed
O003602,C00798,2025-12-23,S05,Completed
O003603,C00239,2024-09-13,S01,Completed
O003604,C00700,2024-06-16,S07,Completed
O003605,C01106,2025-06-16,S08,Completed
O003606,C00505,2025-08-20,S05,Returned
O003607,C00202,2024-01-15,S02,Completed
O003608,C00920,2024-02-19,S08,Returned
O003609,C00037,2024-10-30,S10,Completed
O003610,C00644,2025-05-01,S07,Completed
O003611,C00765,2025-02-19,S10,Completed
O003612,C00706,2024-10-31,S09,Completed
O003613,C01200,2024-07-14,S04,Cancelled
O003614,C00545,2025-01-22,S09,Completed
O003615,C00540,2025-03-30,S04,Completed
O003616,C01017,2025-12-13,S03,Completed
O003617,C00394,2025-12-05,S03,Completed
O003618,C00833,2025-10-19,S10,Returned
O003619,C01066,2024-11-05,S02,Completed
O003620,C00597,2024-05-06,S10,Completed
O003621,C00393,2024-06-23,S03,Completed
O003622,C00700,2024-05-13,S08,Returned
O003623,C00441,2024-03-06,S08,Completed
O003624,C00918,2025-01-27,S02,Returned
O003625,C00320,2024-12-30,S02,Completed
O003626,C00553,2024-10-05,S02,Completed
O003627,C01095,2024-12-28,S10,Completed
O003628,C00568,2024-06-19,S07,Completed
O003629,C00919,2024-02-20,S06,Completed
O003630,C00236,2024-11-23,S01,Completed
O003631,C00987,2025-10-26,S02,Completed
O003632,C01186,2025-08-14,S01,Completed
O003633,C01033,2024-05-24,S07,Completed
O003634,C00060,2024-09-30,S06,Completed
O003635,C00893,2024-06-03,S02,Completed
O003636,C00225,2025-05-22,S02,Completed
O003637,C00700,2024-12-28,S02,Completed
O003638,C00582,2024-11-20,S08,Cancelled
O003639,C00994,2025-10-16,S07,Completed
O003640,C00169,2024-10-24,S01,Completed
O003641,C01086,2025-05-08,S04,Completed
O003642,C00014,2025-06-29,S04,Completed
O003643,C00164,2024-10-30,S07,Completed
O003644,C00757,2025-04-11,S02,Completed
O003645,C01052,2024-08-26,S04,Completed
O003646,C00446,2025-10-11,S01,Completed
O003647,C00716,2025-05-31,S04,Completed
O003648,C00976,2024-06-24,S01,Completed
O003649,C00819,2025-02-13,S02,Returned
O003650,C00104,2025-12-26,S02,Cancelled
O003651,C00742,2024-12-29,S10,Completed
O003652,C00426,2024-01-23,S03,Completed
O003653,C01125,2024-11-13,S08,Completed
O003654,C00639,2025-06-08,S06,Completed
O003655,C00850,2024-10-02,S06,Completed
O003656,C01130,2025-08-26,S09,Completed
O003657,C00769,2025-09-11,S08,Completed
O003658,C00277,2024-08-16,S02,Completed
O003659,C01089,2025-10-25,S06,Completed
O003660,C00900,2024-04-17,S01,Completed
O003661,C00188,2024-06-24,S09,Completed
O003662,C01162,2024-11-15,S04,Completed
O003663,C00105,2024-10-12,S04,Returned
O003664,C00546,2024-11-24,S09,Completed
O003665,C00380,2025-10-18,S03,Completed
O003666,C00110,2024-12-21,S05,Completed
O003667,C00545,2024-01-14,S01,Completed
O003668,C00354,2024-10-01,S06,Completed
O003669,C00743,2024-03-11,S03,Completed
O003670,C00317,2024-07-13,S01,Completed
O003671,C01089,2025-06-06,S10,Completed
O003672,C00333,2024-04-15,S06,Completed
O003673,C01157,2024-07-14,S10,Completed
O003674,C00592,2024-05-24,S02,Completed
O003675,C00783,2024-12-15,S08,Completed
O003676,C00540,2025-02-27,S02,Completed
O003677,C00735,2025-04-15,S04,Returned
O003678,C00621,2025-11-16,S03,Completed
O003679,C00619,2024-08-03,S09,Completed
O003680,C00909,2024-04-02,S02,Completed
O003681,C00992,2024-09-16,S03,Completed
O003682,C00099,2025-07-28,S07,Completed
O003683,C00317,2025-06-24,S04,Completed
O003684,C00123,2024-10-11,S06,Completed
O003685,C00799,2025-04-28,S03,Completed
O003686,C00457,2025-01-06,S01,Completed
O003687,C00522,2024-03-10,S06,Returned
O003688,C00520,2025-01-13,S04,Completed
O003689,C00917,2024-10-05,S02,Completed
O003690,C00717,2024-10-28,S07,Completed
O003691,C00315,2024-09-11,S10,Completed
O003692,C00709,2025-11-14,S05,Completed
O003693,C00710,2025-11-22,S06,Completed
O003694,C01044,2024-09-20,S06,Completed
O003695,C00560,2025-11-25,S09,Completed
O003696,C00969,2025-12-17,S02,Completed
O003697,C01154,2025-02-27,S06,Completed
O003698,C01156,2024-07-31,S09,Completed
O003699,C00356,2025-11-01,S04,Completed
O003700,C01078,2024-04-09,S06,Completed
O003701,C00890,2024-04-21,S07,Completed
O003702,C00793,2024-11-03,S01,Cancelled
O003703,C00265,2025-11-08,S05,Completed
O003704,C00982,2025-04-19,S04,Completed
O003705,C00802,2025-07-01,S10,Completed
O003706,C00043,2024-04-21,S02,Completed
O003707,C00862,2024-03-27,S02,Completed
O003708,C01154,2024-07-01,S02,Returned
O003709,C00350,2025-08-19,S07,Completed
O003710,C01130,2024-06-13,S04,Completed
O003711,C00912,2024-03-30,S06,Completed
O003712,C00001,2025-03-30,S07,Completed
O003713,C00584,2024-08-25,S09,Completed
O003714,C00432,2025-06-17,S02,Cancelled
O003715,C00053,2025-11-09,S10,Completed
O003716,C00940,2025-12-27,S09,Cancelled
O003717,C00520,2024-02-27,S05,Completed
O003718,C01138,2025-06-25,S06,Completed
O003719,C00147,2025-09-09,S06,Completed
O003720,C01190,2025-02-05,S03,Returned
O003721,C01163,2025-11-09,S10,Completed
O003722,C00629,2025-10-27,S07,Completed
O003723,C00299,2025-06-02,S07,Completed
O003724,C00789,2024-07-15,S08,Completed
O003725,C00850,2024-02-15,S05,Completed
O003726,C00178,2025-06-13,S02,Completed
O003727,C00842,2025-01-31,S03,Completed
O003728,C01178,2025-10-26,S09,Completed
O003729,C00878,2024-03-14,S06,Cancelled
O003730,C01139,2025-02-19,S08,Cancelled
O003731,C00759,2025-10-18,S08,Completed
O003732,C01092,2025-09-05,S05,Completed
O003733,C00445,2024-11-30,S01,Completed
O003734,C00708,2025-09-24,S06,Completed
O003735,C00602,2025-11-18,S07,Completed
O003736,C00145,2025-07-28,S09,Completed
O003737,C00275,2024-10-22,S02,Completed
O003738,C00509,2024-03-24,S02,Completed
O003739,C00753,2024-01-15,S10,Completed
O003740,C00477,2024-05-13,S01,Completed
O003741,C01177,2025-04-22,S05,Completed
O003742,C01128,2025-09-24,S02,Completed
O003743,C01099,2024-11-14,S03,Completed
O003744,C01152,2025-01-26,S02,Completed
O003745,C00666,2025-04-23,S04,Completed
O003746,C00568,2025-10-01,S03,Completed
O003747,C00531,2025-01-02,S09,Completed
O003748,C00159,2025-01-01,S10,Completed
O003749,C00681,2024-10-14,S02,Completed
O003750,C00023,2025-01-12,S07,Completed
O003751,C01071,2025-11-22,S03,Completed
O003752,C00525,2025-04-07,S10,Completed
O003753,C00729,2025-08-16,S08,Completed
O003754,C00144,2024-01-13,S04,Completed
O003755,C00668,2025-06-19,S04,Completed
O003756,C00681,2024-06-16,S09,Completed
O003757,C00973,2024-09-26,S03,Completed
O003758,C00799,2024-03-10,S07,Completed
O003759,C00085,2024-11-13,S01,Completed
O003760,C00416,2025-01-10,S07,Completed
O003761,C00694,2024-03-29,S10,Completed
O003762,C00482,2025-12-01,S02,Completed
O003763,C00456,2024-09-13,S06,Completed
O003764,C00827,2024-08-04,S09,Completed
O003765,C00297,2025-03-25,S06,Completed
O003766,C01136,2025-06-27,S03,Completed
O003767,C01120,2024-05-20,S01,Completed
O003768,C00950,2024-06-09,S04,Cancelled
O003769,C00680,2024-02-01,S04,Completed
O003770,C00378,2024-05-31,S08,Completed
O003771,C01180,2024-09-16,S10,Returned
O003772,C00421,2025-12-28,S10,Completed
O003773,C00105,2024-10-05,S07,Completed
O003774,C00330,2024-10-11,S10,Returned
O003775,C00439,2025-09-01,S07,Completed
O003776,C01156,2025-06-25,S07,Completed
O003777,C00382,2025-08-24,S02,Completed
O003778,C00138,2024-05-27,S09,Cancelled
O003779,C00943,2025-10-17,S06,Completed
O003780,C00843,2024-03-07,S02,Completed
O003781,C00270,2025-07-23,S01,Cancelled
O003782,C00396,2024-10-05,S01,Completed
O003783,C00913,2025-03-18,S01,Completed
O003784,C00464,2025-02-02,S04,Completed
O003785,C00450,2024-05-07,S04,Completed
O003786,C00020,2024-12-02,S09,Completed
O003787,C00239,2025-04-26,S01,Completed
O003788,C00418,2025-12-21,S03,Completed
O003789,C01055,2024-07-04,S03,Cancelled
O003790,C01128,2024-06-17,S08,Completed
O003791,C00186,2025-11-14,S02,Completed
O003792,C01152,2024-09-16,S06,Cancelled
O003793,C00253,2025-12-17,S04,Completed
O003794,C00019,2025-10-08,S10,Completed
O003795,C00712,2025-07-11,S06,Completed
O003796,C01160,2025-05-21,S05,Completed
O003797,C00223,2025-06-04,S09,Completed
O003798,C00003,2025-04-15,S09,Completed
O003799,C00854,2024-06-09,S01,Completed
O003800,C00228,2024-10-15,S03,Completed
O003801,C00913,2024-12-05,S01,Completed
O003802,C00499,2025-05-16,S06,Completed
O003803,C00521,2024-04-15,S03,Completed
O003804,C00702,2025-04-19,S01,Returned
O003805,C00917,2025-08-22,S06,Completed
O003806,C01163,2025-04-07,S05,Cancelled
O003807,C00291,2025-04-27,S08,Completed
O003808,C01077,2025-12-04,S02,Completed
O003809,C01134,2024-06-01,S08,Completed
O003810,C00715,2025-10-10,S05,Completed
O003811,C00948,2024-05-28,S08,Completed
O003812,C00648,2024-07-06,S10,Cancelled
O003813,C01028,2025-10-14,S04,Completed
O003814,C00684,2024-05-10,S04,Completed
O003815,C00870,2025-03-27,S10,Completed
O003816,C01071,2025-05-30,S04,Completed
O003817,C00094,2025-05-05,S06,Completed
O003818,C00940,2025-04-20,S04,Completed
O003819,C00560,2024-09-19,S09,Completed
O003820,C00213,2025-06-21,S09,Completed
O003821,C00436,2025-04-03,S03,Cancelled
O003822,C00852,2025-06-19,S07,Completed
O003823,C00508,2025-09-28,S05,Completed
O003824,C00836,2025-11-14,S09,Completed
O003825,C00651,2024-10-21,S02,Completed
O003826,C00205,2025-03-10,S03,Completed
O003827,C00381,2024-10-01,S10,Completed
O003828,C01097,2025-08-10,S05,Completed
O003829,C01100,2024-11-03,S05,Completed
O003830,C00077,2025-12-26,S10,Completed
O003831,C00816,2025-01-10,S07,Completed
O003832,C00768,2024-06-06,S08,Completed
O003833,C00410,2024-07-22,S08,Completed
O003834,C00106,2025-10-22,S01,Completed
O003835,C00551,2024-03-15,S01,Completed
O003836,C00826,2025-01-14,S03,Cancelled
O003837,C00088,2024-10-30,S01,Completed
O003838,C00881,2024-03-02,S01,Completed
O003839,C01101,2025-07-23,S10,Completed
O003840,C01101,2024-04-17,S08,Completed
O003841,C00540,2024-07-05,S01,Completed
O003842,C00245,2024-08-16,S09,Cancelled
O003843,C00578,2024-02-17,S02,Completed
O003844,C00982,2024-09-24,S09,Completed
O003845,C00717,2025-12-27,S07,Completed
O003846,C00142,2024-09-10,S09,Completed
O003847,C00893,2024-03-27,S03,Completed
O003848,C01108,2024-06-29,S01,Completed
O003849,C01167,2024-01-25,S01,Completed
O003850,C00352,2025-01-22,S10,Completed
O003851,C00545,2024-08-09,S06,Completed
O003852,C00913,2025-01-31,S07,Completed
O003853,C00152,2025-05-25,S09,Completed
O003854,C01182,2025-07-14,S06,Completed
O003855,C00653,2025-03-15,S05,Completed
O003856,C00958,2024-06-23,S02,Completed
O003857,C00763,2024-11-06,S02,Returned
O003858,C00624,2024-09-30,S08,Completed
O003859,C00656,2024-02-04,S01,Completed
O003860,C00450,2024-08-04,S08,Completed
O003861,C00721,2025-12-21,S10,Completed
O003862,C00043,2025-11-02,S07,Completed
O003863,C00264,2025-02-11,S07,Completed
O003864,C01027,2025-06-02,S05,Completed
O003865,C00596,2024-09-25,S03,Completed
O003866,C01040,2025-09-29,S07,Completed
O003867,C01083,2025-04-19,S07,Completed
O003868,C01013,2024-11-20,S07,Completed
O003869,C00177,2024-12-21,S02,Completed
O003870,C00063,2024-03-30,S03,Completed
O003871,C00958,2024-02-11,S03,Completed
O003872,C01003,2024-12-30,S04,Completed
O003873,C00561,2025-11-01,S09,Completed
O003874,C00955,2024-07-20,S10,Completed
O003875,C00850,2024-12-31,S01,Completed
O003876,C00604,2024-10-14,S07,Completed
O003877,C00606,2025-08-25,S07,Completed
O003878,C00830,2025-04-25,S04,Completed
O003879,C00746,2025-09-28,S01,Completed
O003880,C00558,2025-05-15,S03,Completed
O003881,C00064,2025-09-29,S05,Completed
O003882,C00942,2024-02-21,S02,Completed
O003883,C00249,2024-04-12,S07,Completed
O003884,C00940,2024-12-26,S10,Completed
O003885,C00157,2025-02-27,S10,Completed
O003886,C00735,2025-11-29,S07,Completed
O003887,C00985,2024-07-23,S10,Completed
O003888,C01112,2024-01-14,S05,Completed
O003889,C01090,2025-09-07,S10,Completed
O003890,C00662,2025-09-20,S06,Completed
O003891,C01044,2025-04-14,S01,Completed
O003892,C00033,2025-04-10,S04,Completed
O003893,C00558,2024-10-30,S04,Completed
O003894,C00073,2025-08-27,S08,Completed
O003895,C00825,2025-03-02,S02,Completed
O003896,C01157,2025-10-17,S01,Returned
O003897,C01079,2024-04-19,S07,Completed
O003898,C00061,2025-11-05,S06,Completed
O003899,C00272,2025-07-18,S05,Completed
O003900,C00246,2025-05-29,S08,Completed
O003901,C01200,2024-03-08,S02,Returned
O003902,C00628,2024-09-02,S02,Completed
O003903,C00705,2025-01-23,S09,Completed
O003904,C00662,2025-10-11,S01,Completed
O003905,C01155,2024-11-03,S06,Completed
O003906,C01126,2024-12-17,S03,Completed
O003907,C00310,2024-03-06,S05,Completed
O003908,C00495,2025-04-04,S08,Completed
O003909,C00338,2024-12-12,S07,Completed
O003910,C00579,2024-11-20,S04,Completed
O003911,C00010,2025-10-28,S08,Completed
O003912,C00049,2025-08-21,S10,Completed
O003913,C00623,2024-02-02,S02,Completed
O003914,C00731,2024-03-08,S07,Completed
O003915,C00795,2024-07-05,S05,Completed
O003916,C00971,2024-07-10,S06,Completed
O003917,C00133,2024-07-31,S03,Completed
O003918,C00083,2025-08-22,S10,Completed
O003919,C00057,2025-03-03,S07,Cancelled
O003920,C00376,2024-12-16,S07,Returned
O003921,C00349,2024-04-17,S02,Completed
O003922,C00271,2024-08-27,S01,Completed
O003923,C00111,2024-08-03,S10,Completed
O003924,C00869,2024-06-25,S02,Cancelled
O003925,C00887,2025-07-18,S08,Completed
O003926,C00076,2024-11-25,S10,Completed
O003927,C01182,2025-07-14,S03,Completed
O003928,C00329,2025-09-17,S04,Completed
O003929,C00122,2025-03-25,S08,Completed
O003930,C00041,2025-08-29,S03,Completed
O003931,C01191,2025-03-22,S06,Completed
O003932,C00922,2025-06-20,S02,Completed
O003933,C00642,2025-10-05,S03,Returned
O003934,C01047,2024-06-27,S01,Cancelled
O003935,C00279,2025-01-29,S09,Completed
O003936,C00763,2024-05-24,S04,Completed
O003937,C00469,2024-07-16,S06,Completed
O003938,C00009,2024-03-24,S07,Completed
O003939,C00013,2025-10-30,S02,Completed
O003940,C00924,2024-03-25,S08,Completed
O003941,C00923,2025-04-01,S09,Completed
O003942,C01076,2025-04-20,S10,Completed
O003943,C01075,2024-09-09,S02,Completed
O003944,C00653,2024-03-12,S05,Completed
O003945,C00621,2024-08-10,S02,Completed
O003946,C00196,2024-10-02,S05,Completed
O003947,C00417,2024-09-02,S07,Completed
O003948,C00664,2024-12-06,S06,Completed
O003949,C00148,2025-07-26,S04,Completed
O003950,C01001,2025-04-15,S02,Cancelled
O003951,C00364,2025-03-29,S07,Completed
O003952,C00402,2024-01-07,S10,Completed
O003953,C00606,2024-07-06,S09,Completed
O003954,C00229,2024-01-04,S01,Completed
O003955,C00537,2025-10-06,S03,Completed
O003956,C00268,2024-05-04,S07,Completed
O003957,C01035,2024-01-15,S09,Completed
O003958,C00126,2025-06-08,S05,Completed
O003959,C00306,2025-09-21,S07,Completed
O003960,C01113,2024-08-27,S10,Completed
O003961,C00628,2024-12-25,S07,Completed
O003962,C00689,2025-06-01,S04,Completed
O003963,C01038,2024-11-15,S05,Completed
O003964,C00281,2024-08-18,S02,Completed
O003965,C00443,2024-01-30,S08,Completed
O003966,C00837,2025-06-17,S01,Completed
O003967,C00389,2024-06-04,S02,Completed
O003968,C00617,2025-09-21,S03,Completed
O003969,C00147,2025-12-05,S07,Completed
O003970,C00521,2025-02-02,S06,Completed
O003971,C00630,2024-12-11,S07,Completed
O003972,C00434,2024-07-13,S05,Completed
O003973,C00144,2024-06-16,S04,Completed
O003974,C00289,2025-01-11,S07,Completed
O003975,C00014,2025-05-03,S03,Completed
O003976,C00257,2024-12-27,S10,Completed
O003977,C00858,2025-04-26,S07,Completed
O003978,C00943,2024-08-31,S02,Returned
O003979,C01196,2025-08-03,S08,Completed
O003980,C00464,2025-08-29,S06,Completed
O003981,C00270,2025-08-11,S03,Completed
O003982,C01176,2024-06-19,S03,Completed
O003983,C00623,2025-05-27,S05,Completed
O003984,C00072,2025-02-09,S03,Completed
O003985,C00074,2025-07-27,S06,Completed
O003986,C00355,2024-07-25,S02,Completed
O003987,C00497,2024-06-02,S08,Completed
O003988,C00988,2024-02-17,S09,Completed
O003989,C00580,2025-10-10,S07,Completed
O003990,C00910,2024-01-01,S03,Completed
O003991,C00373,2025-02-10,S10,Completed
O003992,C00362,2024-04-16,S04,Returned
O003993,C00093,2024-06-21,S10,Completed
O003994,C00324,2025-05-20,S02,Completed
O003995,C00384,2024-05-09,S09,Completed
O003996,C00575,2025-02-01,S05,Completed
O003997,C00736,2024-10-20,S02,Completed
O003998,C00737,2025-07-05,S10,Completed
O003999,C00346,2025-03-22,S06,Cancelled
O004000,C01127,2024-01-16,S07,Completed
O004001,C00719,2025-09-30,S02,Completed
O004002,C00781,2024-12-14,S01,Completed
O004003,C01020,2024-07-21,S07,Completed
O004004,C00664,2024-05-13,S01,Completed
O004005,C00600,2025-06-09,S03,Completed
O004006,C00011,2025-05-22,S04,Completed
O004007,C00187,2024-03-06,S02,Completed
O004008,C00726,2025-04-24,S07,Completed
O004009,C01039,2025-04-03,S05,Completed
O004010,C00778,2024-12-07,S01,Completed
O004011,C00411,2025-12-07,S08,Completed
O004012,C00956,2025-09-17,S10,Completed
O004013,C00585,2024-06-07,S07,Completed
O004014,C01076,2024-06-09,S04,Completed
O004015,C01052,2024-09-10,S02,Completed
O004016,C00577,2025-06-10,S07,Completed
O004017,C01041,2025-07-02,S02,Completed
O004018,C00989,2024-06-03,S06,Completed
O004019,C00743,2025-04-30,S01,Completed
O004020,C01128,2025-03-07,S07,Completed
O004021,C00204,2024-01-27,S07,Completed
O004022,C01077,2024-01-12,S04,Completed
O004023,C00974,2024-03-07,S04,Completed
O004024,C00940,2025-06-25,S10,Cancelled
O004025,C01078,2024-04-05,S05,Completed
O004026,C01055,2024-08-02,S02,Cancelled
O004027,C01159,2024-07-12,S09,Returned
O004028,C01082,2025-10-08,S10,Completed
O004029,C00105,2024-10-16,S04,Completed
O004030,C00253,2025-06-27,S09,Completed
O004031,C00295,2024-02-08,S03,Completed
O004032,C00668,2024-07-24,S09,Completed
O004033,C01182,2025-07-08,S01,Completed
O004034,C00549,2025-04-28,S07,Completed
O004035,C00631,2024-12-02,S04,Completed
O004036,C01091,2025-05-10,S07,Completed
O004037,C00299,2024-09-05,S10,Completed
O004038,C00101,2024-03-14,S06,Completed
O004039,C01080,2025-01-07,S04,Completed
O004040,C00332,2025-12-02,S04,Completed
O004041,C00836,2024-05-17,S08,Completed
O004042,C00393,2025-04-01,S07,Completed
O004043,C00874,2025-03-19,S04,Completed
O004044,C00381,2024-12-18,S06,Completed
O004045,C00092,2025-02-14,S06,Completed
O004046,C00447,2025-11-08,S01,Completed
O004047,C00109,2025-06-21,S02,Completed
O004048,C00317,2025-03-28,S04,Completed
O004049,C01192,2025-02-22,S06,Completed
O004050,C00442,2025-03-25,S06,Completed
O004051,C00218,2025-08-07,S01,Completed
O004052,C00673,2024-04-24,S08,Completed
O004053,C00278,2024-02-20,S02,Completed
O004054,C01009,2025-01-03,S05,Completed
O004055,C00569,2025-11-13,S04,Completed
O004056,C01010,2025-05-29,S05,Completed
O004057,C00875,2024-07-28,S05,Returned
O004058,C00466,2025-09-18,S10,Completed
O004059,C00839,2025-11-09,S08,Completed
O004060,C00754,2025-03-10,S10,Completed
O004061,C00838,2024-08-14,S07,Completed
O004062,C00030,2025-10-24,S09,Completed
O004063,C00359,2024-09-24,S01,Completed
O004064,C00086,2024-04-25,S06,Completed
O004065,C00747,2025-08-22,S06,Completed
O004066,C00313,2024-12-25,S02,Cancelled
O004067,C00365,2024-11-24,S08,Completed
O004068,C00905,2024-02-09,S06,Completed
O004069,C00698,2024-06-30,S10,Completed
O004070,C00131,2025-05-04,S09,Completed
O004071,C00803,2024-07-27,S10,Completed
O004072,C00789,2024-09-29,S05,Completed
O004073,C00351,2024-04-28,S07,Cancelled
O004074,C00180,2025-01-16,S06,Completed
O004075,C01187,2025-06-19,S05,Completed
O004076,C01120,2024-09-14,S06,Completed
O004077,C00774,2025-04-27,S04,Completed
O004078,C00510,2025-05-23,S03,Completed
O004079,C00365,2024-04-01,S01,Completed
O004080,C00981,2024-06-09,S01,Completed
O004081,C00353,2024-05-28,S06,Completed
O004082,C00800,2024-04-26,S09,Completed
O004083,C01107,2025-04-02,S08,Completed
O004084,C00412,2025-07-18,S02,Completed
O004085,C00735,2024-02-14,S09,Completed
O004086,C00981,2024-08-21,S08,Completed
O004087,C00118,2025-01-09,S09,Completed
O004088,C00482,2025-06-30,S04,Completed
O004089,C00192,2024-07-15,S09,Completed
O004090,C00591,2024-01-25,S02,Completed
O004091,C00590,2025-01-29,S01,Completed
O004092,C00659,2025-12-14,S09,Completed
O004093,C00107,2024-02-05,S10,Completed
O004094,C00382,2025-04-18,S08,Completed
O004095,C00783,2024-08-10,S07,Completed
O004096,C00390,2025-06-13,S08,Completed
O004097,C00244,2024-07-06,S01,Completed
O004098,C00585,2025-02-05,S09,Completed
O004099,C00869,2024-09-13,S10,Cancelled
O004100,C00468,2025-10-15,S09,Completed
O004101,C00866,2024-05-15,S09,Completed
O004102,C00934,2025-08-13,S06,Completed
O004103,C00604,2025-03-19,S04,Completed
O004104,C01015,2025-02-21,S02,Completed
O004105,C01097,2024-10-18,S04,Completed
O004106,C00860,2025-07-27,S07,Completed
O004107,C00013,2024-05-08,S01,Completed
O004108,C00299,2024-12-06,S09,Completed
O004109,C01100,2024-09-13,S03,Completed
O004110,C01075,2025-12-24,S04,Cancelled
O004111,C00787,2025-07-19,S05,Completed
O004112,C00149,2025-11-17,S03,Completed
O004113,C00122,2024-04-09,S04,Completed
O004114,C00538,2024-02-08,S05,Completed
O004115,C01180,2024-09-19,S01,Completed
O004116,C00376,2024-05-29,S09,Completed
O004117,C00082,2025-09-24,S10,Completed
O004118,C00492,2025-11-20,S10,Completed
O004119,C00356,2024-11-25,S04,Completed
O004120,C00925,2024-04-29,S09,Completed
O004121,C01068,2025-08-06,S04,Completed
O004122,C01005,2024-08-06,S01,Completed
O004123,C00123,2024-05-02,S05,Completed
O004124,C00708,2024-08-31,S09,Completed
O004125,C00330,2025-08-09,S03,Completed
O004126,C00991,2025-06-01,S05,Completed
O004127,C00323,2024-01-21,S03,Completed
O004128,C01135,2024-07-08,S03,Completed
O004129,C00770,2024-08-12,S01,Completed
O004130,C01113,2025-09-06,S02,Completed
O004131,C00433,2025-04-10,S02,Returned
O004132,C00710,2024-04-08,S09,Completed
O004133,C00794,2024-12-28,S07,Completed
O004134,C00712,2024-03-23,S08,Completed
O004135,C01123,2025-11-23,S02,Completed
O004136,C00539,2025-10-25,S09,Completed
O004137,C00601,2024-02-25,S03,Completed
O004138,C01170,2025-12-02,S10,Completed
O004139,C00257,2024-01-22,S02,Completed
O004140,C00871,2025-08-02,S01,Completed
O004141,C00899,2024-07-03,S09,Completed
O004142,C00809,2025-06-05,S08,Completed
O004143,C00677,2025-07-31,S04,Completed
O004144,C00271,2024-09-20,S07,Completed
O004145,C00550,2024-08-12,S03,Completed
O004146,C01138,2025-09-26,S03,Completed
O004147,C00568,2024-02-07,S04,Completed
O004148,C00986,2024-05-02,S02,Completed
O004149,C00359,2024-06-04,S10,Completed
O004150,C01193,2024-10-27,S04,Completed
O004151,C00798,2024-03-07,S10,Returned
O004152,C00887,2025-10-06,S03,Completed
O004153,C00211,2025-01-28,S08,Completed
O004154,C00287,2025-10-13,S02,Completed
O004155,C00743,2025-08-16,S09,Completed
O004156,C01047,2025-07-23,S03,Completed
O004157,C01133,2025-10-22,S04,Completed
O004158,C00296,2025-02-08,S10,Completed
O004159,C00006,2025-03-24,S10,Completed
O004160,C00550,2024-05-10,S03,Completed
O004161,C00681,2024-03-09,S03,Completed
O004162,C00795,2024-12-10,S08,Completed
O004163,C00203,2024-11-15,S08,Completed
O004164,C00325,2024-06-25,S06,Completed
O004165,C00825,2025-08-06,S04,Returned
O004166,C00244,2025-06-12,S01,Completed
O004167,C00327,2024-06-08,S04,Completed
O004168,C00987,2025-08-04,S08,Completed
O004169,C01071,2025-09-16,S06,Completed
O004170,C00761,2025-06-16,S02,Completed
O004171,C01037,2024-05-14,S03,Completed
O004172,C00907,2024-04-20,S07,Completed
O004173,C00365,2024-10-09,S04,Completed
O004174,C00073,2025-06-03,S04,Completed
O004175,C01070,2025-12-19,S05,Completed
O004176,C00274,2024-07-12,S08,Completed
O004177,C00208,2024-02-16,S07,Cancelled
O004178,C00124,2024-12-07,S09,Completed
O004179,C01034,2024-08-29,S05,Completed
O004180,C00543,2025-06-05,S01,Completed
O004181,C00060,2025-01-04,S04,Completed
O004182,C00899,2024-05-10,S06,Cancelled
O004183,C00886,2024-09-26,S06,Completed
O004184,C00782,2024-03-01,S09,Completed
O004185,C00442,2024-06-12,S10,Completed
O004186,C00911,2025-06-08,S05,Completed
O004187,C01026,2024-09-28,S05,Completed
O004188,C00832,2025-12-20,S06,Completed
O004189,C01008,2024-05-12,S06,Completed
O004190,C00626,2024-08-31,S03,Completed
O004191,C01189,2025-03-09,S06,Completed
O004192,C00998,2024-02-07,S08,Completed
O004193,C00734,2025-07-21,S06,Completed
O004194,C00091,2024-11-14,S05,Completed
O004195,C00167,2025-05-24,S03,Completed
O004196,C00959,2025-01-10,S01,Completed
O004197,C00207,2025-07-13,S05,Completed
O004198,C01089,2025-09-08,S06,Completed
O004199,C00516,2025-04-18,S06,Completed
O004200,C01181,2024-02-28,S06,Completed
O004201,C00747,2025-08-11,S03,Completed
O004202,C00306,2025-05-13,S04,Completed
O004203,C00395,2024-08-05,S03,Completed
O004204,C01098,2025-07-20,S02,Completed
O004205,C00187,2025-07-20,S08,Completed
O004206,C00623,2024-05-08,S07,Completed
O004207,C00730,2025-01-17,S08,Completed
O004208,C00240,2025-01-22,S06,Completed
O004209,C00533,2024-03-25,S07,Completed
O004210,C00141,2025-05-24,S01,Completed
O004211,C00139,2025-12-26,S10,Completed
O004212,C00459,2025-09-18,S05,Completed
O004213,C00070,2025-03-12,S04,Completed
O004214,C00385,2024-10-19,S10,Completed
O004215,C00630,2024-02-18,S03,Completed
O004216,C00198,2024-03-07,S02,Completed
O004217,C00205,2024-05-08,S09,Completed
O004218,C00568,2024-01-29,S08,Completed
O004219,C00982,2024-12-08,S10,Cancelled
O004220,C00805,2025-06-28,S02,Completed
O004221,C00859,2024-04-28,S06,Completed
O004222,C00882,2025-11-22,S03,Completed
O004223,C00974,2025-10-24,S03,Completed
O004224,C00640,2024-05-12,S05,Cancelled
O004225,C00325,2024-11-22,S07,Completed
O004226,C00442,2024-07-03,S07,Completed
O004227,C00804,2025-05-20,S10,Completed
O004228,C00288,2025-10-07,S01,Completed
O004229,C00226,2025-11-19,S07,Completed
O004230,C01088,2025-06-17,S07,Completed
O004231,C00967,2024-08-28,S06,Completed
O004232,C00938,2025-08-11,S06,Completed
O004233,C00560,2025-12-16,S02,Completed
O004234,C00714,2025-05-30,S03,Completed
O004235,C00498,2024-06-13,S03,Completed
O004236,C00849,2025-10-01,S03,Completed
O004237,C00926,2025-07-10,S02,Completed
O004238,C00060,2024-08-05,S09,Completed
O004239,C00257,2025-10-09,S06,Completed
O004240,C00577,2025-11-10,S02,Completed
O004241,C00239,2025-08-27,S03,Completed
O004242,C00038,2024-01-05,S10,Cancelled
O004243,C00025,2025-10-29,S06,Completed
O004244,C00410,2024-03-21,S04,Completed
O004245,C00461,2024-09-03,S07,Completed
O004246,C00988,2025-05-07,S06,Completed
O004247,C00357,2025-10-10,S06,Completed
O004248,C00383,2025-01-20,S03,Completed
O004249,C01182,2025-07-28,S08,Completed
O004250,C00569,2024-11-02,S09,Completed
O004251,C01072,2025-09-19,S06,Completed
O004252,C00433,2025-09-16,S02,Completed
O004253,C00056,2025-06-26,S01,Completed
O004254,C00577,2024-01-07,S03,Completed
O004255,C00268,2025-05-29,S03,Completed
O004256,C00069,2025-07-21,S08,Completed
O004257,C00902,2024-03-13,S05,Completed
O004258,C00793,2024-01-10,S01,Completed
O004259,C00257,2025-07-26,S04,Completed
O004260,C00672,2025-07-15,S07,Returned
O004261,C00490,2024-05-01,S05,Completed
O004262,C00746,2025-11-17,S10,Cancelled
O004263,C00049,2025-05-27,S06,Completed
O004264,C00316,2025-03-16,S10,Completed
O004265,C00413,2024-02-07,S04,Cancelled
O004266,C00434,2025-12-02,S02,Completed
O004267,C01026,2025-08-13,S09,Returned
O004268,C01169,2024-12-10,S02,Completed
O004269,C00420,2024-12-03,S02,Cancelled
O004270,C00844,2025-12-02,S02,Completed
O004271,C00916,2024-07-02,S01,Completed
O004272,C00434,2024-03-07,S03,Completed
O004273,C00643,2024-01-17,S06,Completed
O004274,C00057,2025-01-17,S07,Completed
O004275,C00964,2025-01-02,S01,Completed
O004276,C00977,2024-11-11,S05,Completed
O004277,C00046,2025-05-11,S05,Returned
O004278,C01194,2025-12-21,S01,Completed
O004279,C00417,2024-12-10,S04,Completed
O004280,C00848,2025-07-06,S10,Completed
O004281,C00139,2025-04-17,S01,Completed
O004282,C00247,2024-04-24,S01,Completed
O004283,C01172,2024-04-09,S07,Completed
O004284,C00230,2025-03-13,S07,Completed
O004285,C00792,2024-12-10,S03,Completed
O004286,C00637,2024-12-14,S07,Completed
O004287,C00374,2024-05-18,S03,Completed
O004288,C01104,2024-11-19,S02,Completed
O004289,C00738,2024-10-28,S10,Completed
O004290,C01089,2024-10-20,S04,Completed
O004291,C00088,2025-06-12,S10,Completed
O004292,C01112,2024-10-18,S03,Completed
O004293,C00713,2024-03-14,S07,Completed
O004294,C00601,2025-04-28,S01,Completed
O004295,C00539,2024-01-16,S06,Completed
O004296,C00214,2025-06-09,S02,Completed
O004297,C00074,2024-12-01,S08,Completed
O004298,C00061,2025-05-30,S05,Completed
O004299,C00698,2024-05-06,S03,Returned
O004300,C00012,2025-06-01,S10,Completed
O004301,C00814,2024-05-08,S07,Cancelled
O004302,C00032,2025-05-25,S02,Completed
O004303,C01184,2025-02-26,S05,Completed
O004304,C01001,2025-01-19,S08,Completed
O004305,C00237,2024-08-19,S01,Cancelled
O004306,C00558,2024-07-13,S01,Completed
O004307,C01104,2024-03-05,S03,Completed
O004308,C00647,2025-09-06,S03,Completed
O004309,C00987,2024-10-03,S07,Completed
O004310,C00820,2025-10-31,S06,Completed
O004311,C00473,2024-08-11,S07,Cancelled
O004312,C00112,2024-10-04,S04,Completed
O004313,C00383,2025-11-24,S02,Completed
O004314,C00017,2024-12-31,S02,Completed
O004315,C00493,2025-05-30,S10,Completed
O004316,C00926,2024-08-02,S01,Completed
O004317,C00117,2025-03-14,S09,Completed
O004318,C00880,2025-03-03,S07,Completed
O004319,C00115,2025-12-29,S10,Completed
O004320,C00814,2025-01-30,S03,Returned
O004321,C00644,2024-07-27,S02,Completed
O004322,C00336,2025-05-15,S03,Completed
O004323,C00922,2025-04-07,S07,Returned
O004324,C00147,2025-08-08,S05,Completed
O004325,C00122,2024-08-14,S03,Completed
O004326,C00081,2025-01-09,S09,Completed
O004327,C00685,2025-05-14,S02,Completed
O004328,C00662,2024-04-02,S07,Completed
O004329,C00375,2025-04-04,S10,Completed
O004330,C00063,2025-07-30,S06,Completed
O004331,C00504,2024-11-16,S06,Completed
O004332,C00668,2024-01-10,S07,Cancelled
O004333,C00449,2024-10-29,S06,Completed
O004334,C00868,2024-11-17,S02,Completed
O004335,C00680,2025-03-31,S05,Completed
O004336,C01190,2024-10-04,S03,Completed
O004337,C00461,2025-08-20,S09,Completed
O004338,C00459,2025-06-21,S08,Completed
O004339,C00464,2025-12-30,S10,Completed
O004340,C00912,2025-01-27,S02,Completed
O004341,C00379,2024-04-04,S01,Completed
O004342,C01026,2024-04-16,S04,Completed
O004343,C00364,2025-01-24,S04,Completed
O004344,C00072,2025-06-09,S10,Completed
O004345,C00638,2025-11-03,S02,Completed
O004346,C01194,2024-03-11,S07,Completed
O004347,C00337,2025-10-25,S03,Completed
O004348,C00195,2025-08-09,S07,Completed
O004349,C01012,2025-01-10,S07,Completed
O004350,C00653,2025-12-27,S01,Completed
O004351,C00007,2025-01-02,S06,Returned
O004352,C00905,2024-02-20,S04,Returned
O004353,C00979,2024-05-22,S08,Completed
O004354,C00566,2025-02-22,S08,Completed
O004355,C00616,2025-07-01,S03,Completed
O004356,C00573,2025-05-14,S04,Completed
O004357,C00599,2024-06-15,S01,Completed
O004358,C00770,2024-09-16,S10,Completed
O004359,C00242,2024-07-10,S02,Cancelled
O004360,C01104,2024-07-20,S07,Completed
O004361,C00766,2024-07-03,S07,Completed
O004362,C00384,2024-06-06,S09,Completed
O004363,C00391,2025-09-13,S10,Completed
O004364,C00896,2024-04-08,S09,Completed
O004365,C00688,2024-08-28,S09,Completed
O004366,C01150,2025-05-05,S06,Completed
O004367,C00047,2024-07-20,S08,Completed
O004368,C00619,2025-09-25,S09,Completed
O004369,C00464,2025-05-23,S07,Completed
O004370,C00123,2025-09-20,S04,Completed
O004371,C00134,2024-04-05,S04,Completed
O004372,C00841,2025-05-04,S06,Completed
O004373,C00849,2025-08-01,S04,Completed
O004374,C00607,2024-08-05,S07,Completed
O004375,C00023,2025-06-10,S08,Completed
O004376,C00566,2024-09-29,S08,Returned
O004377,C00766,2024-08-06,S08,Completed
O004378,C00965,2025-10-20,S02,Completed
O004379,C00235,2024-11-27,S10,Completed
O004380,C00996,2025-03-28,S02,Returned
O004381,C01083,2024-05-31,S02,Completed
O004382,C01188,2024-12-12,S02,Completed
O004383,C00826,2025-02-17,S04,Completed
O004384,C00216,2025-06-10,S05,Completed
O004385,C00657,2025-03-06,S04,Completed
O004386,C00935,2025-01-13,S05,Completed
O004387,C01114,2025-03-03,S04,Completed
O004388,C00311,2024-03-24,S07,Returned
O004389,C00557,2024-07-10,S10,Completed
O004390,C00972,2024-02-10,S01,Completed
O004391,C00257,2024-11-04,S01,Completed
O004392,C00533,2025-01-12,S02,Completed
O004393,C00052,2024-05-15,S01,Completed
O004394,C01195,2024-04-15,S10,Completed
O004395,C01091,2025-06-02,S10,Completed
O004396,C00300,2025-06-25,S03,Completed
O004397,C00672,2024-05-05,S06,Completed
O004398,C00778,2024-12-22,S10,Completed
O004399,C00832,2025-02-03,S06,Cancelled
O004400,C00232,2024-03-19,S01,Cancelled
O004401,C00975,2025-01-23,S06,Cancelled
O004402,C01092,2025-08-01,S05,Completed
O004403,C00028,2025-06-18,S07,Completed
O004404,C01075,2025-12-01,S06,Returned
O004405,C00591,2024-03-14,S07,Completed
O004406,C00785,2024-01-05,S02,Completed
O004407,C00620,2025-04-07,S01,Completed
O004408,C00586,2024-03-22,S07,Completed
O004409,C01002,2025-06-20,S09,Completed
O004410,C00184,2025-02-08,S02,Completed
O004411,C01047,2025-05-28,S07,Completed
O004412,C00129,2024-10-04,S03,Completed
O004413,C00291,2024-08-11,S06,Completed
O004414,C00501,2025-08-06,S03,Completed
O004415,C00186,2024-03-08,S10,Completed
O004416,C00479,2024-11-15,S05,Completed
O004417,C00492,2025-08-28,S02,Completed
O004418,C00513,2024-01-19,S08,Completed
O004419,C01091,2025-10-01,S08,Completed
O004420,C00467,2024-12-08,S07,Completed
O004421,C00285,2025-08-16,S06,Completed
O004422,C00601,2024-12-08,S01,Completed
O004423,C01124,2024-04-06,S08,Completed
O004424,C00189,2024-02-21,S01,Completed
O004425,C00989,2024-06-23,S08,Completed
O004426,C00890,2024-12-03,S02,Completed
O004427,C00388,2025-11-24,S08,Completed
O004428,C00241,2024-12-18,S10,Completed
O004429,C00417,2025-01-25,S04,Cancelled
O004430,C00176,2024-04-24,S07,Cancelled
O004431,C00387,2024-12-13,S05,Completed
O004432,C00853,2024-01-01,S08,Completed
O004433,C00663,2024-03-03,S06,Completed
O004434,C00452,2024-08-13,S05,Returned
O004435,C00277,2025-02-26,S01,Completed
O004436,C01195,2024-01-19,S03,Completed
O004437,C00213,2024-01-31,S10,Completed
O004438,C00041,2025-09-24,S09,Completed
O004439,C01146,2024-01-24,S09,Completed
O004440,C00294,2024-07-29,S05,Completed
O004441,C00600,2024-06-09,S03,Completed
O004442,C00541,2024-09-11,S06,Completed
O004443,C00451,2025-07-24,S05,Completed
O004444,C01085,2024-04-23,S01,Completed
O004445,C01171,2025-05-18,S02,Completed
O004446,C00790,2025-11-02,S05,Completed
O004447,C00334,2024-08-07,S09,Cancelled
O004448,C00891,2024-12-22,S04,Completed
O004449,C01166,2024-06-17,S09,Completed
O004450,C00044,2025-06-07,S03,Completed
O004451,C00144,2024-08-29,S01,Completed
O004452,C00333,2025-01-09,S06,Completed
O004453,C00998,2024-05-18,S10,Completed
O004454,C00055,2024-04-06,S07,Completed
O004455,C00870,2024-05-26,S04,Completed
O004456,C00797,2024-06-30,S10,Completed
O004457,C00325,2024-02-26,S05,Returned
O004458,C00080,2024-02-11,S04,Completed
O004459,C01055,2025-12-11,S03,Returned
O004460,C00985,2025-06-26,S01,Completed
O004461,C01136,2025-11-22,S06,Completed
O004462,C00558,2024-01-02,S10,Completed
O004463,C00865,2024-10-14,S05,Completed
O004464,C00717,2024-05-17,S01,Completed
O004465,C00472,2025-09-08,S05,Completed
O004466,C00074,2025-05-26,S06,Completed
O004467,C00589,2025-12-30,S10,Completed
O004468,C00564,2024-08-09,S05,Cancelled
O004469,C00467,2024-11-26,S01,Completed
O004470,C00599,2025-09-08,S05,Returned
O004471,C00992,2025-02-07,S10,Completed
O004472,C00737,2025-05-22,S01,Completed
O004473,C00994,2024-05-06,S03,Completed
O004474,C00248,2024-09-21,S02,Completed
O004475,C01144,2025-12-12,S01,Completed
O004476,C00067,2024-01-15,S04,Completed
O004477,C00573,2024-08-13,S02,Completed
O004478,C00703,2024-04-14,S05,Completed
O004479,C00470,2025-05-07,S10,Completed
O004480,C00493,2024-11-14,S01,Completed
O004481,C00663,2024-08-06,S10,Completed
O004482,C00286,2024-10-03,S01,Completed
O004483,C00312,2024-12-06,S10,Completed
O004484,C00309,2025-03-27,S04,Completed
O004485,C00775,2025-01-03,S07,Completed
O004486,C01121,2025-04-18,S02,Completed
O004487,C00965,2024-07-08,S02,Completed
O004488,C01137,2025-02-22,S01,Completed
O004489,C00456,2025-12-10,S05,Completed
O004490,C00132,2025-05-09,S06,Completed
O004491,C00930,2024-02-08,S06,Completed
O004492,C00965,2024-06-10,S02,Completed
O004493,C00929,2024-04-30,S07,Completed
O004494,C00121,2025-02-02,S06,Completed
O004495,C00634,2024-09-18,S08,Completed
O004496,C00897,2025-12-28,S06,Completed
O004497,C00772,2025-07-14,S09,Completed
O004498,C01063,2025-08-26,S10,Completed
O004499,C00566,2024-05-08,S02,Completed
O004500,C00512,2025-06-23,S07,Cancelled
O004501,C01185,2024-12-21,S05,Completed
O004502,C00289,2025-10-21,S01,Completed
O004503,C00200,2025-03-07,S03,Completed
O004504,C00528,2024-03-05,S04,Completed
O004505,C00917,2024-08-05,S02,Completed
O004506,C01111,2025-07-16,S07,Completed
O004507,C01106,2025-03-02,S01,Completed
O004508,C01086,2024-03-14,S03,Completed
O004509,C00799,2025-04-04,S09,Cancelled
O004510,C01066,2025-02-28,S02,Completed
O004511,C00012,2025-12-11,S05,Returned
O004512,C00833,2024-07-10,S04,Completed
O004513,C00841,2024-07-07,S03,Completed
O004514,C00643,2024-01-12,S05,Completed
O004515,C01139,2024-08-26,S06,Completed
O004516,C00106,2025-08-15,S01,Completed
O004517,C00691,2025-03-28,S02,Completed
O004518,C00528,2025-01-17,S01,Cancelled
O004519,C00846,2024-02-17,S03,Completed
O004520,C00893,2024-11-12,S08,Completed
O004521,C00387,2024-07-27,S08,Completed
O004522,C00481,2025-06-30,S04,Completed
O004523,C00408,2024-04-28,S06,Returned
O004524,C00898,2025-07-30,S09,Completed
O004525,C00711,2024-11-10,S07,Completed
O004526,C00639,2024-02-05,S02,Completed
O004527,C01045,2025-04-07,S02,Completed
O004528,C00815,2025-07-07,S03,Completed
O004529,C00918,2025-08-03,S08,Completed
O004530,C00203,2025-02-06,S10,Completed
O004531,C00417,2024-04-16,S09,Completed
O004532,C00416,2024-02-08,S03,Completed
O004533,C00085,2025-08-03,S09,Completed
O004534,C00167,2024-06-28,S10,Completed
O004535,C00384,2024-01-12,S08,Completed
O004536,C00468,2024-12-04,S05,Cancelled
O004537,C01096,2025-12-16,S10,Completed
O004538,C00810,2025-07-01,S03,Completed
O004539,C00997,2024-05-05,S07,Cancelled
O004540,C00473,2024-03-03,S09,Completed
O004541,C00993,2024-03-22,S06,Completed
O004542,C00275,2024-10-25,S03,Completed
O004543,C01044,2024-02-03,S05,Completed
O004544,C00490,2025-08-31,S07,Completed
O004545,C00326,2024-02-18,S08,Completed
O004546,C00529,2025-10-19,S04,Completed
O004547,C00892,2025-09-28,S02,Completed
O004548,C00089,2025-12-01,S10,Returned
O004549,C00486,2024-02-26,S02,Completed
O004550,C00708,2024-04-18,S03,Cancelled
O004551,C00350,2025-05-31,S08,Completed
O004552,C01108,2024-01-24,S01,Completed
O004553,C00387,2024-08-08,S07,Completed
O004554,C00087,2024-11-10,S06,Returned
O004555,C00307,2024-10-20,S02,Completed
O004556,C01178,2024-01-10,S09,Completed
O004557,C00440,2025-11-07,S05,Completed
O004558,C00740,2025-04-25,S02,Completed
O004559,C00264,2025-12-27,S03,Completed
O004560,C00977,2025-09-29,S07,Returned
O004561,C00735,2024-09-23,S07,Completed
O004562,C00421,2024-03-28,S10,Completed
O004563,C00493,2025-03-30,S01,Completed
O004564,C00633,2025-09-17,S10,Returned
O004565,C00993,2025-06-16,S04,Returned
O004566,C00411,2024-05-27,S06,Completed
O004567,C00173,2025-12-29,S08,Completed
O004568,C00004,2025-03-06,S03,Completed
O004569,C00854,2024-08-29,S03,Completed
O004570,C00986,2025-12-02,S08,Completed
O004571,C01134,2024-03-06,S08,Completed
O004572,C01061,2025-01-12,S08,Completed
O004573,C00583,2025-01-22,S01,Completed
O004574,C01055,2024-07-27,S08,Completed
O004575,C00381,2025-02-18,S08,Completed
O004576,C01035,2024-01-16,S02,Completed
O004577,C00344,2024-10-23,S09,Returned
O004578,C00166,2024-08-07,S07,Completed
O004579,C00700,2025-01-01,S08,Completed
O004580,C00342,2024-08-16,S02,Cancelled
O004581,C01043,2025-09-22,S04,Completed
O004582,C00980,2025-03-15,S07,Completed
O004583,C00545,2025-11-20,S06,Returned
O004584,C01034,2025-06-15,S07,Completed
O004585,C00192,2025-03-25,S01,Completed
O004586,C00320,2024-02-05,S08,Completed
O004587,C00580,2025-02-25,S07,Completed
O004588,C00475,2025-09-11,S04,Completed
O004589,C00637,2024-07-07,S01,Returned
O004590,C00427,2024-06-26,S08,Completed
O004591,C01083,2025-08-30,S10,Cancelled
O004592,C00097,2024-11-10,S07,Cancelled
O004593,C00496,2024-01-20,S08,Completed
O004594,C00661,2025-11-06,S10,Completed
O004595,C00009,2025-01-16,S01,Completed
O004596,C00457,2025-08-31,S05,Completed
O004597,C00273,2024-05-22,S09,Completed
O004598,C00940,2024-03-02,S05,Returned
O004599,C01032,2024-08-29,S10,Completed
O004600,C00208,2024-08-25,S03,Completed
O004601,C01147,2024-05-10,S09,Completed
O004602,C01057,2025-08-27,S09,Completed
O004603,C00204,2025-08-25,S04,Completed
O004604,C00518,2025-10-06,S04,Cancelled
O004605,C00517,2024-05-02,S08,Completed
O004606,C00443,2025-03-15,S07,Completed
O004607,C00689,2024-12-07,S05,Completed
O004608,C00850,2025-02-22,S06,Completed
O004609,C00833,2025-09-21,S03,Completed
O004610,C00339,2025-03-30,S06,Completed
O004611,C01160,2024-07-16,S08,Completed
O004612,C00387,2024-10-08,S10,Completed
O004613,C01049,2024-01-01,S09,Completed
O004614,C00506,2025-12-23,S03,Completed
O004615,C00680,2024-11-27,S08,Completed
O004616,C00690,2024-07-30,S03,Completed
O004617,C00885,2024-03-27,S02,Completed
O004618,C01119,2025-10-26,S05,Completed
O004619,C00623,2025-11-29,S04,Completed
O004620,C01170,2024-03-01,S05,Completed
O004621,C00893,2024-04-04,S06,Completed
O004622,C00953,2025-07-06,S03,Completed
O004623,C00784,2024-05-26,S01,Returned
O004624,C00495,2024-09-02,S04,Completed
O004625,C01062,2025-10-05,S06,Completed
O004626,C00747,2024-10-23,S02,Completed
O004627,C00437,2024-05-02,S02,Completed
O004628,C00345,2025-10-16,S01,Completed
O004629,C01184,2025-11-24,S09,Completed
O004630,C00550,2025-12-04,S03,Completed
O004631,C00820,2025-03-31,S02,Completed
O004632,C00541,2025-02-02,S04,Cancelled
O004633,C00144,2025-12-19,S06,Completed
O004634,C00588,2024-08-18,S01,Completed
O004635,C00657,2025-06-17,S09,Completed
O004636,C00345,2025-02-05,S09,Completed
O004637,C00696,2025-08-14,S08,Completed
O004638,C00268,2024-05-09,S06,Completed
O004639,C00169,2024-10-18,S04,Completed
O004640,C00033,2024-10-02,S02,Completed
O004641,C00377,2025-01-10,S08,Completed
O004642,C00393,2024-02-24,S07,Completed
O004643,C00489,2025-07-31,S04,Completed
O004644,C00722,2024-01-26,S03,Returned
O004645,C00946,2025-03-16,S06,Completed
O004646,C01053,2024-07-15,S01,Completed
O004647,C00039,2025-10-03,S02,Completed
O004648,C01197,2024-08-30,S07,Completed
O004649,C01041,2025-12-24,S03,Completed
O004650,C01080,2024-07-08,S01,Completed
O004651,C00226,2025-07-21,S02,Returned
O004652,C00067,2025-07-20,S10,Completed
O004653,C00835,2024-10-02,S10,Returned
O004654,C01047,2025-02-12,S09,Completed
O004655,C00999,2024-12-05,S07,Completed
O004656,C00237,2024-06-01,S07,Completed
O004657,C00957,2025-07-18,S10,Completed
O004658,C00919,2025-02-01,S08,Completed
O004659,C01162,2025-03-19,S08,Completed
O004660,C00473,2025-09-14,S09,Completed
O004661,C00553,2025-03-02,S02,Returned
O004662,C00695,2025-05-01,S08,Completed
O004663,C00317,2024-07-22,S08,Completed
O004664,C00598,2024-04-21,S05,Completed
O004665,C00768,2024-11-20,S05,Completed
O004666,C00886,2024-09-14,S04,Completed
O004667,C00561,2025-06-11,S05,Completed
O004668,C00258,2024-12-15,S02,Completed
O004669,C00757,2025-11-08,S02,Completed
O004670,C00123,2025-03-10,S05,Completed
O004671,C00342,2025-03-01,S03,Completed
O004672,C01195,2024-10-06,S01,Completed
O004673,C01083,2025-01-05,S09,Completed
O004674,C00260,2025-10-31,S02,Completed
O004675,C00095,2024-09-05,S10,Completed
O004676,C01149,2024-06-29,S02,Completed
O004677,C00041,2025-12-03,S04,Completed
O004678,C00254,2025-10-12,S02,Completed
O004679,C00007,2024-03-18,S07,Completed
O004680,C00728,2024-12-01,S10,Returned
O004681,C00069,2024-02-19,S01,Completed
O004682,C01105,2024-03-25,S02,Completed
O004683,C00542,2025-11-25,S05,Completed
O004684,C00089,2025-11-25,S02,Completed
O004685,C00213,2024-01-04,S09,Completed
O004686,C00834,2024-11-12,S04,Completed
O004687,C00266,2024-04-20,S09,Completed
O004688,C00912,2024-11-29,S01,Completed
O004689,C00293,2024-05-12,S01,Completed
O004690,C00333,2025-09-03,S01,Returned
O004691,C01101,2025-11-14,S04,Completed
O004692,C01005,2024-04-28,S09,Completed
O004693,C00047,2024-12-15,S08,Completed
O004694,C00622,2025-11-17,S07,Completed
O004695,C00427,2025-06-25,S01,Completed
O004696,C00210,2024-02-24,S03,Completed
O004697,C00888,2024-12-26,S09,Returned
O004698,C00154,2025-12-08,S09,Returned
O004699,C00415,2025-03-28,S05,Completed
O004700,C01181,2025-07-06,S06,Completed
O004701,C01101,2025-11-15,S06,Completed
O004702,C00769,2024-11-25,S10,Completed
O004703,C00983,2024-08-06,S04,Completed
O004704,C01155,2024-07-26,S01,Completed
O004705,C00579,2025-10-31,S05,Completed
O004706,C00740,2024-03-25,S01,Completed
O004707,C00163,2025-11-15,S01,Completed
O004708,C01039,2024-09-01,S05,Completed
O004709,C00195,2025-11-15,S05,Completed
O004710,C00542,2024-11-30,S07,Returned
O004711,C00359,2024-07-30,S02,Completed
O004712,C00850,2025-08-18,S06,Completed
O004713,C00427,2025-11-15,S02,Completed
O004714,C00497,2024-07-01,S10,Completed
O004715,C00828,2024-05-12,S05,Completed
O004716,C00486,2024-12-15,S04,Completed
O004717,C00330,2024-10-08,S10,Completed
O004718,C00889,2024-10-19,S05,Completed
O004719,C00991,2024-09-25,S02,Cancelled
O004720,C01171,2024-07-15,S08,Completed
O004721,C00259,2025-06-20,S08,Cancelled
O004722,C00292,2025-10-14,S06,Returned
O004723,C00143,2024-01-20,S03,Completed
O004724,C00747,2025-12-13,S04,Returned
O004725,C00627,2025-02-08,S01,Completed
O004726,C00090,2024-04-24,S09,Completed
O004727,C00720,2025-12-01,S10,Completed
O004728,C01188,2024-01-26,S05,Returned
O004729,C00481,2025-07-19,S08,Completed
O004730,C00084,2025-11-12,S03,Completed
O004731,C01101,2025-01-29,S04,Completed
O004732,C00673,2025-01-15,S04,Returned
O004733,C00517,2025-06-06,S08,Completed
O004734,C00485,2025-06-22,S09,Completed
O004735,C00782,2024-03-23,S03,Completed
O004736,C00104,2025-07-03,S07,Completed
O004737,C00339,2025-03-20,S09,Completed
O004738,C00687,2024-03-27,S02,Completed
O004739,C00900,2025-01-21,S04,Completed
O004740,C00607,2025-10-29,S03,Completed
O004741,C00223,2025-02-01,S08,Completed
O004742,C01033,2024-10-12,S04,Completed
O004743,C01077,2025-11-28,S09,Completed
O004744,C01101,2025-11-24,S01,Completed
O004745,C00503,2025-01-03,S01,Completed
O004746,C00822,2025-10-16,S04,Completed
O004747,C00624,2025-02-25,S03,Completed
O004748,C00165,2025-12-18,S03,Completed
O004749,C01051,2025-10-15,S10,Completed
O004750,C01094,2025-11-27,S02,Completed
O004751,C01148,2025-03-18,S10,Completed
O004752,C00019,2025-06-03,S10,Completed
O004753,C01046,2025-08-06,S02,Returned
O004754,C00989,2024-10-14,S08,Completed
O004755,C00450,2024-04-04,S01,Completed
O004756,C00552,2025-10-30,S08,Completed
O004757,C01072,2024-02-10,S10,Completed
O004758,C00695,2024-11-26,S03,Completed
O004759,C00587,2024-06-03,S02,Completed
O004760,C00721,2025-05-18,S09,Completed
O004761,C00107,2024-10-01,S05,Completed
O004762,C00776,2025-10-27,S05,Completed
O004763,C01110,2025-07-18,S06,Completed
O004764,C01161,2024-06-27,S04,Completed
O004765,C00898,2024-05-16,S07,Cancelled
O004766,C00336,2024-06-28,S07,Completed
O004767,C00607,2024-06-30,S09,Completed
O004768,C00838,2024-09-15,S06,Completed
O004769,C00602,2024-08-30,S01,Cancelled
O004770,C00403,2024-04-05,S09,Completed
O004771,C00540,2024-07-15,S10,Completed
O004772,C01096,2025-06-09,S09,Completed
O004773,C00024,2025-09-23,S05,Completed
O004774,C00624,2025-01-21,S07,Completed
O004775,C01080,2025-02-11,S01,Completed
O004776,C00986,2024-09-25,S04,Completed
O004777,C00223,2024-06-19,S10,Completed
O004778,C00179,2025-08-06,S04,Completed
O004779,C00800,2025-11-21,S05,Returned
O004780,C00434,2024-06-18,S06,Completed
O004781,C00793,2024-06-07,S04,Completed
O004782,C00884,2025-05-23,S06,Completed
O004783,C00492,2025-03-22,S10,Completed
O004784,C00810,2025-10-27,S07,Completed
O004785,C00961,2024-03-22,S03,Completed
O004786,C00420,2024-02-26,S09,Completed
O004787,C00649,2025-06-02,S08,Completed
O004788,C01188,2024-04-21,S01,Completed
O004789,C00476,2024-02-17,S02,Completed
O004790,C00170,2025-08-14,S02,Completed
O004791,C00174,2025-01-10,S10,Completed
O004792,C00470,2024-02-02,S09,Completed
O004793,C00345,2025-05-18,S09,Completed
O004794,C00445,2025-09-18,S09,Completed
O004795,C01042,2024-01-03,S01,Completed
O004796,C01094,2025-04-30,S07,Completed
O004797,C00628,2025-05-30,S03,Completed
O004798,C00592,2024-02-11,S09,Completed
O004799,C00527,2024-01-09,S08,Completed
O004800,C00456,2025-10-18,S03,Completed
O004801,C00811,2025-08-31,S01,Completed
O004802,C00188,2024-05-21,S09,Returned
O004803,C01021,2025-03-11,S10,Completed
O004804,C00711,2024-01-27,S01,Completed
O004805,C00529,2024-02-12,S03,Completed
O004806,C00434,2024-05-10,S06,Completed
O004807,C00288,2024-08-03,S06,Completed
O004808,C00499,2025-08-28,S10,Completed
O004809,C00303,2025-06-03,S04,Completed
O004810,C00087,2025-08-20,S02,Completed
O004811,C00830,2024-12-10,S10,Completed
O004812,C00438,2025-05-22,S06,Completed
O004813,C00541,2025-10-11,S10,Completed
O004814,C01046,2025-02-16,S05,Completed
O004815,C00833,2024-09-02,S06,Completed
O004816,C00797,2025-03-24,S07,Completed
O004817,C00560,2024-01-21,S09,Completed
O004818,C00762,2025-02-11,S07,Completed
O004819,C00467,2025-04-01,S04,Completed
O004820,C01125,2025-03-19,S10,Completed
O004821,C00675,2024-09-21,S05,Completed
O004822,C00685,2025-10-21,S06,Completed
O004823,C01165,2024-07-02,S09,Completed
O004824,C00138,2024-08-14,S05,Completed
O004825,C00578,2025-07-01,S05,Completed
O004826,C00710,2024-09-02,S07,Completed
O004827,C00228,2024-03-13,S02,Completed
O004828,C00281,2024-05-29,S03,Completed
O004829,C00684,2025-05-27,S02,Completed
O004830,C00828,2024-03-09,S10,Completed
O004831,C00431,2024-08-17,S10,Completed
O004832,C01064,2025-12-23,S02,Cancelled
O004833,C00302,2024-03-12,S03,Completed
O004834,C01110,2025-08-30,S06,Completed
O004835,C00533,2025-01-31,S05,Completed
O004836,C00769,2024-03-24,S05,Completed
O004837,C00444,2024-10-25,S02,Completed
O004838,C01057,2024-10-19,S02,Completed
O004839,C00260,2024-08-10,S01,Completed
O004840,C00739,2024-08-03,S03,Completed
O004841,C00796,2024-08-18,S07,Completed
O004842,C00070,2025-02-08,S05,Completed
O004843,C00983,2024-06-17,S07,Completed
O004844,C00481,2024-11-24,S09,Completed
O004845,C01168,2025-03-01,S06,Completed
O004846,C00024,2025-07-07,S02,Returned
O004847,C00965,2024-07-14,S01,Completed
O004848,C00746,2025-08-30,S01,Completed
O004849,C00845,2025-06-09,S10,Completed
O004850,C01199,2025-09-16,S09,Completed
O004851,C00325,2024-03-17,S06,Completed
O004852,C00798,2024-10-03,S06,Completed
O004853,C00018,2025-04-10,S04,Completed
O004854,C00044,2025-03-23,S02,Completed
O004855,C00155,2024-11-15,S10,Completed
O004856,C00867,2024-06-08,S03,Completed
O004857,C00922,2025-05-06,S03,Cancelled
O004858,C00743,2024-11-08,S08,Completed
O004859,C00225,2025-09-22,S06,Completed
O004860,C00217,2024-06-09,S07,Completed
O004861,C00031,2024-11-03,S09,Completed
O004862,C01083,2024-05-25,S01,Completed
O004863,C00898,2025-11-05,S02,Completed
O004864,C00935,2025-01-30,S09,Completed
O004865,C00445,2025-11-21,S05,Completed
O004866,C01131,2024-03-29,S04,Completed
O004867,C00530,2024-11-03,S01,Completed
O004868,C00738,2025-06-29,S09,Completed
O004869,C00874,2025-01-05,S09,Completed
O004870,C00566,2025-03-26,S04,Returned
O004871,C00076,2024-06-15,S09,Completed
O004872,C00547,2025-01-26,S10,Cancelled
O004873,C00267,2025-09-28,S01,Completed
O004874,C00317,2025-05-05,S05,Returned
O004875,C01145,2024-05-29,S01,Completed
O004876,C00025,2025-04-12,S04,Completed
O004877,C00160,2025-12-01,S05,Completed
O004878,C00596,2024-02-12,S03,Completed
O004879,C01138,2024-01-29,S02,Completed
O004880,C00900,2025-09-23,S06,Completed
O004881,C00502,2024-01-31,S03,Completed
O004882,C01190,2025-11-23,S10,Completed
O004883,C01013,2025-11-04,S01,Completed
O004884,C00703,2024-05-07,S05,Completed
O004885,C01199,2024-10-20,S02,Completed
O004886,C00001,2025-03-16,S02,Completed
O004887,C00741,2025-01-22,S04,Completed
O004888,C01110,2025-10-03,S04,Completed
O004889,C00320,2025-06-07,S04,Completed
O004890,C00382,2025-06-30,S07,Completed
O004891,C00898,2025-12-10,S01,Completed
O004892,C00717,2024-04-19,S08,Completed
O004893,C00307,2024-11-23,S10,Completed
O004894,C01168,2025-02-08,S09,Completed
O004895,C00391,2024-09-01,S10,Completed
O004896,C01193,2024-06-11,S06,Completed
O004897,C00990,2025-07-13,S04,Completed
O004898,C00298,2025-02-02,S06,Completed
O004899,C00233,2025-08-05,S10,Completed
O004900,C00271,2025-02-02,S07,Completed
O004901,C01084,2025-05-07,S06,Completed
O004902,C00677,2025-10-07,S01,Completed
O004903,C00706,2024-08-26,S05,Completed
O004904,C00234,2025-04-09,S08,Completed
O004905,C00845,2025-08-02,S08,Completed
O004906,C00491,2024-02-01,S10,Completed
O004907,C00503,2024-05-02,S09,Completed
O004908,C00890,2025-06-17,S04,Completed
O004909,C00592,2025-10-28,S10,Completed
O004910,C00746,2024-04-19,S06,Completed
O004911,C00428,2024-09-27,S07,Completed
O004912,C00697,2025-01-14,S05,Completed
O004913,C00646,2024-10-26,S08,Completed
O004914,C00732,2025-09-18,S03,Completed
O004915,C00800,2024-09-05,S08,Completed
O004916,C00364,2025-06-04,S05,Returned
O004917,C00202,2024-02-03,S01,Completed
O004918,C00882,2024-08-15,S06,Cancelled
O004919,C00146,2025-08-07,S02,Completed
O004920,C00836,2025-02-02,S07,Completed
O004921,C00639,2025-12-24,S09,Completed
O004922,C00135,2025-08-06,S03,Completed
O004923,C00626,2025-07-23,S10,Completed
O004924,C00064,2024-08-07,S04,Completed
O004925,C00491,2025-01-05,S04,Completed
O004926,C00041,2025-06-11,S04,Completed
O004927,C01027,2024-03-15,S03,Returned
O004928,C00913,2025-09-09,S05,Completed
O004929,C00975,2024-05-15,S09,Completed
O004930,C01134,2024-03-14,S08,Completed
O004931,C00368,2024-09-10,S10,Completed
O004932,C00918,2024-01-18,S02,Completed
O004933,C01028,2024-02-12,S09,Completed
O004934,C00244,2024-02-19,S10,Completed
O004935,C00902,2025-05-29,S02,Completed
O004936,C00166,2025-12-31,S07,Completed
O004937,C01050,2025-07-24,S05,Completed
O004938,C01041,2025-07-29,S07,Completed
O004939,C00728,2025-08-04,S05,Completed
O004940,C01116,2024-10-29,S06,Completed
O004941,C00483,2024-05-21,S08,Completed
O004942,C00543,2024-07-20,S01,Completed
O004943,C00931,2024-07-25,S01,Completed
O004944,C00400,2025-02-18,S05,Completed
O004945,C00619,2024-08-08,S01,Completed
O004946,C01170,2024-12-27,S03,Completed
O004947,C00879,2024-03-21,S10,Completed
O004948,C00101,2025-07-16,S09,Completed
O004949,C00880,2024-10-11,S07,Completed
O004950,C00830,2025-01-03,S06,Completed
O004951,C00759,2025-05-06,S08,Completed
O004952,C00163,2024-12-11,S08,Completed
O004953,C01197,2024-07-22,S06,Completed
O004954,C00502,2024-01-25,S04,Completed
O004955,C00547,2025-07-06,S04,Completed
O004956,C00381,2024-03-09,S04,Completed
O004957,C00870,2025-05-30,S06,Completed
O004958,C00905,2025-05-06,S01,Returned
O004959,C01187,2024-08-27,S02,Completed
O004960,C01002,2024-12-26,S06,Completed
O004961,C00609,2025-03-16,S01,Completed
O004962,C00307,2024-01-31,S09,Completed
O004963,C00055,2025-09-20,S06,Completed
O004964,C00983,2025-12-07,S07,Completed
O004965,C00333,2025-08-24,S01,Completed
O004966,C00127,2025-11-20,S08,Cancelled
O004967,C00705,2025-10-18,S05,Completed
O004968,C00243,2025-12-14,S05,Completed
O004969,C00600,2024-11-17,S06,Completed
O004970,C00503,2024-12-09,S07,Completed
O004971,C00604,2025-12-15,S07,Completed
O004972,C00303,2025-06-19,S05,Completed
O004973,C00235,2024-12-20,S01,Completed
O004974,C01062,2025-04-15,S09,Completed
O004975,C00139,2024-04-14,S06,Completed
O004976,C00195,2024-11-17,S09,Completed
O004977,C00647,2025-07-25,S04,Completed
O004978,C00001,2025-06-10,S02,Completed
O004979,C00561,2025-05-18,S03,Completed
O004980,C01120,2024-03-25,S04,Completed
O004981,C00713,2025-12-09,S10,Completed
O004982,C00413,2024-08-22,S08,Completed
O004983,C00538,2024-09-19,S03,Completed
O004984,C00429,2024-01-06,S08,Completed
O004985,C00235,2025-05-08,S06,Completed
O004986,C00349,2024-10-15,S04,Completed
O004987,C00396,2025-07-23,S07,Returned
O004988,C00416,2025-10-18,S05,Completed
O004989,C00916,2025-07-07,S05,Completed
O004990,C01075,2024-12-15,S09,Completed
O004991,C00081,2024-07-18,S03,Completed
O004992,C00036,2025-11-16,S10,Completed
O004993,C01091,2024-11-30,S04,Completed
O004994,C00641,2025-08-29,S05,Returned
O004995,C00882,2024-08-04,S01,Completed
O004996,C00757,2025-09-14,S07,Completed
O004997,C00623,2024-12-18,S08,Completed
O004998,C00468,2025-11-22,S06,Completed
O004999,C01166,2025-11-05,S09,Completed
O005000,C00356,2025-09-22,S03,Completed
O005001,C00709,2024-11-20,S02,Completed
O005002,C01020,2024-08-15,S05,Completed
O005003,C00902,2024-05-24,S09,Completed
O005004,C00673,2024-11-03,S01,Completed
O005005,C00439,2025-10-15,S01,Completed
O005006,C00531,2025-09-25,S10,Completed
O005007,C00127,2024-10-11,S03,Completed
O005008,C00205,2025-01-26,S10,Completed
O005009,C00029,2024-12-25,S03,Completed
O005010,C00445,2024-06-13,S05,Returned
O005011,C00966,2025-08-03,S04,Completed
O005012,C00464,2024-08-11,S06,Cancelled
O005013,C00151,2024-05-03,S08,Completed
O005014,C00240,2024-12-09,S08,Completed
O005015,C00266,2025-06-07,S04,Completed
O005016,C01129,2024-02-21,S01,Completed
O005017,C00913,2024-05-08,S07,Completed
O005018,C00497,2024-05-14,S06,Completed
O005019,C00685,2025-10-18,S05,Completed
O005020,C00158,2024-05-06,S04,Cancelled
O005021,C00172,2024-03-11,S06,Returned
O005022,C00494,2024-09-29,S08,Completed
O005023,C00970,2024-07-05,S06,Completed
O005024,C00676,2024-01-03,S03,Completed
O005025,C00659,2024-10-11,S09,Completed
O005026,C00903,2024-01-22,S03,Completed
O005027,C00666,2024-06-14,S04,Completed
O005028,C00367,2024-11-05,S05,Completed
O005029,C00550,2025-04-21,S02,Completed
O005030,C00643,2025-05-12,S10,Completed
O005031,C00255,2025-03-09,S10,Completed
O005032,C00208,2024-08-21,S02,Completed
O005033,C00450,2025-10-31,S06,Completed
O005034,C00095,2025-10-24,S02,Completed
O005035,C00839,2025-12-25,S10,Completed
O005036,C00478,2025-01-10,S01,Completed
O005037,C00683,2025-12-30,S08,Completed
O005038,C00762,2024-09-02,S10,Completed
O005039,C00190,2024-10-29,S10,Completed
O005040,C00711,2025-02-08,S01,Completed
O005041,C00756,2025-10-24,S10,Completed
O005042,C00836,2025-12-08,S06,Completed
O005043,C00133,2024-01-21,S01,Returned
O005044,C00055,2024-09-13,S08,Completed
O005045,C00510,2025-02-02,S05,Completed
O005046,C00670,2025-06-12,S03,Returned
O005047,C00410,2024-02-20,S05,Returned
O005048,C00987,2025-03-22,S01,Completed
O005049,C00734,2024-09-26,S01,Completed
O005050,C01139,2025-08-17,S04,Completed
O005051,C00259,2025-09-27,S09,Completed
O005052,C01146,2024-09-18,S09,Completed
O005053,C00299,2024-12-30,S01,Completed
O005054,C00561,2024-02-18,S03,Completed
O005055,C00297,2025-06-01,S04,Completed
O005056,C00362,2025-09-20,S02,Returned
O005057,C00589,2024-04-27,S07,Completed
O005058,C00127,2025-03-28,S03,Completed
O005059,C00197,2025-10-02,S01,Returned
O005060,C00221,2025-01-31,S01,Completed
O005061,C00995,2025-11-13,S03,Completed
O005062,C00091,2024-01-27,S06,Completed
O005063,C00411,2025-12-11,S04,Completed
O005064,C00008,2025-01-06,S01,Completed
O005065,C00544,2024-04-06,S07,Completed
O005066,C00468,2025-06-12,S02,Completed
O005067,C00320,2025-11-15,S05,Completed
O005068,C00269,2025-09-04,S08,Completed
O005069,C00061,2024-07-04,S07,Completed
O005070,C00797,2025-11-26,S08,Completed
O005071,C01119,2024-08-02,S10,Completed
O005072,C00553,2024-09-07,S06,Cancelled
O005073,C00926,2024-08-03,S07,Completed
O005074,C00661,2024-01-29,S09,Completed
O005075,C00716,2024-04-11,S06,Completed
O005076,C00779,2024-05-02,S09,Completed
O005077,C00194,2024-02-23,S02,Completed
O005078,C00482,2024-10-09,S02,Completed
O005079,C00855,2025-09-05,S02,Completed
O005080,C00498,2024-04-26,S06,Completed
O005081,C00212,2025-09-07,S02,Completed
O005082,C00665,2025-07-10,S03,Completed
O005083,C00670,2024-04-23,S08,Completed
O005084,C00221,2025-06-26,S08,Completed
O005085,C00273,2025-11-06,S04,Cancelled
O005086,C01178,2025-12-01,S09,Completed
O005087,C00279,2024-10-19,S08,Returned
O005088,C00816,2024-07-13,S01,Completed
O005089,C00276,2024-10-18,S08,Completed
O005090,C01005,2024-09-17,S01,Completed
O005091,C00514,2024-07-25,S04,Completed
O005092,C01112,2025-07-17,S10,Completed
O005093,C00923,2024-02-18,S06,Completed
O005094,C00642,2024-01-06,S07,Completed
O005095,C00505,2025-01-13,S10,Completed
O005096,C00590,2025-01-28,S04,Completed
O005097,C00772,2024-08-11,S08,Completed
O005098,C00740,2024-01-23,S08,Completed
O005099,C00675,2025-10-18,S09,Completed
O005100,C01014,2024-04-19,S06,Completed
O005101,C00128,2025-12-24,S04,Returned
O005102,C00503,2025-07-06,S02,Completed
O005103,C00902,2025-02-02,S07,Completed
O005104,C00543,2024-06-20,S10,Completed
O005105,C00492,2025-11-28,S03,Completed
O005106,C01045,2025-12-26,S03,Completed
O005107,C00714,2024-11-01,S03,Completed
O005108,C00791,2025-07-17,S04,Completed
O005109,C00416,2025-08-04,S02,Completed
O005110,C00148,2025-12-08,S05,Completed
O005111,C00970,2024-05-30,S03,Completed
O005112,C00029,2025-03-03,S10,Completed
O005113,C00308,2025-09-12,S05,Completed
O005114,C00162,2025-04-11,S07,Cancelled
O005115,C00869,2025-09-21,S09,Completed
O005116,C00852,2025-08-29,S02,Completed
O005117,C00061,2025-07-09,S09,Completed
O005118,C00125,2024-03-07,S10,Completed
O005119,C01095,2024-06-04,S06,Completed
O005120,C00838,2024-07-24,S06,Completed
O005121,C00466,2024-06-03,S03,Completed
O005122,C00243,2025-11-21,S10,Completed
O005123,C00473,2025-05-23,S09,Completed
O005124,C00959,2025-07-25,S04,Completed
O005125,C00533,2024-03-14,S05,Completed
O005126,C00494,2024-02-18,S03,Completed
O005127,C00899,2025-04-11,S05,Completed
O005128,C00082,2025-08-07,S08,Completed
O005129,C00856,2025-12-08,S08,Completed
O005130,C00879,2024-06-27,S08,Returned
O005131,C00923,2024-02-17,S06,Completed
O005132,C00012,2024-03-12,S01,Completed
O005133,C00449,2024-04-22,S10,Completed
O005134,C00762,2024-06-07,S06,Completed
O005135,C01138,2024-01-30,S10,Cancelled
O005136,C00026,2024-04-06,S07,Completed
O005137,C00508,2024-09-07,S09,Completed
O005138,C00062,2025-06-02,S08,Completed
O005139,C00229,2024-04-01,S08,Completed
O005140,C00607,2024-04-22,S07,Completed
O005141,C01059,2024-09-15,S02,Completed
O005142,C00891,2024-04-16,S01,Completed
O005143,C00761,2025-07-28,S02,Completed
O005144,C00595,2025-01-24,S06,Completed
O005145,C01049,2024-12-23,S02,Completed
O005146,C01056,2024-07-17,S10,Returned
O005147,C01036,2025-03-02,S04,Completed
O005148,C00001,2025-04-22,S10,Returned
O005149,C01160,2025-05-17,S03,Completed
O005150,C00133,2025-10-19,S06,Completed
O005151,C00086,2025-07-26,S08,Completed
O005152,C00516,2024-04-29,S06,Completed
O005153,C00175,2025-07-26,S02,Completed
O005154,C00763,2024-11-04,S05,Completed
O005155,C01045,2025-06-21,S06,Completed
O005156,C00997,2025-09-18,S09,Completed
O005157,C01129,2025-04-19,S06,Completed
O005158,C00578,2025-07-05,S10,Cancelled
O005159,C00049,2024-12-09,S05,Completed
O005160,C00528,2025-09-19,S01,Completed
O005161,C00145,2024-05-15,S10,Completed
O005162,C00762,2024-10-03,S05,Completed
O005163,C01099,2025-06-16,S05,Completed
O005164,C00929,2024-01-31,S06,Completed
O005165,C00794,2024-09-03,S07,Completed
O005166,C00319,2025-02-14,S04,Completed
O005167,C01111,2024-01-27,S07,Completed
O005168,C00698,2024-03-13,S05,Completed
O005169,C00847,2024-04-06,S06,Completed
O005170,C00783,2025-11-03,S04,Completed
O005171,C00042,2024-12-11,S08,Completed
O005172,C01117,2025-04-20,S09,Completed
O005173,C00529,2024-10-26,S02,Completed
O005174,C00292,2024-10-25,S04,Completed
O005175,C00969,2024-10-13,S08,Cancelled
O005176,C00097,2025-03-24,S08,Completed
O005177,C01119,2024-07-30,S09,Returned
O005178,C00074,2024-03-16,S03,Returned
O005179,C01092,2025-02-04,S01,Completed
O005180,C00758,2025-10-16,S09,Completed
O005181,C01101,2024-02-03,S01,Completed
O005182,C00208,2025-05-12,S03,Completed
O005183,C00410,2025-05-30,S03,Completed
O005184,C00331,2024-11-23,S09,Completed
O005185,C00344,2024-04-07,S01,Returned
O005186,C00989,2024-12-31,S07,Completed
O005187,C00771,2025-12-29,S02,Completed
O005188,C00074,2025-04-07,S07,Completed
O005189,C00254,2024-01-28,S01,Completed
O005190,C00959,2025-12-13,S10,Completed
O005191,C00820,2025-01-20,S10,Completed
O005192,C00986,2024-09-29,S08,Cancelled
O005193,C00332,2024-05-06,S10,Completed
O005194,C00747,2024-07-20,S10,Completed
O005195,C00836,2025-06-04,S02,Completed
O005196,C00455,2024-10-13,S03,Completed
O005197,C01139,2025-03-25,S08,Completed
O005198,C00313,2024-03-28,S03,Completed
O005199,C01018,2024-11-13,S01,Completed
O005200,C00228,2024-01-19,S09,Completed
O005201,C00834,2025-08-15,S08,Completed
O005202,C00858,2024-04-16,S04,Returned
O005203,C00818,2025-04-02,S08,Completed
O005204,C01018,2024-11-06,S05,Completed
O005205,C00528,2025-02-15,S03,Completed
O005206,C00950,2025-09-15,S01,Completed
O005207,C00427,2025-09-26,S10,Completed
O005208,C00042,2025-05-12,S05,Completed
O005209,C00465,2024-08-31,S06,Completed
O005210,C00278,2025-11-20,S04,Completed
O005211,C00836,2025-07-30,S07,Returned
O005212,C00019,2025-01-14,S03,Completed
O005213,C00066,2025-05-29,S07,Completed
O005214,C00167,2024-07-25,S01,Completed
O005215,C01020,2025-01-28,S07,Completed
O005216,C00403,2024-01-21,S01,Returned
O005217,C00409,2025-06-10,S01,Completed
O005218,C00112,2024-12-08,S02,Completed
O005219,C00597,2025-12-18,S02,Returned
O005220,C00651,2024-07-20,S04,Completed
O005221,C01063,2024-04-29,S01,Completed
O005222,C00105,2025-10-10,S04,Completed
O005223,C00324,2025-01-23,S02,Completed
O005224,C00992,2025-06-20,S04,Completed
O005225,C00429,2024-08-21,S04,Completed
O005226,C00635,2025-09-24,S09,Completed
O005227,C00730,2025-08-24,S09,Completed
O005228,C00889,2024-11-15,S01,Completed
O005229,C01085,2025-12-12,S05,Completed
O005230,C00393,2024-06-28,S07,Completed
O005231,C00204,2025-01-02,S04,Completed
O005232,C00258,2024-03-16,S05,Completed
O005233,C00486,2025-10-10,S02,Completed
O005234,C00446,2025-10-11,S03,Completed
O005235,C01024,2025-05-10,S07,Completed
O005236,C00342,2025-06-05,S10,Cancelled
O005237,C00133,2024-07-19,S07,Completed
O005238,C00443,2024-12-11,S04,Cancelled
O005239,C00253,2025-04-27,S01,Completed
O005240,C00265,2024-08-06,S01,Completed
O005241,C00093,2024-02-29,S04,Completed
O005242,C00138,2025-10-20,S04,Completed
O005243,C01002,2025-09-10,S06,Completed
O005244,C00307,2025-07-03,S07,Completed
O005245,C00266,2025-10-07,S09,Completed
O005246,C00646,2024-08-08,S09,Completed
O005247,C00318,2025-05-16,S10,Completed
O005248,C01137,2024-05-12,S05,Completed
O005249,C00901,2024-02-22,S10,Completed
O005250,C00454,2025-03-25,S03,Completed
O005251,C00191,2024-03-02,S03,Completed
O005252,C00831,2024-01-23,S06,Returned
O005253,C01113,2024-02-13,S01,Completed
O005254,C00187,2025-07-11,S07,Completed
O005255,C00819,2025-10-20,S03,Returned
O005256,C01021,2025-12-28,S05,Completed
O005257,C00132,2024-02-16,S07,Completed
O005258,C00872,2024-01-24,S07,Completed
O005259,C00635,2025-10-18,S09,Completed
O005260,C00691,2024-03-29,S01,Completed
O005261,C00692,2024-06-22,S03,Completed
O005262,C01123,2025-07-29,S09,Completed
O005263,C01058,2024-04-28,S08,Completed
O005264,C00582,2025-10-29,S02,Completed
O005265,C00171,2024-06-26,S08,Completed
O005266,C00784,2024-12-07,S08,Completed
O005267,C01083,2025-07-21,S02,Completed
O005268,C00181,2024-02-28,S08,Returned
O005269,C00019,2025-03-13,S03,Completed
O005270,C01119,2025-03-03,S07,Cancelled
O005271,C00881,2025-03-01,S09,Completed
O005272,C00175,2025-01-15,S04,Completed
O005273,C00054,2025-04-30,S06,Completed
O005274,C00695,2024-07-03,S09,Completed
O005275,C00863,2025-07-12,S05,Returned
O005276,C00349,2025-04-04,S01,Completed
O005277,C00443,2024-04-11,S03,Completed
O005278,C00833,2025-07-09,S09,Completed
O005279,C00580,2024-01-15,S03,Completed
O005280,C00282,2024-02-20,S10,Completed
O005281,C00360,2024-11-04,S02,Cancelled
O005282,C00915,2024-02-03,S04,Completed
O005283,C00823,2025-09-27,S05,Returned
O005284,C00892,2025-08-11,S07,Completed
O005285,C00953,2025-09-26,S07,Completed
O005286,C00641,2024-07-23,S09,Completed
O005287,C01032,2024-03-10,S08,Completed
O005288,C00563,2024-08-17,S02,Completed
O005289,C00491,2025-04-24,S08,Completed
O005290,C00341,2025-06-16,S08,Completed
O005291,C00472,2024-04-17,S05,Completed
O005292,C00249,2024-08-28,S03,Completed
O005293,C00235,2024-09-07,S09,Completed
O005294,C01107,2024-05-14,S07,Completed
O005295,C01117,2024-03-30,S01,Completed
O005296,C00824,2025-08-13,S08,Completed
O005297,C00632,2025-03-15,S10,Completed
O005298,C00529,2025-11-19,S05,Completed
O005299,C00122,2024-10-24,S06,Completed
O005300,C00892,2025-02-10,S09,Completed
O005301,C00010,2024-11-03,S10,Completed
O005302,C00838,2024-04-11,S08,Completed
O005303,C00753,2024-12-26,S03,Completed
O005304,C00886,2025-09-15,S05,Completed
O005305,C00464,2025-11-23,S04,Completed
O005306,C00712,2025-09-07,S01,Completed
O005307,C00728,2025-06-11,S05,Completed
O005308,C00717,2025-08-30,S10,Completed
O005309,C00080,2024-10-19,S07,Completed
O005310,C00480,2024-05-25,S01,Completed
O005311,C00902,2025-02-07,S04,Completed
O005312,C00891,2024-01-02,S06,Completed
O005313,C00018,2024-04-28,S09,Completed
O005314,C01189,2025-08-28,S08,Completed
O005315,C00202,2024-07-09,S02,Completed
O005316,C00741,2024-01-03,S03,Completed
O005317,C00319,2025-05-01,S10,Returned
O005318,C00217,2025-09-14,S05,Completed
O005319,C01058,2024-06-25,S07,Completed
O005320,C00266,2024-09-13,S03,Completed
O005321,C00724,2025-06-17,S07,Completed
O005322,C00775,2025-04-21,S05,Completed
O005323,C01104,2025-02-01,S10,Completed
O005324,C00413,2025-05-10,S06,Completed
O005325,C01036,2024-08-07,S06,Completed
O005326,C00401,2024-06-21,S04,Completed
O005327,C00724,2025-01-24,S08,Completed
O005328,C00282,2025-05-16,S09,Completed
O005329,C01136,2025-07-30,S02,Completed
O005330,C00723,2024-09-16,S09,Completed
O005331,C00751,2024-05-10,S04,Completed
O005332,C00268,2024-04-22,S06,Completed
O005333,C00298,2025-12-23,S07,Completed
O005334,C00570,2024-01-20,S04,Completed
O005335,C00509,2024-08-02,S08,Completed
O005336,C00546,2024-11-05,S10,Completed
O005337,C00775,2024-09-07,S08,Completed
O005338,C00365,2025-05-02,S01,Completed
O005339,C00547,2025-01-16,S08,Completed
O005340,C00271,2025-02-12,S10,Completed
O005341,C00739,2024-09-27,S03,Completed
O005342,C00537,2025-02-10,S05,Completed
O005343,C00059,2025-11-22,S10,Completed
O005344,C00086,2024-07-12,S08,Completed
O005345,C00763,2025-03-16,S06,Completed
O005346,C00390,2024-11-08,S04,Completed
O005347,C00719,2024-03-19,S04,Completed
O005348,C00856,2024-06-28,S04,Completed
O005349,C00149,2025-11-05,S06,Completed
O005350,C00583,2025-12-14,S07,Completed
O005351,C00121,2024-01-14,S05,Completed
O005352,C00765,2024-09-02,S10,Completed
O005353,C00605,2024-01-14,S08,Completed
O005354,C00256,2024-04-08,S07,Completed
O005355,C00766,2024-02-02,S08,Completed
O005356,C00864,2025-03-11,S04,Completed
O005357,C00800,2024-09-13,S08,Completed
O005358,C00059,2024-02-03,S06,Completed
O005359,C01022,2024-01-19,S03,Completed
O005360,C01093,2025-10-25,S08,Completed
O005361,C00388,2024-09-16,S07,Completed
O005362,C01110,2025-11-06,S10,Completed
O005363,C00786,2025-08-11,S05,Cancelled
O005364,C00593,2025-02-19,S04,Completed
O005365,C00909,2024-05-16,S01,Completed
O005366,C00566,2024-12-24,S10,Completed
O005367,C00399,2025-12-20,S03,Completed
O005368,C00899,2025-08-01,S02,Completed
O005369,C00293,2024-04-25,S08,Completed
O005370,C00485,2025-02-07,S08,Completed
O005371,C00803,2024-07-20,S05,Completed
O005372,C00890,2025-01-10,S05,Returned
O005373,C00244,2024-09-06,S04,Completed
O005374,C00960,2025-03-21,S01,Completed
O005375,C01178,2024-10-04,S01,Completed
O005376,C00816,2024-04-21,S06,Completed
O005377,C00273,2025-04-17,S04,Completed
O005378,C00520,2025-11-18,S04,Completed
O005379,C01152,2025-01-26,S03,Completed
O005380,C00568,2024-05-22,S09,Completed
O005381,C00638,2024-02-01,S03,Completed
O005382,C00159,2024-06-29,S08,Completed
O005383,C00652,2025-08-01,S02,Completed
O005384,C00176,2025-05-30,S04,Completed
O005385,C00620,2024-09-25,S01,Completed
O005386,C00211,2024-08-23,S05,Completed
O005387,C00447,2024-10-03,S02,Completed
O005388,C00586,2025-07-06,S01,Completed
O005389,C00167,2025-09-24,S01,Completed
O005390,C00460,2024-10-01,S02,Completed
O005391,C00916,2024-03-26,S05,Cancelled
O005392,C01053,2024-03-03,S09,Completed
O005393,C00714,2025-02-07,S06,Completed
O005394,C01117,2024-07-10,S04,Completed
O005395,C00841,2024-10-19,S03,Completed
O005396,C00868,2024-01-31,S08,Completed
O005397,C00688,2024-11-25,S03,Completed
O005398,C00330,2025-10-19,S01,Completed
O005399,C00095,2024-04-16,S04,Completed
O005400,C00785,2025-09-13,S05,Completed
O005401,C00649,2024-10-02,S05,Completed
O005402,C00353,2025-12-22,S05,Completed
O005403,C00930,2025-10-12,S08,Completed
O005404,C00941,2025-08-20,S08,Cancelled
O005405,C00984,2025-07-09,S04,Returned
O005406,C01043,2024-03-22,S09,Cancelled
O005407,C00646,2024-03-04,S01,Completed
O005408,C00626,2025-07-20,S05,Completed
O005409,C00139,2025-08-08,S05,Completed
O005410,C00716,2024-05-08,S05,Completed
O005411,C00762,2024-09-12,S08,Completed
O005412,C00255,2024-08-18,S09,Completed
O005413,C01109,2025-05-11,S03,Completed
O005414,C00676,2024-05-16,S09,Completed
O005415,C00092,2025-03-30,S08,Completed
O005416,C01093,2024-12-20,S03,Cancelled
O005417,C00037,2025-09-15,S02,Completed
O005418,C00140,2025-04-29,S04,Completed
O005419,C00867,2024-05-25,S02,Completed
O005420,C00680,2024-02-02,S04,Completed
O005421,C00137,2024-09-16,S05,Completed
O005422,C00190,2024-03-27,S02,Cancelled
O005423,C00342,2024-09-21,S08,Returned
O005424,C01029,2025-06-25,S01,Returned
O005425,C00972,2025-01-26,S03,Completed
O005426,C00662,2024-08-19,S07,Completed
O005427,C00243,2025-08-10,S10,Completed
O005428,C00415,2025-03-22,S01,Completed
O005429,C00707,2024-05-08,S02,Completed
O005430,C00343,2024-09-27,S03,Completed
O005431,C00682,2024-03-29,S02,Completed
O005432,C00653,2025-04-10,S02,Completed
O005433,C00146,2024-06-18,S06,Completed
O005434,C00323,2024-05-07,S07,Completed
O005435,C00122,2024-06-22,S06,Cancelled
O005436,C00311,2024-01-26,S06,Completed
O005437,C00601,2025-07-26,S09,Cancelled
O005438,C00475,2025-05-25,S08,Completed
O005439,C00570,2025-05-02,S08,Completed
O005440,C00575,2025-08-01,S06,Completed
O005441,C00347,2025-02-09,S05,Completed
O005442,C00820,2024-01-26,S09,Completed
O005443,C00382,2024-03-23,S02,Completed
O005444,C00072,2024-12-29,S07,Completed
O005445,C00521,2025-01-01,S06,Completed
O005446,C00933,2024-02-29,S07,Completed
O005447,C01118,2025-07-04,S04,Completed
O005448,C00339,2025-09-26,S09,Completed
O005449,C00664,2024-10-18,S07,Completed
O005450,C00040,2024-07-09,S02,Completed
O005451,C00574,2025-04-05,S04,Completed
O005452,C00966,2025-10-25,S05,Completed
O005453,C00581,2024-08-20,S02,Completed
O005454,C00170,2025-04-18,S10,Completed
O005455,C00701,2025-02-08,S08,Completed
O005456,C00511,2025-10-19,S01,Completed
O005457,C00584,2024-09-27,S03,Completed
O005458,C00984,2024-05-13,S01,Completed
O005459,C00459,2024-06-19,S05,Completed
O005460,C00529,2025-02-18,S08,Completed
O005461,C00341,2024-01-28,S07,Completed
O005462,C00057,2024-05-15,S09,Completed
O005463,C00218,2025-02-08,S02,Completed
O005464,C00619,2025-05-19,S08,Completed
O005465,C00816,2024-08-28,S08,Completed
O005466,C00731,2025-03-19,S06,Completed
O005467,C00464,2025-03-09,S03,Completed
O005468,C00247,2024-08-15,S02,Completed
O005469,C00730,2025-05-23,S08,Completed
O005470,C00373,2024-10-29,S06,Completed
O005471,C00417,2024-02-03,S04,Completed
O005472,C01055,2024-01-02,S05,Completed
O005473,C00368,2024-12-27,S05,Completed
O005474,C00559,2024-07-13,S09,Completed
O005475,C00108,2025-08-28,S09,Completed
O005476,C00584,2024-11-03,S08,Completed
O005477,C00839,2025-10-08,S08,Completed
O005478,C00418,2025-12-16,S02,Completed
O005479,C00821,2024-09-06,S03,Completed
O005480,C00683,2024-05-26,S08,Completed
O005481,C01140,2024-12-11,S05,Completed
O005482,C00256,2024-12-13,S07,Completed
O005483,C01105,2024-09-10,S08,Completed
O005484,C00780,2025-02-02,S06,Completed
O005485,C01152,2024-11-29,S05,Completed
O005486,C00838,2024-06-24,S08,Completed
O005487,C00915,2024-05-04,S01,Completed
O005488,C00235,2025-02-01,S01,Completed
O005489,C00553,2024-05-10,S01,Completed
O005490,C00181,2025-07-15,S03,Completed
O005491,C00157,2025-08-27,S10,Cancelled
O005492,C00571,2025-02-10,S06,Completed
O005493,C00857,2024-11-29,S06,Completed
O005494,C01048,2024-01-20,S05,Completed
O005495,C00948,2024-07-23,S07,Completed
O005496,C00592,2025-08-25,S05,Completed
O005497,C00134,2024-12-20,S02,Cancelled
O005498,C00421,2024-06-21,S04,Completed
O005499,C00213,2024-07-07,S01,Completed
O005500,C00900,2024-01-02,S07,Completed
O005501,C00482,2024-06-16,S04,Completed
O005502,C00348,2025-01-02,S04,Cancelled
O005503,C00166,2025-06-19,S04,Completed
O005504,C00937,2025-08-02,S03,Completed
O005505,C00348,2025-01-04,S08,Completed
O005506,C00849,2025-12-06,S04,Returned
O005507,C00398,2025-08-18,S08,Completed
O005508,C00583,2025-03-12,S09,Completed
O005509,C00726,2024-07-25,S01,Completed
O005510,C00308,2024-02-18,S04,Completed
O005511,C00991,2025-06-27,S06,Completed
O005512,C00798,2025-11-12,S08,Completed
O005513,C00719,2024-05-08,S06,Completed
O005514,C00466,2025-03-22,S06,Returned
O005515,C00099,2025-09-05,S10,Completed
O005516,C00158,2024-02-04,S04,Completed
O005517,C00610,2024-07-17,S09,Completed
O005518,C00554,2024-03-17,S07,Completed
O005519,C00651,2025-01-03,S06,Completed
O005520,C00920,2025-06-09,S01,Completed
O005521,C00227,2024-12-14,S02,Returned
O005522,C00423,2025-05-20,S06,Completed
O005523,C01096,2025-10-04,S01,Completed
O005524,C00243,2024-08-25,S05,Completed
O005525,C00530,2024-10-06,S01,Completed
O005526,C01069,2025-07-30,S03,Completed
O005527,C00371,2025-03-07,S07,Completed
O005528,C00652,2024-05-17,S05,Completed
O005529,C00689,2024-09-25,S10,Completed
O005530,C00734,2024-07-19,S01,Completed
O005531,C00092,2024-05-21,S01,Completed
O005532,C01046,2025-09-03,S08,Completed
O005533,C00172,2025-10-11,S09,Completed
O005534,C01101,2025-11-10,S07,Returned
O005535,C00179,2025-09-02,S03,Completed
O005536,C00238,2024-12-20,S06,Cancelled
O005537,C01159,2025-07-31,S03,Completed
O005538,C00877,2024-11-24,S10,Completed
O005539,C00902,2025-07-12,S04,Completed
O005540,C00280,2024-08-18,S04,Cancelled
O005541,C01043,2024-11-03,S03,Cancelled
O005542,C00740,2025-10-19,S10,Completed
O005543,C00371,2025-12-19,S06,Completed
O005544,C01136,2024-05-25,S05,Completed
O005545,C00870,2024-05-31,S09,Completed
O005546,C01019,2024-05-19,S09,Returned
O005547,C00221,2025-10-24,S03,Completed
O005548,C00920,2024-01-21,S09,Completed
O005549,C00304,2024-09-10,S03,Completed
O005550,C00438,2024-03-04,S04,Completed
O005551,C01194,2024-08-05,S01,Completed
O005552,C00375,2024-03-12,S05,Completed
O005553,C00381,2024-06-10,S09,Completed
O005554,C00986,2024-05-09,S02,Completed
O005555,C00014,2025-08-03,S04,Completed
O005556,C00743,2024-08-12,S10,Completed
O005557,C00669,2025-08-02,S02,Completed
O005558,C00500,2025-03-29,S08,Completed
O005559,C00565,2025-01-18,S09,Completed
O005560,C00530,2024-04-16,S03,Completed
O005561,C00492,2025-09-12,S09,Completed
O005562,C00755,2024-04-12,S06,Completed
O005563,C00300,2024-05-20,S06,Completed
O005564,C00815,2025-07-30,S07,Completed
O005565,C00547,2024-05-13,S05,Cancelled
O005566,C00727,2024-07-17,S06,Completed
O005567,C00731,2025-05-24,S01,Completed
O005568,C00828,2025-10-28,S03,Completed
O005569,C00602,2024-03-19,S09,Completed
O005570,C01032,2025-04-26,S05,Completed
O005571,C00768,2025-05-26,S05,Completed
O005572,C00875,2024-09-06,S08,Completed
O005573,C00937,2025-08-21,S02,Completed
O005574,C00131,2025-08-22,S07,Completed
O005575,C00608,2025-04-27,S09,Completed
O005576,C00026,2024-06-20,S07,Completed
O005577,C00635,2024-01-17,S05,Completed
O005578,C00484,2024-10-20,S06,Completed
O005579,C00680,2025-01-28,S04,Completed
O005580,C01075,2025-05-12,S07,Completed
O005581,C00005,2024-08-06,S01,Completed
O005582,C00589,2024-08-21,S04,Completed
O005583,C01184,2025-01-24,S03,Completed
O005584,C00208,2024-09-04,S04,Returned
O005585,C00257,2024-02-21,S01,Returned
O005586,C00011,2024-01-15,S02,Completed
O005587,C00949,2024-11-19,S09,Completed
O005588,C00008,2025-03-16,S07,Completed
O005589,C00936,2024-04-21,S06,Completed
O005590,C00032,2025-11-26,S02,Completed
O005591,C00540,2024-01-07,S01,Completed
O005592,C01005,2025-07-16,S02,Completed
O005593,C00387,2024-09-01,S07,Completed
O005594,C00640,2025-03-23,S02,Completed
O005595,C00207,2024-12-30,S03,Completed
O005596,C00557,2025-01-01,S08,Completed
O005597,C00348,2025-11-28,S07,Completed
O005598,C00793,2024-10-13,S09,Completed
O005599,C00234,2025-08-26,S04,Completed
O005600,C01068,2024-04-15,S07,Completed
O005601,C01006,2024-01-13,S01,Completed
O005602,C00737,2024-05-25,S02,Completed
O005603,C00942,2025-04-22,S07,Completed
O005604,C01166,2025-09-22,S02,Completed
O005605,C00176,2025-12-15,S06,Completed
O005606,C00449,2025-10-14,S10,Completed
O005607,C00592,2024-04-24,S09,Completed
O005608,C00082,2025-05-23,S05,Completed
O005609,C00135,2024-05-31,S10,Cancelled
O005610,C00856,2024-02-26,S07,Completed
O005611,C01165,2025-01-16,S01,Completed
O005612,C00440,2024-06-05,S08,Completed
O005613,C01080,2024-05-12,S09,Completed
O005614,C00697,2024-06-11,S05,Completed
O005615,C00419,2024-10-01,S06,Completed
O005616,C00088,2025-11-25,S08,Completed
O005617,C00656,2024-03-17,S04,Completed
O005618,C01032,2024-02-13,S02,Completed
O005619,C00215,2025-12-18,S10,Completed
O005620,C00552,2025-07-03,S08,Completed
O005621,C00503,2024-11-13,S02,Completed
O005622,C00699,2025-06-17,S05,Completed
O005623,C00245,2025-08-07,S06,Completed
O005624,C00309,2024-06-02,S05,Completed
O005625,C00231,2024-08-24,S06,Completed
O005626,C00155,2025-05-31,S06,Returned
O005627,C01199,2024-08-08,S03,Completed
O005628,C00848,2024-11-05,S03,Completed
O005629,C00115,2025-08-20,S09,Completed
O005630,C00311,2024-06-25,S03,Completed
O005631,C00993,2024-08-07,S03,Completed
O005632,C00300,2024-02-07,S02,Completed
O005633,C01042,2025-10-15,S07,Completed
O005634,C00784,2025-03-06,S10,Completed
O005635,C00012,2024-07-21,S10,Completed
O005636,C00232,2025-03-23,S04,Completed
O005637,C00955,2025-05-09,S01,Completed
O005638,C00730,2025-11-14,S06,Completed
O005639,C01018,2024-05-04,S05,Completed
O005640,C00999,2024-03-05,S02,Cancelled
O005641,C00303,2024-08-31,S06,Completed
O005642,C00541,2025-06-10,S01,Completed
O005643,C00470,2024-08-13,S03,Completed
O005644,C00813,2025-04-09,S04,Completed
O005645,C00077,2025-10-04,S03,Cancelled
O005646,C01020,2025-12-07,S06,Completed
O005647,C00024,2024-10-19,S04,Completed
O005648,C01039,2025-12-21,S01,Cancelled
O005649,C00676,2025-01-15,S05,Completed
O005650,C00525,2025-09-16,S05,Completed
O005651,C00347,2024-06-14,S09,Completed
O005652,C00172,2025-12-03,S08,Completed
O005653,C00712,2024-08-05,S08,Completed
O005654,C00489,2024-10-01,S05,Completed
O005655,C00378,2024-02-21,S08,Completed
O005656,C01188,2025-01-08,S10,Completed
O005657,C00372,2025-10-31,S07,Completed
O005658,C01000,2024-12-28,S01,Completed
O005659,C00977,2025-07-20,S07,Completed
O005660,C00757,2024-01-14,S08,Completed
O005661,C00477,2024-12-05,S03,Completed
O005662,C00382,2025-08-24,S09,Completed
O005663,C00155,2025-06-22,S08,Completed
O005664,C00257,2024-03-29,S02,Completed
O005665,C00674,2024-02-10,S06,Completed
O005666,C00068,2024-10-30,S04,Completed
O005667,C00344,2024-09-24,S03,Completed
O005668,C00673,2024-05-17,S06,Completed
O005669,C00391,2024-01-06,S10,Completed
O005670,C00259,2024-08-29,S09,Completed
O005671,C00307,2024-06-10,S02,Completed
O005672,C01119,2025-11-22,S10,Completed
O005673,C00950,2025-06-01,S10,Returned
O005674,C00970,2025-02-04,S10,Completed
O005675,C00246,2024-06-04,S05,Completed
O005676,C00733,2024-03-25,S06,Completed
O005677,C00187,2025-12-12,S04,Completed
O005678,C00925,2024-01-10,S07,Returned
O005679,C00785,2024-05-17,S02,Completed
O005680,C00408,2025-12-13,S07,Cancelled
O005681,C01149,2024-06-04,S02,Completed
O005682,C00341,2025-02-11,S01,Completed
O005683,C00563,2024-08-12,S05,Completed
O005684,C00651,2025-08-02,S02,Completed
O005685,C00952,2024-07-02,S08,Completed
O005686,C01194,2024-07-13,S08,Completed
O005687,C01063,2025-07-07,S01,Completed
O005688,C00069,2025-01-30,S04,Completed
O005689,C00381,2025-10-24,S09,Completed
O005690,C00057,2025-08-18,S05,Completed
O005691,C00850,2024-05-13,S10,Completed
O005692,C01123,2024-11-04,S06,Completed
O005693,C00916,2025-06-25,S03,Completed
O005694,C00325,2024-01-09,S05,Completed
O005695,C00461,2024-06-18,S01,Completed
O005696,C00179,2024-10-16,S08,Completed
O005697,C00844,2024-06-16,S06,Completed
O005698,C00574,2024-12-09,S02,Returned
O005699,C00119,2025-05-11,S04,Completed
O005700,C00549,2024-05-24,S04,Completed
O005701,C00646,2025-02-16,S09,Completed
O005702,C00026,2025-08-10,S09,Completed
O005703,C01032,2025-11-19,S05,Completed
O005704,C00969,2025-04-01,S03,Completed
O005705,C00533,2025-12-01,S01,Completed
O005706,C00149,2024-10-28,S06,Completed
O005707,C01049,2024-02-15,S08,Completed
O005708,C00655,2024-01-17,S01,Completed
O005709,C00945,2025-07-31,S01,Completed
O005710,C00555,2024-12-25,S07,Completed
O005711,C00425,2024-09-17,S07,Completed
O005712,C00293,2024-05-02,S02,Completed
O005713,C00554,2024-08-18,S03,Completed
O005714,C00431,2025-09-28,S02,Completed
O005715,C00604,2024-04-21,S06,Completed
O005716,C00317,2025-08-15,S08,Completed
O005717,C00398,2024-09-02,S08,Completed
O005718,C00596,2025-01-25,S01,Returned
O005719,C00546,2025-01-26,S09,Completed
O005720,C00076,2024-11-23,S08,Completed
O005721,C00865,2024-08-02,S09,Completed
O005722,C00916,2025-01-01,S09,Completed
O005723,C00709,2024-03-22,S06,Completed
O005724,C00486,2024-03-16,S03,Completed
O005725,C01112,2025-06-10,S01,Completed
O005726,C00747,2025-05-17,S08,Completed
O005727,C01031,2025-04-23,S10,Completed
O005728,C00550,2025-01-06,S03,Completed
O005729,C00976,2024-09-21,S07,Completed
O005730,C01076,2024-09-20,S10,Completed
O005731,C00942,2024-04-19,S06,Completed
O005732,C00919,2024-11-02,S03,Completed
O005733,C01167,2024-07-18,S06,Completed
O005734,C00363,2024-08-13,S03,Completed
O005735,C00382,2024-07-03,S09,Completed
O005736,C00271,2024-01-31,S01,Completed
O005737,C01038,2025-09-05,S08,Completed
O005738,C00298,2024-04-08,S05,Completed
O005739,C01004,2024-12-04,S04,Completed
O005740,C00234,2024-09-22,S01,Completed
O005741,C00575,2025-10-13,S09,Cancelled
O005742,C00027,2024-12-15,S09,Completed
O005743,C00093,2025-12-28,S05,Completed
O005744,C00617,2025-06-27,S09,Completed
O005745,C00309,2025-04-01,S10,Returned
O005746,C00052,2024-03-28,S09,Completed
O005747,C00319,2024-03-03,S07,Completed
O005748,C00181,2025-01-21,S08,Completed
O005749,C01144,2025-04-03,S01,Completed
O005750,C00875,2025-08-08,S04,Completed
O005751,C01067,2025-09-27,S10,Completed
O005752,C00647,2024-09-25,S10,Completed
O005753,C00197,2025-09-24,S04,Completed
O005754,C00645,2024-12-11,S09,Completed
O005755,C00971,2025-12-24,S03,Returned
O005756,C00255,2025-10-21,S10,Completed
O005757,C00732,2024-03-18,S10,Completed
O005758,C00336,2024-12-30,S01,Completed
O005759,C00990,2024-01-14,S05,Completed
O005760,C00900,2024-05-15,S07,Completed
O005761,C00514,2024-10-30,S04,Completed
O005762,C00242,2025-01-31,S09,Completed
O005763,C00149,2024-03-19,S06,Completed
O005764,C00757,2025-12-05,S06,Completed
O005765,C00620,2025-02-21,S03,Completed
O005766,C00453,2024-08-29,S10,Returned
O005767,C00212,2024-02-20,S10,Completed
O005768,C00668,2025-01-18,S05,Completed
O005769,C00594,2025-01-09,S10,Completed
O005770,C00131,2025-12-30,S06,Completed
O005771,C00612,2024-07-24,S04,Completed
O005772,C00256,2025-05-03,S03,Completed
O005773,C00561,2025-01-15,S05,Completed
O005774,C00063,2024-11-06,S07,Completed
O005775,C00407,2025-01-09,S06,Completed
O005776,C00802,2025-09-23,S02,Cancelled
O005777,C01129,2025-08-14,S01,Completed
O005778,C00015,2024-02-11,S05,Completed
O005779,C00259,2025-06-16,S05,Completed
O005780,C00723,2025-06-05,S06,Completed
O005781,C00614,2024-06-01,S03,Completed
O005782,C01069,2024-11-07,S01,Completed
O005783,C00813,2024-10-20,S04,Completed
O005784,C00331,2025-08-20,S04,Completed
O005785,C00165,2024-04-22,S10,Completed
O005786,C01089,2025-12-01,S02,Returned
O005787,C00387,2024-04-21,S08,Completed
O005788,C01054,2024-06-23,S06,Completed
O005789,C00328,2024-10-28,S03,Completed
O005790,C00320,2025-05-30,S01,Completed
O005791,C00399,2024-08-08,S03,Completed
O005792,C00105,2024-06-19,S08,Completed
O005793,C00696,2024-11-13,S04,Completed
O005794,C01017,2024-07-31,S03,Completed
O005795,C00330,2024-09-09,S04,Completed
O005796,C00660,2024-05-03,S04,Completed
O005797,C01071,2025-10-01,S02,Completed
O005798,C00599,2024-07-31,S04,Completed
O005799,C00821,2025-09-15,S09,Completed
O005800,C00641,2024-03-25,S04,Completed
O005801,C00314,2025-05-30,S01,Completed
O005802,C01171,2024-03-05,S01,Completed
O005803,C00462,2024-11-13,S01,Completed
O005804,C00486,2024-12-11,S05,Completed
O005805,C00410,2025-09-23,S06,Completed
O005806,C00027,2024-08-30,S06,Completed
O005807,C01053,2024-05-16,S06,Completed
O005808,C00271,2024-09-03,S09,Completed
O005809,C00686,2025-03-16,S01,Completed
O005810,C00501,2024-02-14,S10,Completed
O005811,C00385,2025-10-19,S06,Completed
O005812,C00060,2025-11-18,S08,Completed
O005813,C01131,2025-07-07,S08,Completed
O005814,C00220,2024-03-29,S03,Returned
O005815,C00771,2025-12-30,S05,Completed
O005816,C00564,2024-08-15,S10,Completed
O005817,C00546,2024-10-17,S04,Completed
O005818,C00096,2025-02-25,S01,Cancelled
O005819,C00989,2024-03-07,S09,Completed
O005820,C01113,2024-09-07,S05,Returned
O005821,C00828,2024-02-10,S02,Completed
O005822,C00231,2024-04-08,S02,Completed
O005823,C00968,2024-11-01,S07,Completed
O005824,C00275,2025-03-31,S04,Completed
O005825,C00246,2025-08-13,S01,Completed
O005826,C00111,2024-10-27,S05,Completed
O005827,C00234,2024-07-17,S02,Completed
O005828,C00417,2025-10-20,S07,Completed
O005829,C00678,2025-05-02,S09,Completed
O005830,C01152,2024-04-15,S01,Completed
O005831,C00803,2025-02-04,S02,Completed
O005832,C00619,2025-12-05,S06,Completed
O005833,C01152,2025-04-21,S08,Completed
O005834,C00707,2024-05-01,S07,Completed
O005835,C00851,2024-03-17,S09,Completed
O005836,C00475,2024-11-07,S02,Completed
O005837,C00655,2024-04-21,S09,Completed
O005838,C00395,2025-11-12,S04,Completed
O005839,C00111,2025-06-01,S03,Completed
O005840,C00090,2024-07-15,S07,Completed
O005841,C00763,2024-04-07,S05,Completed
O005842,C01125,2025-04-03,S05,Completed
O005843,C00132,2024-08-17,S02,Completed
O005844,C01037,2024-06-16,S06,Completed
O005845,C00457,2024-01-08,S06,Returned
O005846,C00098,2024-06-20,S04,Completed
O005847,C01144,2024-12-25,S05,Completed
O005848,C00293,2024-07-13,S07,Completed
O005849,C01025,2024-09-25,S08,Completed
O005850,C00572,2024-01-19,S06,Completed
O005851,C00250,2024-12-19,S05,Completed
O005852,C00652,2024-02-18,S03,Completed
O005853,C00149,2025-04-08,S07,Completed
O005854,C00044,2024-12-21,S08,Completed
O005855,C01068,2024-06-06,S03,Completed
O005856,C01102,2024-03-06,S05,Completed
O005857,C00162,2025-07-24,S02,Completed
O005858,C00253,2024-11-03,S10,Completed
O005859,C00132,2024-12-02,S10,Completed
O005860,C00474,2025-11-01,S04,Completed
O005861,C01133,2024-04-30,S04,Completed
O005862,C00706,2025-02-07,S08,Completed
O005863,C01059,2025-10-08,S03,Completed
O005864,C00275,2025-07-21,S05,Completed
O005865,C00187,2024-04-05,S05,Completed
O005866,C00949,2024-04-23,S02,Completed
O005867,C00243,2025-03-04,S09,Cancelled
O005868,C00264,2025-06-23,S04,Cancelled
O005869,C00522,2024-01-02,S09,Completed
O005870,C00963,2024-07-30,S09,Completed
O005871,C00783,2025-08-02,S02,Completed
O005872,C01111,2025-10-01,S09,Completed
O005873,C00535,2024-11-28,S09,Completed
O005874,C00210,2024-01-24,S02,Completed
O005875,C00046,2025-01-02,S06,Completed
O005876,C00026,2025-05-20,S09,Completed
O005877,C00175,2024-06-24,S04,Completed
O005878,C00322,2025-03-04,S02,Completed
O005879,C01159,2025-03-17,S07,Completed
O005880,C00055,2025-07-01,S09,Completed
O005881,C01180,2025-05-28,S06,Completed
O005882,C00668,2024-12-26,S04,Completed
O005883,C00147,2024-09-30,S01,Completed
O005884,C00599,2024-06-25,S04,Returned
O005885,C00020,2024-09-20,S03,Completed
O005886,C00333,2024-07-04,S07,Returned
O005887,C00907,2025-06-10,S10,Completed
O005888,C00944,2024-10-05,S05,Completed
O005889,C00911,2025-12-06,S03,Completed
O005890,C00401,2024-07-16,S02,Completed
O005891,C00950,2024-12-14,S02,Completed
O005892,C00028,2025-02-24,S05,Completed
O005893,C00467,2024-10-31,S08,Returned
O005894,C00982,2024-03-04,S08,Completed
O005895,C00101,2024-10-16,S05,Completed
O005896,C00551,2024-01-18,S02,Completed
O005897,C00802,2024-03-04,S04,Completed
O005898,C00353,2024-11-25,S07,Completed
O005899,C00296,2024-01-17,S06,Completed
O005900,C00353,2025-03-18,S10,Completed
O005901,C00908,2024-05-20,S07,Completed
O005902,C01154,2024-11-03,S05,Completed
O005903,C01019,2025-03-19,S02,Completed
O005904,C01180,2025-05-10,S08,Completed
O005905,C01098,2025-03-01,S02,Returned
O005906,C01114,2025-04-19,S08,Completed
O005907,C00455,2024-09-01,S07,Completed
O005908,C00712,2025-03-25,S03,Completed
O005909,C00980,2024-12-16,S04,Completed
O005910,C00739,2025-08-21,S07,Completed
O005911,C00977,2025-12-11,S04,Completed
O005912,C00233,2024-06-09,S09,Completed
O005913,C01024,2024-05-19,S07,Completed
O005914,C00102,2025-05-07,S01,Completed
O005915,C00953,2025-08-10,S01,Completed
O005916,C00481,2025-06-14,S04,Completed
O005917,C00108,2025-01-27,S09,Completed
O005918,C01189,2025-02-04,S04,Completed
O005919,C00973,2024-02-19,S05,Completed
O005920,C00704,2024-10-21,S01,Completed
O005921,C00335,2025-02-28,S02,Completed
O005922,C00086,2024-01-12,S04,Completed
O005923,C00734,2024-11-30,S04,Returned
O005924,C00875,2024-01-15,S10,Completed
O005925,C00364,2024-01-28,S06,Completed
O005926,C00060,2025-01-22,S06,Completed
O005927,C00560,2024-10-18,S08,Completed
O005928,C00117,2024-09-06,S09,Completed
O005929,C00874,2025-05-19,S01,Completed
O005930,C00915,2024-04-07,S01,Completed
O005931,C00968,2024-12-02,S06,Completed
O005932,C00999,2024-02-08,S04,Completed
O005933,C00044,2024-02-07,S04,Completed
O005934,C00509,2024-10-26,S01,Completed
O005935,C01189,2024-06-27,S09,Completed
O005936,C00849,2025-08-31,S03,Completed
O005937,C00917,2025-04-13,S05,Returned
O005938,C00898,2024-10-08,S10,Completed
O005939,C00799,2024-06-12,S01,Completed
O005940,C00876,2025-03-28,S08,Returned
O005941,C00286,2024-04-06,S03,Completed
O005942,C00684,2024-11-04,S01,Completed
O005943,C00819,2024-09-18,S10,Completed
O005944,C00121,2024-10-19,S06,Completed
O005945,C00945,2024-09-05,S01,Completed
O005946,C01018,2024-09-01,S03,Completed
O005947,C00907,2024-09-07,S05,Completed
O005948,C00013,2024-05-02,S04,Completed
O005949,C00603,2024-11-20,S07,Completed
O005950,C00200,2025-11-11,S06,Completed
O005951,C00586,2025-05-15,S03,Completed
O005952,C00448,2025-11-17,S08,Completed
O005953,C00841,2025-12-16,S08,Completed
O005954,C01095,2024-03-06,S02,Completed
O005955,C00590,2024-02-28,S07,Completed
O005956,C01154,2025-12-31,S01,Completed
O005957,C00889,2025-05-12,S02,Completed
O005958,C00043,2025-01-07,S08,Completed
O005959,C00520,2024-09-22,S01,Completed
O005960,C01037,2025-10-14,S02,Returned
O005961,C00725,2024-08-23,S01,Completed
O005962,C00623,2024-08-05,S05,Returned
O005963,C00988,2025-06-10,S07,Completed
O005964,C00803,2025-03-16,S06,Cancelled
O005965,C00535,2025-10-11,S06,Completed
O005966,C00302,2025-02-09,S06,Cancelled
O005967,C00527,2025-08-23,S08,Completed
O005968,C01139,2025-08-11,S05,Cancelled
O005969,C00460,2025-10-09,S10,Completed
O005970,C00832,2025-04-13,S07,Completed
O005971,C00505,2024-04-19,S03,Completed
O005972,C00932,2024-12-18,S09,Completed
O005973,C00325,2024-03-31,S10,Completed
O005974,C00579,2025-02-17,S03,Returned
O005975,C00761,2025-12-02,S06,Completed
O005976,C01199,2024-03-13,S03,Completed
O005977,C00851,2025-11-15,S01,Completed
O005978,C01196,2025-06-30,S01,Completed
O005979,C00960,2025-12-22,S03,Completed
O005980,C00502,2024-10-24,S04,Completed
O005981,C00334,2025-10-06,S02,Completed
O005982,C00284,2024-10-09,S09,Completed
O005983,C00475,2025-05-19,S08,Completed
O005984,C01078,2024-07-16,S03,Completed
O005985,C00632,2024-02-01,S07,Completed
O005986,C00703,2025-10-09,S04,Completed
O005987,C00409,2024-12-06,S05,Completed
O005988,C00982,2025-10-19,S04,Completed
O005989,C00559,2024-11-29,S09,Completed
O005990,C00222,2024-05-22,S07,Completed
O005991,C00158,2025-02-13,S04,Completed
O005992,C00348,2024-02-13,S08,Completed
O005993,C01183,2024-02-01,S02,Completed
O005994,C00889,2024-01-28,S07,Completed
O005995,C00922,2025-02-26,S01,Completed
O005996,C00662,2025-05-05,S08,Completed
O005997,C00405,2024-06-08,S06,Completed
O005998,C00677,2024-07-25,S05,Completed
O005999,C00589,2024-01-18,S09,Completed
O006000,C00558,2024-04-12,S09,Completed
O006001,C00905,2025-08-04,S03,Completed
O006002,C01071,2025-09-22,S09,Completed
O006003,C00479,2025-10-12,S09,Completed
O006004,C00487,2025-11-02,S02,Completed
O006005,C00566,2024-08-19,S05,Completed
O006006,C00524,2025-10-21,S02,Cancelled
O006007,C00704,2025-02-27,S01,Completed
O006008,C01030,2025-06-30,S07,Completed
O006009,C00821,2024-08-26,S04,Cancelled
O006010,C01168,2024-11-29,S05,Completed
O006011,C00858,2024-05-28,S04,Completed
O006012,C00585,2025-09-14,S06,Completed
O006013,C00686,2025-02-11,S02,Completed
O006014,C00232,2024-01-17,S08,Cancelled
O006015,C00270,2024-08-13,S04,Completed
O006016,C00940,2025-10-13,S08,Returned
O006017,C00874,2025-10-17,S03,Completed
O006018,C00052,2024-09-16,S05,Completed
O006019,C00116,2025-12-29,S03,Completed
O006020,C00538,2025-11-04,S07,Returned
O006021,C00541,2025-08-26,S03,Completed
O006022,C01043,2024-06-22,S08,Completed
O006023,C00815,2024-07-23,S09,Completed
O006024,C00791,2025-02-18,S02,Completed
O006025,C00618,2025-05-22,S03,Completed
O006026,C00419,2024-06-01,S07,Completed
O006027,C00309,2024-04-12,S05,Cancelled
O006028,C00864,2025-12-14,S10,Completed
O006029,C00186,2024-03-05,S07,Completed
O006030,C00261,2024-04-26,S02,Completed
O006031,C00160,2025-10-26,S04,Completed
O006032,C00870,2024-06-04,S01,Completed
O006033,C00762,2025-11-06,S05,Completed
O006034,C00224,2024-03-22,S08,Completed
O006035,C00180,2025-06-01,S01,Completed
O006036,C00020,2024-03-07,S07,Completed
O006037,C00632,2024-08-25,S07,Completed
O006038,C00058,2025-08-06,S07,Completed
O006039,C01117,2025-08-29,S01,Completed
O006040,C00723,2024-11-21,S03,Completed
O006041,C00615,2025-08-12,S02,Completed
O006042,C00562,2024-03-07,S05,Completed
O006043,C00374,2024-06-24,S02,Completed
O006044,C00622,2025-11-14,S05,Cancelled
O006045,C00088,2025-04-22,S05,Completed
O006046,C01044,2024-09-11,S04,Completed
O006047,C01014,2024-03-03,S07,Completed
O006048,C00014,2025-02-06,S10,Completed
O006049,C00133,2024-07-10,S06,Completed
O006050,C01058,2024-11-24,S02,Cancelled
O006051,C00892,2024-03-11,S04,Completed
O006052,C00592,2024-03-03,S07,Completed
O006053,C00583,2024-10-23,S09,Completed
O006054,C01179,2024-09-01,S09,Completed
O006055,C01102,2025-06-02,S03,Completed
O006056,C01196,2025-01-27,S01,Completed
O006057,C00289,2025-08-23,S09,Returned
O006058,C01013,2024-06-25,S08,Completed
O006059,C00879,2024-07-22,S07,Completed
O006060,C00007,2025-10-07,S06,Completed
O006061,C01184,2025-08-16,S10,Completed
O006062,C00240,2025-06-16,S07,Completed
O006063,C00536,2024-05-07,S09,Completed
O006064,C00070,2024-07-13,S06,Completed
O006065,C00216,2024-07-12,S10,Completed
O006066,C01128,2024-07-02,S03,Completed
O006067,C01078,2024-09-03,S03,Completed
O006068,C00806,2024-11-19,S04,Completed
O006069,C00330,2024-06-08,S10,Completed
O006070,C00848,2025-12-06,S10,Completed
O006071,C00045,2025-09-13,S08,Returned
O006072,C00829,2024-03-06,S10,Completed
O006073,C00198,2024-09-10,S09,Cancelled
O006074,C00896,2024-10-09,S08,Completed
O006075,C00332,2024-02-29,S10,Completed
O006076,C00696,2024-04-27,S02,Completed
O006077,C00027,2025-02-26,S04,Completed
O006078,C01190,2025-07-09,S04,Completed
O006079,C00318,2025-12-22,S02,Completed
O006080,C00365,2024-02-05,S08,Completed
O006081,C01127,2025-06-14,S03,Completed
O006082,C00960,2024-03-31,S02,Completed
O006083,C00373,2024-10-27,S07,Completed
O006084,C00245,2025-12-24,S01,Cancelled
O006085,C01193,2024-08-04,S06,Completed
O006086,C00478,2024-04-07,S03,Completed
O006087,C00125,2025-03-31,S03,Completed
O006088,C00537,2025-06-14,S05,Completed
O006089,C00706,2025-06-21,S03,Returned
O006090,C00531,2024-01-28,S04,Completed
O006091,C00786,2025-07-29,S03,Completed
O006092,C00254,2024-11-19,S07,Completed
O006093,C00121,2024-08-10,S03,Returned
O006094,C01056,2024-03-20,S10,Completed
O006095,C00661,2025-07-16,S04,Completed
O006096,C01061,2025-04-02,S02,Completed
O006097,C01037,2025-09-05,S02,Returned
O006098,C00088,2024-06-24,S09,Returned
O006099,C00046,2025-06-05,S01,Completed
O006100,C01143,2025-04-01,S01,Completed
O006101,C00933,2025-02-26,S10,Completed
O006102,C00745,2024-04-09,S01,Completed
O006103,C00967,2025-02-06,S03,Completed
O006104,C00763,2025-07-29,S02,Completed
O006105,C00762,2025-01-14,S03,Completed
O006106,C00794,2025-06-14,S05,Completed
O006107,C00744,2024-11-27,S09,Completed
O006108,C01070,2024-11-13,S02,Completed
O006109,C00558,2025-10-14,S01,Completed
O006110,C00526,2025-06-20,S06,Completed
O006111,C00597,2024-03-29,S03,Completed
O006112,C00840,2025-08-26,S07,Completed
O006113,C00003,2025-05-25,S06,Completed
O006114,C01052,2024-02-11,S07,Cancelled
O006115,C00157,2025-01-23,S05,Completed
O006116,C00855,2024-03-21,S01,Completed
O006117,C00511,2025-02-05,S03,Completed
O006118,C00687,2024-04-16,S03,Cancelled
O006119,C01138,2024-04-20,S07,Completed
O006120,C00571,2024-10-03,S03,Completed
O006121,C00715,2024-08-01,S05,Completed
O006122,C00239,2025-05-20,S04,Returned
O006123,C00303,2024-04-30,S04,Completed
O006124,C00607,2024-05-13,S07,Completed
O006125,C00991,2025-12-20,S01,Cancelled
O006126,C00334,2025-01-05,S07,Completed
O006127,C00113,2024-09-13,S08,Completed
O006128,C00362,2025-11-27,S03,Completed
O006129,C00801,2024-06-28,S03,Completed
O006130,C00097,2024-02-17,S04,Completed
O006131,C00016,2025-08-21,S06,Completed
O006132,C00556,2024-01-19,S07,Completed
O006133,C00376,2024-02-15,S01,Completed
O006134,C00742,2025-03-26,S04,Completed
O006135,C00390,2024-02-25,S07,Completed
O006136,C00620,2025-10-18,S02,Completed
O006137,C00824,2024-04-01,S01,Completed
O006138,C00320,2024-03-22,S01,Completed
O006139,C00196,2024-03-19,S10,Cancelled
O006140,C00418,2025-10-23,S06,Completed
O006141,C00607,2024-10-09,S05,Completed
O006142,C00568,2024-11-06,S01,Completed
O006143,C00544,2024-06-08,S10,Cancelled
O006144,C00231,2024-11-11,S03,Completed
O006145,C00884,2025-10-29,S07,Completed
O006146,C00521,2024-06-04,S09,Completed
O006147,C00703,2025-12-14,S09,Completed
O006148,C00846,2025-04-12,S06,Cancelled
O006149,C00673,2025-04-06,S03,Completed
O006150,C00021,2024-04-26,S01,Completed
O006151,C00588,2025-10-27,S03,Completed
O006152,C00898,2024-12-29,S10,Completed
O006153,C00371,2025-09-22,S02,Completed
O006154,C00078,2025-12-11,S05,Returned
O006155,C00648,2025-04-10,S08,Completed
O006156,C00140,2024-07-02,S05,Completed
O006157,C00553,2025-10-21,S01,Completed
O006158,C00998,2024-06-14,S03,Completed
O006159,C00282,2024-03-15,S05,Completed
O006160,C00440,2024-09-28,S07,Completed
O006161,C00270,2025-11-21,S05,Completed
O006162,C01158,2025-05-17,S10,Completed
O006163,C00746,2025-07-16,S05,Completed
O006164,C00104,2025-08-09,S07,Cancelled
O006165,C00766,2025-10-17,S08,Completed
O006166,C00095,2024-12-08,S08,Completed
O006167,C00729,2025-11-30,S07,Completed
O006168,C00480,2025-09-26,S03,Completed
O006169,C00780,2024-09-07,S02,Completed
O006170,C00013,2024-05-09,S01,Cancelled
O006171,C01171,2024-12-23,S06,Completed
O006172,C00601,2025-11-22,S09,Cancelled
O006173,C00095,2025-02-11,S03,Completed
O006174,C00293,2025-05-09,S05,Completed
O006175,C00025,2025-09-13,S09,Cancelled
O006176,C01190,2025-04-26,S09,Completed
O006177,C00939,2024-03-18,S07,Completed
O006178,C00762,2025-05-28,S04,Completed
O006179,C01111,2024-11-16,S02,Completed
O006180,C00654,2024-10-16,S02,Completed
O006181,C00985,2024-10-23,S04,Completed
O006182,C00638,2025-11-11,S01,Completed
O006183,C00491,2025-04-19,S04,Completed
O006184,C01165,2024-01-23,S06,Completed
O006185,C01127,2024-06-20,S06,Returned
O006186,C00575,2024-11-13,S07,Completed
O006187,C00294,2024-07-11,S05,Completed
O006188,C00896,2025-11-11,S09,Completed
O006189,C00040,2024-04-27,S02,Completed
O006190,C00776,2024-01-06,S02,Completed
O006191,C00520,2025-04-27,S04,Completed
O006192,C00546,2024-05-11,S04,Completed
O006193,C00236,2024-04-02,S04,Returned
O006194,C00463,2025-06-05,S01,Completed
O006195,C00483,2025-07-16,S04,Completed
O006196,C00430,2024-10-20,S05,Completed
O006197,C01046,2025-10-02,S09,Completed
O006198,C00343,2025-01-26,S03,Completed
O006199,C01064,2024-09-05,S03,Completed
O006200,C01197,2025-09-05,S05,Completed
O006201,C00133,2025-08-17,S10,Completed
O006202,C00351,2025-12-03,S06,Completed
O006203,C00506,2025-02-20,S03,Completed
O006204,C00084,2024-05-22,S01,Completed
O006205,C00993,2024-08-24,S10,Completed
O006206,C00830,2024-10-13,S08,Completed
O006207,C00861,2024-10-03,S01,Cancelled
O006208,C00343,2025-01-21,S02,Returned
O006209,C00866,2025-01-16,S03,Completed
O006210,C01190,2025-03-25,S06,Completed
O006211,C00293,2024-10-17,S04,Completed
O006212,C01194,2024-06-17,S04,Completed
O006213,C00598,2025-03-18,S09,Completed
O006214,C00645,2025-10-17,S06,Completed
O006215,C00448,2024-07-02,S02,Completed
O006216,C00690,2024-02-14,S07,Completed
O006217,C01002,2024-09-24,S03,Completed
O006218,C00855,2025-04-20,S09,Completed
O006219,C00502,2024-09-09,S06,Completed
O006220,C00764,2025-01-30,S08,Completed
O006221,C00735,2024-10-15,S01,Completed
O006222,C00250,2024-07-30,S02,Completed
O006223,C00601,2025-11-19,S06,Completed
O006224,C00125,2024-01-21,S03,Completed
O006225,C00113,2024-11-11,S01,Completed
O006226,C00981,2025-07-17,S06,Completed
O006227,C01161,2025-03-13,S05,Completed
O006228,C00150,2025-02-26,S09,Completed
O006229,C00875,2024-08-20,S06,Completed
O006230,C00343,2024-05-02,S05,Completed
O006231,C00580,2025-09-03,S01,Completed
O006232,C00783,2024-08-01,S01,Completed
O006233,C00321,2025-10-08,S01,Completed
O006234,C00822,2025-12-30,S07,Completed
O006235,C00532,2025-08-22,S06,Completed
O006236,C00492,2024-02-09,S05,Completed
O006237,C00612,2024-11-27,S04,Cancelled
O006238,C00252,2025-10-09,S08,Cancelled
O006239,C01101,2024-06-30,S08,Completed
O006240,C00173,2024-09-21,S05,Completed
O006241,C00875,2025-11-24,S04,Completed
O006242,C00201,2025-06-16,S02,Returned
O006243,C00217,2025-03-07,S07,Completed
O006244,C00376,2024-07-14,S05,Completed
O006245,C00011,2025-12-24,S03,Completed
O006246,C01036,2025-05-23,S09,Completed
O006247,C00892,2025-03-22,S09,Completed
O006248,C00435,2025-06-11,S10,Completed
O006249,C00818,2024-07-20,S08,Completed
O006250,C00931,2025-12-30,S01,Completed
O006251,C00691,2025-08-27,S03,Cancelled
O006252,C01156,2024-05-12,S02,Completed
O006253,C00855,2024-05-18,S04,Completed
O006254,C00784,2025-10-30,S02,Completed
O006255,C00319,2025-05-07,S08,Completed
O006256,C00844,2024-03-10,S01,Completed
O006257,C00621,2024-01-15,S04,Completed
O006258,C00785,2024-07-30,S05,Returned
O006259,C01192,2024-02-29,S10,Completed
O006260,C00397,2024-09-08,S04,Completed
O006261,C01082,2025-03-21,S08,Completed
O006262,C00460,2024-01-02,S02,Completed
O006263,C00061,2024-12-01,S09,Completed
O006264,C00369,2024-01-19,S02,Completed
O006265,C01145,2025-07-14,S02,Completed
O006266,C00719,2024-03-18,S02,Completed
O006267,C00546,2025-04-16,S10,Completed
O006268,C01041,2024-01-28,S08,Returned
O006269,C00496,2025-07-13,S03,Completed
O006270,C00497,2025-08-30,S10,Completed
O006271,C00505,2024-06-13,S10,Completed
O006272,C00969,2025-04-02,S08,Cancelled
O006273,C01093,2024-06-24,S07,Completed
O006274,C00161,2025-08-07,S10,Completed
O006275,C00718,2024-01-29,S04,Completed
O006276,C01169,2025-10-30,S07,Completed
O006277,C00993,2024-10-05,S08,Completed
O006278,C00269,2024-10-09,S06,Completed
O006279,C00699,2025-04-23,S06,Completed
O006280,C00865,2025-06-02,S03,Completed
O006281,C00350,2024-10-31,S05,Completed
O006282,C00110,2025-11-24,S10,Completed
O006283,C00407,2024-04-18,S02,Completed
O006284,C00650,2024-11-19,S05,Completed
O006285,C00051,2024-07-24,S05,Completed
O006286,C01111,2024-08-21,S07,Completed
O006287,C01092,2025-04-02,S04,Completed
O006288,C00596,2024-07-05,S06,Completed
O006289,C00979,2025-04-26,S09,Completed
O006290,C01066,2025-02-10,S04,Completed
O006291,C00731,2025-05-23,S06,Completed
O006292,C00057,2025-06-03,S09,Returned
O006293,C00738,2024-02-22,S10,Completed
O006294,C00196,2025-02-01,S01,Completed
O006295,C01086,2024-07-17,S08,Completed
O006296,C00112,2025-01-25,S01,Completed
O006297,C00765,2025-10-10,S04,Completed
O006298,C00711,2025-05-12,S03,Completed
O006299,C00948,2024-06-20,S04,Completed
O006300,C00026,2024-03-26,S07,Completed
O006301,C00410,2025-07-11,S09,Completed
O006302,C00758,2024-07-04,S09,Completed
O006303,C00531,2024-06-04,S10,Completed
O006304,C01130,2025-05-07,S01,Completed
O006305,C00749,2025-06-04,S10,Completed
O006306,C00246,2025-09-18,S01,Completed
O006307,C01105,2025-10-27,S09,Completed
O006308,C00662,2024-05-09,S04,Completed
O006309,C00909,2024-03-21,S03,Completed
O006310,C00396,2025-01-18,S09,Completed
O006311,C00522,2025-10-20,S05,Completed
O006312,C00926,2024-10-21,S06,Completed
O006313,C00264,2024-09-25,S01,Completed
O006314,C00790,2025-10-06,S01,Completed
O006315,C00172,2025-07-15,S07,Completed
O006316,C00265,2025-06-18,S10,Completed
O006317,C01050,2025-01-12,S08,Completed
O006318,C00476,2025-01-10,S08,Completed
O006319,C00356,2024-03-28,S07,Completed
O006320,C01050,2025-09-15,S09,Completed
O006321,C00034,2024-04-20,S01,Completed
O006322,C00264,2025-08-06,S02,Completed
O006323,C01162,2024-06-02,S03,Completed
O006324,C00816,2025-04-07,S05,Completed
O006325,C00875,2025-07-22,S04,Completed
O006326,C00754,2024-06-04,S04,Completed
O006327,C00566,2025-09-16,S08,Completed
O006328,C00462,2024-11-13,S08,Completed
O006329,C01192,2025-07-12,S07,Completed
O006330,C00655,2024-08-25,S01,Cancelled
O006331,C00081,2024-11-29,S10,Completed
O006332,C00757,2024-04-15,S04,Completed
O006333,C00870,2025-04-26,S01,Completed
O006334,C01070,2025-11-29,S05,Completed
O006335,C00599,2025-11-01,S03,Completed
O006336,C00807,2025-12-10,S03,Completed
O006337,C01077,2025-01-16,S04,Completed
O006338,C00984,2025-11-19,S02,Completed
O006339,C00704,2024-09-17,S07,Completed
O006340,C00476,2024-10-19,S04,Completed
O006341,C00592,2024-11-30,S05,Completed
O006342,C00016,2025-10-16,S02,Completed
O006343,C00487,2025-12-09,S06,Completed
O006344,C00706,2025-04-20,S09,Completed
O006345,C01165,2024-08-12,S08,Completed
O006346,C00620,2025-07-08,S08,Completed
O006347,C01019,2025-03-29,S02,Completed
O006348,C00777,2025-10-24,S04,Completed
O006349,C00447,2024-10-22,S08,Completed
O006350,C00290,2025-07-28,S01,Cancelled
O006351,C00209,2025-10-03,S08,Completed
O006352,C00413,2025-04-07,S03,Completed
O006353,C00677,2024-08-01,S08,Completed
O006354,C00664,2025-08-07,S06,Completed
O006355,C00290,2025-09-07,S07,Completed
O006356,C00151,2024-06-06,S02,Cancelled
O006357,C00855,2024-09-28,S01,Completed
O006358,C00608,2024-08-25,S06,Completed
O006359,C00370,2024-10-29,S03,Completed
O006360,C00705,2025-10-31,S04,Completed
O006361,C00826,2025-09-12,S09,Completed
O006362,C01005,2025-06-04,S03,Completed
O006363,C00377,2024-11-16,S02,Completed
O006364,C00973,2024-02-28,S02,Completed
O006365,C00118,2024-12-23,S02,Completed
O006366,C01029,2025-12-04,S06,Completed
O006367,C00444,2025-10-09,S02,Completed
O006368,C00755,2024-09-07,S07,Completed
O006369,C00640,2025-03-11,S07,Completed
O006370,C00124,2024-05-25,S07,Completed
O006371,C00658,2024-12-17,S02,Completed
O006372,C00822,2025-07-23,S07,Completed
O006373,C00664,2025-11-19,S10,Completed
O006374,C00360,2024-09-01,S08,Completed
O006375,C00623,2025-07-13,S08,Completed
O006376,C01081,2024-10-27,S02,Completed
O006377,C00919,2025-03-13,S05,Completed
O006378,C01174,2024-04-09,S06,Completed
O006379,C00452,2025-12-25,S09,Completed
O006380,C01186,2025-04-24,S06,Completed
O006381,C00120,2025-02-18,S10,Completed
O006382,C00582,2024-06-13,S06,Completed
O006383,C00099,2025-09-29,S10,Returned
O006384,C01191,2024-10-28,S10,Completed
O006385,C00514,2024-04-30,S06,Completed
O006386,C00664,2024-03-28,S09,Completed
O006387,C00401,2024-08-04,S10,Completed
O006388,C00365,2025-07-26,S07,Completed
O006389,C00581,2024-06-27,S01,Completed
O006390,C00621,2025-12-02,S01,Completed
O006391,C00828,2024-06-11,S04,Completed
O006392,C00247,2025-08-15,S02,Returned
O006393,C00434,2024-06-18,S03,Completed
O006394,C01117,2024-10-27,S07,Completed
O006395,C00615,2025-01-08,S07,Completed
O006396,C00943,2025-12-08,S03,Completed
O006397,C00963,2024-07-21,S02,Completed
O006398,C00624,2024-02-16,S01,Completed
O006399,C00321,2025-04-07,S09,Completed
O006400,C00856,2025-10-31,S10,Completed
O006401,C00062,2025-02-11,S03,Completed
O006402,C00300,2024-07-12,S09,Completed
O006403,C00403,2025-03-02,S04,Completed
O006404,C00955,2024-11-12,S10,Completed
O006405,C00253,2025-04-23,S06,Completed
O006406,C00478,2025-02-24,S07,Completed
O006407,C00160,2024-09-25,S10,Completed
O006408,C00961,2025-04-25,S06,Completed
O006409,C01190,2025-12-11,S01,Completed
O006410,C00205,2024-09-19,S06,Returned
O006411,C01162,2025-03-01,S06,Completed
O006412,C00858,2024-06-14,S05,Completed
O006413,C00760,2025-11-22,S03,Completed
O006414,C00721,2025-03-03,S10,Completed
O006415,C01041,2025-12-04,S03,Returned
O006416,C00068,2025-01-31,S10,Completed
O006417,C00133,2024-08-03,S07,Completed
O006418,C00919,2024-04-16,S08,Completed
O006419,C00430,2024-04-07,S03,Completed
O006420,C00308,2025-04-26,S03,Completed
O006421,C00650,2025-05-13,S07,Completed
O006422,C01198,2024-08-17,S10,Completed
O006423,C00412,2024-09-13,S07,Completed
O006424,C00097,2024-02-12,S09,Cancelled
O006425,C01178,2024-08-29,S06,Completed
O006426,C01051,2025-07-07,S07,Completed
O006427,C01084,2024-04-04,S10,Completed
O006428,C00202,2024-07-06,S01,Completed
O006429,C00762,2025-01-19,S07,Completed
O006430,C00874,2025-02-03,S02,Completed
O006431,C00581,2025-05-20,S07,Completed
O006432,C00370,2024-06-15,S03,Completed
O006433,C00533,2024-05-04,S09,Completed
O006434,C01176,2025-11-03,S05,Cancelled
O006435,C01126,2024-03-27,S07,Completed
O006436,C00899,2025-05-03,S08,Cancelled
O006437,C00607,2024-08-13,S02,Cancelled
O006438,C00873,2025-10-18,S01,Cancelled
O006439,C01149,2024-12-10,S07,Completed
O006440,C00770,2025-06-01,S06,Completed
O006441,C00834,2024-01-31,S06,Cancelled
O006442,C00999,2025-12-09,S02,Completed
O006443,C00938,2024-10-22,S03,Completed
O006444,C00236,2025-02-17,S04,Completed
O006445,C00162,2024-05-14,S03,Completed
O006446,C00554,2025-06-08,S02,Completed
O006447,C00788,2024-01-04,S03,Completed
O006448,C01092,2024-06-26,S06,Completed
O006449,C01197,2024-09-15,S09,Completed
O006450,C00559,2025-10-13,S04,Completed
O006451,C00261,2024-03-05,S06,Completed
O006452,C00217,2024-12-28,S01,Completed
O006453,C01148,2025-12-17,S06,Completed
O006454,C00805,2024-01-17,S03,Completed
O006455,C01186,2024-07-18,S09,Completed
O006456,C00201,2025-06-27,S04,Completed
O006457,C00402,2024-07-30,S07,Completed
O006458,C00275,2025-03-10,S04,Completed
O006459,C00206,2024-09-29,S06,Completed
O006460,C01064,2024-10-16,S07,Completed
O006461,C00867,2025-04-27,S02,Returned
O006462,C00093,2024-08-21,S10,Completed
O006463,C01066,2025-02-11,S06,Completed
O006464,C00379,2025-11-24,S08,Completed
O006465,C01131,2024-05-25,S06,Completed
O006466,C00065,2025-07-15,S02,Returned
O006467,C00365,2025-03-05,S04,Completed
O006468,C00821,2025-03-07,S01,Completed
O006469,C01048,2025-09-06,S07,Completed
O006470,C00540,2025-06-28,S08,Completed
O006471,C01086,2025-05-11,S10,Completed
O006472,C00491,2024-03-29,S02,Completed
O006473,C00229,2025-02-14,S10,Completed
O006474,C01044,2024-08-28,S05,Completed
O006475,C00003,2024-08-10,S08,Completed
O006476,C00911,2025-10-26,S08,Completed
O006477,C00307,2025-04-12,S05,Completed
O006478,C00432,2025-07-22,S08,Completed
O006479,C00136,2024-11-17,S06,Completed
O006480,C00515,2025-01-09,S05,Completed
O006481,C00193,2024-04-21,S04,Completed
O006482,C00873,2025-06-10,S05,Completed
O006483,C01142,2025-02-15,S04,Completed
O006484,C00666,2024-09-25,S01,Completed
O006485,C00209,2025-09-17,S03,Completed
O006486,C00952,2024-09-08,S08,Completed
O006487,C01058,2025-01-08,S07,Completed
O006488,C00649,2025-10-15,S07,Completed
O006489,C00120,2025-09-17,S03,Completed
O006490,C00627,2025-03-25,S09,Completed
O006491,C00525,2025-06-20,S06,Completed
O006492,C00769,2025-01-02,S08,Completed
O006493,C01113,2024-09-11,S08,Completed
O006494,C00512,2025-04-07,S03,Completed
O006495,C00047,2024-09-24,S04,Completed
O006496,C00772,2024-05-05,S06,Completed
O006497,C00740,2025-01-27,S02,Completed
O006498,C00522,2024-11-29,S07,Completed
O006499,C00134,2025-07-18,S02,Completed
O006500,C00248,2025-01-02,S05,Completed
O000101,C00294,2024-05-07,S04,Cancelled
O001001,C00079,2024-10-10,S09,Completed
